Duration,StartDate,EndDate,CouldLearn_1,CouldLearn_2,CouldLearn_3,subjective_learning,confidence,turkid,condition,target
26,1/22/2025 20:05,1/22/2025 20:06,1,0,1,3.6666666666666665,2.5,67724687d85500e37b4e8f77,Increasing,valuation
47,1/22/2025 20:10,1/22/2025 20:11,0,1,0,3.3333333333333335,4,60df4ddc673cac54d4858b00,Decreasing,competitors
24,1/22/2025 20:12,1/22/2025 20:12,1,1,0,3.6666666666666665,3,65269c98d6fe44c6fc33119b,Decreasing,customers
53,1/22/2025 20:13,1/22/2025 20:14,0,0,0,3,3,5d64aefb85633f0019b045c4,Increasing,competitors
25,1/22/2025 20:15,1/22/2025 20:16,1,1,1,4,4.5,62ea20aa13d454052ce714e1,Increasing,valuation
32,1/22/2025 20:16,1/22/2025 20:17,-2,-2,-2,1,2,6025e8e1efd96422276221e8,Decreasing,competitors
51,1/22/2025 20:16,1/22/2025 20:17,0,2,1,4,4,6791193d97b07eaf91782de3,Decreasing,customers
17,1/22/2025 20:17,1/22/2025 20:17,1,1,1,4,3,66cdeb8a1b24ca4b3267616c,Increasing,customers
57,1/22/2025 20:17,1/22/2025 20:18,1,1,1,4,4,63165997f0ebb81673a043b6,Increasing,customers
40,1/22/2025 20:22,1/22/2025 20:23,1,0,0,3.3333333333333335,4,664d0d6c17b3bbd3502b2441,Increasing,customers
21,1/22/2025 20:28,1/22/2025 20:28,1,1,0,3.6666666666666665,4.5,66af85b892de45bd0fefaafa,Increasing,valuation
30,1/22/2025 20:31,1/22/2025 20:32,-2,-2,-2,1,1,5c5a000eb7edc10001a7ee16,Decreasing,customers
29,1/22/2025 20:34,1/22/2025 20:34,-1,-1,1,2.6666666666666665,3,5e93e2a7a5de13720dffc7f9,Decreasing,competitors
96,1/22/2025 20:47,1/22/2025 20:48,1,1,0,3.6666666666666665,2,6779cadff8dc4ddeecc54ce2,Increasing,customers
16,1/22/2025 21:00,1/22/2025 21:00,1,1,1,4,4,62a8f6b1a7a7e5eb492c0231,Decreasing,valuation
15,1/22/2025 21:00,1/22/2025 21:00,1,1,1,4,3.5,5eb5664ed480363fc850d1a6,Decreasing,customers
15,1/22/2025 21:00,1/22/2025 21:01,-2,-2,-2,1,1,654509bce930185adab23a1a,Increasing,valuation
22,1/22/2025 21:00,1/22/2025 21:01,-1,0,-2,2,3,5a7920bb5292b8000122899e,Decreasing,valuation
13,1/22/2025 21:01,1/22/2025 21:01,1,1,1,4,2,6733a359e46aab187adae122,Increasing,customers
21,1/22/2025 21:01,1/22/2025 21:02,-2,-2,-2,1,1,6659fdbefa66c9fbb5cfcdf9,Increasing,competitors
26,1/22/2025 21:01,1/22/2025 21:02,1,1,1,4,3,62dc2f45630616c5920dcb75,Decreasing,customers
20,1/22/2025 21:01,1/22/2025 21:02,1,1,1,4,4,66c5eba428243ee82ef2e306,Increasing,competitors
25,1/22/2025 21:01,1/22/2025 21:02,1,1,1,4,3,5c096cc8b57e9500015a18c2,Increasing,valuation
23,1/22/2025 21:02,1/22/2025 21:02,0,1,1,3.6666666666666665,4,5bb21a6ed14ec100019840fb,Decreasing,valuation
20,1/22/2025 21:02,1/22/2025 21:02,-1,-1,-1,2,3,5e6482c9142c3c204d56baa0,Decreasing,competitors
33,1/22/2025 21:01,1/22/2025 21:02,1,1,1,4,3.5,5deebd169b8f245615d59507,Decreasing,customers
12,1/22/2025 21:02,1/22/2025 21:02,2,1,1,4.333333333333333,3,63d13e9a41e1c279a151bd4b,Decreasing,valuation
36,1/22/2025 21:02,1/22/2025 21:02,-2,-1,-1,1.6666666666666667,3,63d7f7f1b4861d0716ca8a39,Decreasing,customers
22,1/22/2025 21:02,1/22/2025 21:02,2,2,1,4.666666666666667,4,674980be4b9483e93cf9d52c,Decreasing,competitors
17,1/22/2025 21:02,1/22/2025 21:02,-1,-2,-1,1.6666666666666667,4,542c323bfdf99b324ea3808d,Decreasing,competitors
21,1/22/2025 21:02,1/22/2025 21:03,1,1,1,4,3,66465704f0921cfc20ba6e57,Increasing,competitors
33,1/22/2025 21:02,1/22/2025 21:03,1,0,1,3.6666666666666665,3.5,678ff51cb6c41d0df1951f2d,Increasing,valuation
22,1/22/2025 21:02,1/22/2025 21:03,0,1,0,3.3333333333333335,3,5b804844b26db50001a16efb,Increasing,customers
25,1/22/2025 21:02,1/22/2025 21:03,1,1,1,4,3.5,6148cf0229eaa9c434466c8b,Decreasing,valuation
34,1/22/2025 21:02,1/22/2025 21:03,0,0,0,3,2.5,66847cc7c67232fae11af5b3,Decreasing,competitors
23,1/22/2025 21:02,1/22/2025 21:03,1,1,1,4,3.5,568e3e02e3ef9e000ca13b18,Increasing,valuation
21,1/22/2025 21:03,1/22/2025 21:03,1,1,1,4,3.5,66598ef5a0fbfdd172f5b7c8,Decreasing,valuation
39,1/22/2025 21:02,1/22/2025 21:03,2,2,2,5,2.5,6364c680c75f0a035ba3abff,Increasing,competitors
20,1/22/2025 21:03,1/22/2025 21:03,1,1,1,4,4,5b9dd07de671c60001226b79,Increasing,valuation
24,1/22/2025 21:03,1/22/2025 21:03,0,-1,-1,2.3333333333333335,3,67164c92298409e37c670b3d,Decreasing,customers
26,1/22/2025 21:03,1/22/2025 21:04,1,1,1,4,3,6786e35f1f8123ca1dde2f09,Increasing,customers
32,1/22/2025 21:03,1/22/2025 21:04,-1,-1,-1,2,2,5820426d6bf1b000019300b9,Increasing,customers
26,1/22/2025 21:03,1/22/2025 21:04,1,0,1,3.6666666666666665,3.5,67696386a86e95c57231feb6,Increasing,customers
25,1/22/2025 21:03,1/22/2025 21:04,1,1,1,4,3,5e94aaa6dd28ad0812ff44e3,Increasing,valuation
30,1/22/2025 21:03,1/22/2025 21:04,1,1,1,4,4,62af249afb097548217628b4,Increasing,valuation
38,1/22/2025 21:03,1/22/2025 21:04,-1,-1,-1,2,3.5,6616a88a6917e282bb4b66c4,Decreasing,customers
17,1/22/2025 21:03,1/22/2025 21:04,-1,-2,-2,1.3333333333333333,3,6741f03b36d9ab0c63ae08d0,Increasing,competitors
55,1/22/2025 21:03,1/22/2025 21:04,2,1,1,4.333333333333333,3,5b6eca3c885b0b0001bb0b58,Increasing,valuation
19,1/22/2025 21:03,1/22/2025 21:04,1,1,1,4,4.5,5dcc5fee28e3148e8009491e,Increasing,customers
26,1/22/2025 21:03,1/22/2025 21:04,1,0,1,3.6666666666666665,4,674a0461b10836f07aa6d857,Increasing,competitors
31,1/22/2025 21:03,1/22/2025 21:04,2,2,2,5,3,5c92017dc719fc00017df090,Increasing,customers
38,1/22/2025 21:03,1/22/2025 21:04,1,0,0,3.3333333333333335,3,613a445d7e504064833d1c1b,Increasing,competitors
28,1/22/2025 21:03,1/22/2025 21:04,0,0,1,3.3333333333333335,3.5,603b6d6bbabbb5825dfc069d,Decreasing,customers
33,1/22/2025 21:03,1/22/2025 21:04,1,1,1,4,3.5,63d96d5957cdd8a417721253,Increasing,competitors
22,1/22/2025 21:04,1/22/2025 21:04,1,1,1,4,3,5f23f85081070f035e65bc81,Decreasing,competitors
19,1/22/2025 21:04,1/22/2025 21:04,1,1,1,4,3,5f48e9e36d9c7b3b69c5ed4f,Increasing,competitors
31,1/22/2025 21:04,1/22/2025 21:04,1,0,1,3.6666666666666665,3.5,610870aa97768306c1c5274f,Increasing,valuation
41,1/22/2025 21:03,1/22/2025 21:04,-1,1,-1,2.6666666666666665,3.5,5f0dade2f86a0b0382e8878d,Decreasing,valuation
20,1/22/2025 21:04,1/22/2025 21:04,-2,-2,-2,1,2.5,63626a68cf44b4184483c8e8,Decreasing,competitors
19,1/22/2025 21:04,1/22/2025 21:04,1,1,1,4,3,660dd208b357a712a8cfb771,Increasing,valuation
32,1/22/2025 21:04,1/22/2025 21:04,-1,-1,-1,2,4,56f699e876348f000c883bba,Decreasing,valuation
48,1/22/2025 21:04,1/22/2025 21:04,0,0,1,3.3333333333333335,2.5,678a2893e4ac7939d14b9a05,Increasing,customers
32,1/22/2025 21:04,1/22/2025 21:04,2,2,2,5,3,5e87f04ee2eb064687c7f8cb,Increasing,competitors
18,1/22/2025 21:04,1/22/2025 21:04,1,1,1,4,3,6743cb4680033fc64a0815e6,Increasing,customers
54,1/22/2025 21:04,1/22/2025 21:04,0,0,0,3,3,67278ff68dd7277ce2b2da65,Decreasing,valuation
65,1/22/2025 21:03,1/22/2025 21:04,1,1,1,4,3.5,60fd195d53353279bd0450e4,Increasing,competitors
23,1/22/2025 21:04,1/22/2025 21:04,0,-1,-1,2.3333333333333335,3,5e2881eaa9af590560d04047,Increasing,customers
19,1/22/2025 21:04,1/22/2025 21:05,2,2,1,4.666666666666667,3,65e33239b5fa3ca93950aa67,Decreasing,competitors
29,1/22/2025 21:04,1/22/2025 21:05,1,1,1,4,5,6790fdd894f8d92d7835134c,Increasing,valuation
45,1/22/2025 21:04,1/22/2025 21:05,1,1,1,4,4,66d319143d677cce572ef69e,Increasing,customers
27,1/22/2025 21:04,1/22/2025 21:05,-2,-1,-2,1.3333333333333333,2,6307c0f6e3554b54f339fb43,Increasing,customers
32,1/22/2025 21:04,1/22/2025 21:05,-2,-2,-2,1,3.5,65bfbcfe58e4443614db3717,Decreasing,competitors
20,1/22/2025 21:04,1/22/2025 21:05,1,1,1,4,3,6014a188aaa96052108eb1ed,Increasing,valuation
19,1/22/2025 21:04,1/22/2025 21:05,1,1,2,4.333333333333333,2.5,65cb5a3ca891e8c49578aec4,Increasing,competitors
51,1/22/2025 21:04,1/22/2025 21:05,2,2,2,5,3.5,66ed2e77d677371861659d4f,Increasing,valuation
49,1/22/2025 21:04,1/22/2025 21:05,-1,1,-1,2.6666666666666665,3,6721223f5043128958f50fc5,Decreasing,competitors
45,1/22/2025 21:04,1/22/2025 21:05,-2,-1,-1,1.6666666666666667,4,60fd2c4ae821880b181c8eed,Increasing,competitors
39,1/22/2025 21:04,1/22/2025 21:05,2,1,1,4.333333333333333,5,66a5369a86bcde8376e02011,Increasing,valuation
25,1/22/2025 21:04,1/22/2025 21:05,1,1,1,4,4.5,671c102c7e10006dcb5884f3,Increasing,customers
32,1/22/2025 21:04,1/22/2025 21:05,1,2,1,4.333333333333333,4,5967e9a831394d0001abdb3f,Increasing,competitors
36,1/22/2025 21:04,1/22/2025 21:05,1,-1,1,3.3333333333333335,3.5,610ab785360bcd633fb5b0d6,Decreasing,valuation
32,1/22/2025 21:04,1/22/2025 21:05,-1,0,-1,2.3333333333333335,3.5,5b7467ea50075a0001107043,Increasing,competitors
26,1/22/2025 21:05,1/22/2025 21:05,1,1,1,4,4,6278856ed61afb01f6e4d0ac,Increasing,customers
33,1/22/2025 21:04,1/22/2025 21:05,-1,-1,-1,2,3.5,5cd4c009eca5b300160247e2,Decreasing,customers
29,1/22/2025 21:05,1/22/2025 21:05,1,1,1,4,3,6757a6eca9e9d0e9273ec9a1,Decreasing,customers
17,1/22/2025 21:05,1/22/2025 21:05,2,1,1,4.333333333333333,5,678fb14f7ed313196df790d6,Increasing,competitors
42,1/22/2025 21:04,1/22/2025 21:05,-1,-1,-1,2,3.5,67254860905044fc780e0a8c,Decreasing,competitors
39,1/22/2025 21:04,1/22/2025 21:05,1,0,0,3.3333333333333335,3,6769ca30dda9131a6c8a92cb,Increasing,customers
37,1/22/2025 21:04,1/22/2025 21:05,-2,-1,-1,1.6666666666666667,3,670aec495e6ccc7bdc9059a9,Decreasing,valuation
27,1/22/2025 21:05,1/22/2025 21:05,1,1,1,4,4,669fdf35b877ffb7641b412e,Decreasing,valuation
34,1/22/2025 21:05,1/22/2025 21:05,1,0,0,3.3333333333333335,3.5,65afcdd47e309167396b9506,Increasing,competitors
31,1/22/2025 21:05,1/22/2025 21:05,1,1,0,3.6666666666666665,3.5,6759fabcb4e395fc55b11b52,Increasing,competitors
50,1/22/2025 21:04,1/22/2025 21:05,1,1,1,4,3,664f8b82befb70ab3ce022b7,Decreasing,competitors
17,1/22/2025 21:05,1/22/2025 21:05,1,1,1,4,3.5,676ff7655666e1ce7811dc8e,Increasing,customers
51,1/22/2025 21:04,1/22/2025 21:05,1,1,1,4,3.5,672b621218f9b2da227f8e24,Increasing,competitors
39,1/22/2025 21:05,1/22/2025 21:05,0,1,0,3.3333333333333335,3,6627217e51fd5a535b22707f,Decreasing,valuation
27,1/22/2025 21:05,1/22/2025 21:05,-2,-2,-2,1,1,6149256f6335b06ade3723e0,Decreasing,competitors
50,1/22/2025 21:05,1/22/2025 21:05,1,1,0,3.6666666666666665,4,678a8b4e0c1f3d33ecd84f4a,Increasing,valuation
44,1/22/2025 21:05,1/22/2025 21:06,1,0,0,3.3333333333333335,3,66a90e7caa371f25183bdce2,Decreasing,competitors
76,1/22/2025 21:04,1/22/2025 21:06,0,1,0,3.3333333333333335,2.5,664f9fe745392e574c5c57c3,Decreasing,valuation
46,1/22/2025 21:05,1/22/2025 21:06,1,1,1,4,4,678f4ce35a17ad5de75b9a4e,Increasing,valuation
22,1/22/2025 21:05,1/22/2025 21:06,1,0,1,3.6666666666666665,2.5,631b32b0796f2941b55e7d58,Increasing,valuation
38,1/22/2025 21:05,1/22/2025 21:06,1,2,1,4.333333333333333,3.5,67838ec80953f263bee8f996,Decreasing,valuation
21,1/22/2025 21:05,1/22/2025 21:06,1,1,1,4,4.5,63d13c51b221bd175bb2e3db,Increasing,customers
24,1/22/2025 21:05,1/22/2025 21:06,-1,1,-1,2.6666666666666665,3.5,5dcee6c390fc85034dc528b6,Increasing,competitors
31,1/22/2025 21:05,1/22/2025 21:06,1,0,1,3.6666666666666665,3,664d1107d043cfab334a70d3,Increasing,valuation
45,1/22/2025 21:05,1/22/2025 21:06,1,1,1,4,4,6632e071e2e57b03393dda7a,Increasing,customers
48,1/22/2025 21:05,1/22/2025 21:06,1,1,1,4,4,5ce6525a185715001708c627,Increasing,customers
31,1/22/2025 21:05,1/22/2025 21:06,-2,-2,-2,1,3,58f89d1cedf274000143eb4e,Decreasing,competitors
22,1/22/2025 21:05,1/22/2025 21:06,1,0,0,3.3333333333333335,3,5ea25b82a46065174c689daa,Decreasing,customers
60,1/22/2025 21:05,1/22/2025 21:06,-1,-2,-2,1.3333333333333333,1,5f974c72a0ed8c0f9ce724ea,Increasing,customers
21,1/22/2025 21:05,1/22/2025 21:06,1,1,2,4.333333333333333,5,61362316891827226628509d,Decreasing,valuation
41,1/22/2025 21:05,1/22/2025 21:06,1,1,0,3.6666666666666665,3.5,676837c5a3b9c55490b7c2b5,Decreasing,valuation
39,1/22/2025 21:05,1/22/2025 21:06,-2,-2,-2,1,1.5,65f0f44f1cae5992a2cc2c8b,Decreasing,valuation
32,1/22/2025 21:05,1/22/2025 21:06,-2,-1,-2,1.3333333333333333,3.5,638df25c28a73c52e405ef95,Decreasing,customers
31,1/22/2025 21:05,1/22/2025 21:06,-1,-1,-1,2,2.5,66d9e4db1302146411fd78d0,Decreasing,customers
32,1/22/2025 21:05,1/22/2025 21:06,1,1,0,3.6666666666666665,3.5,66e19fa128b8c6c24ce91dce,Increasing,competitors
17,1/22/2025 21:06,1/22/2025 21:06,-2,-2,-2,1,2.5,5f74f5230b907e1577eb3507,Decreasing,customers
29,1/22/2025 21:06,1/22/2025 21:06,-1,-1,-1,2,3,5ced7e9f3cad8c00179175af,Decreasing,valuation
87,1/22/2025 21:05,1/22/2025 21:06,1,1,2,4.333333333333333,3.5,677f3491cd1e457e80bd7f22,Decreasing,competitors
33,1/22/2025 21:06,1/22/2025 21:06,2,2,2,5,5,5e5012ec47808406305d6a0d,Increasing,customers
30,1/22/2025 21:06,1/22/2025 21:06,-1,0,-1,2.3333333333333335,3.5,6659f61745db8e16a43bd54d,Increasing,customers
27,1/22/2025 21:06,1/22/2025 21:06,1,0,1,3.6666666666666665,4,5f514593ea1e87365b9cb05f,Decreasing,competitors
24,1/22/2025 21:06,1/22/2025 21:06,-1,-1,-1,2,4.5,62e29557ed1b3a918b95cb30,Increasing,valuation
48,1/22/2025 21:06,1/22/2025 21:06,1,0,1,3.6666666666666665,3,63d4409d5b0e57d3d3a3819d,Increasing,valuation
38,1/22/2025 21:06,1/22/2025 21:06,2,1,1,4.333333333333333,5,677c338fd8643496e0b8c3b7,Decreasing,customers
35,1/22/2025 21:06,1/22/2025 21:06,0,0,0,3,3.5,5c0c3112594d92000167bdcd,Decreasing,customers
37,1/22/2025 21:06,1/22/2025 21:07,-1,-1,-1,2,2.5,5fda057989ec4c35a700f69f,Decreasing,valuation
63,1/22/2025 21:06,1/22/2025 21:07,2,2,2,5,3,6694137cfb0ada0cb10c9866,Increasing,customers
49,1/22/2025 21:06,1/22/2025 21:07,0,0,0,3,3,5d7fd2a5987f70001602d95b,Decreasing,customers
19,1/22/2025 21:06,1/22/2025 21:07,1,0,1,3.6666666666666665,3,671e8a3a2b1dfbdeaf843986,Increasing,customers
51,1/22/2025 21:06,1/22/2025 21:07,1,0,1,3.6666666666666665,2.5,678a03d58eed6e998bd1ac4a,Decreasing,customers
31,1/22/2025 21:06,1/22/2025 21:07,-2,-2,-2,1,3,5ba4057af0741400010637b9,Decreasing,competitors
32,1/22/2025 21:06,1/22/2025 21:07,1,0,1,3.6666666666666665,3,6652177d69df798e71da8ff2,Increasing,competitors
45,1/22/2025 21:06,1/22/2025 21:07,1,1,1,4,2,5cdd4befd3651c001950e539,Decreasing,competitors
29,1/22/2025 21:06,1/22/2025 21:07,2,2,2,5,2,678f6ea6d36e319e9916ccdf,Increasing,competitors
30,1/22/2025 21:06,1/22/2025 21:07,-1,-1,-2,1.6666666666666667,3.5,62fc1e43ac7f83d378556037,Decreasing,competitors
48,1/22/2025 21:06,1/22/2025 21:07,-1,0,-1,2.3333333333333335,2,593081fc5f170a00014358f4,Decreasing,competitors
22,1/22/2025 21:06,1/22/2025 21:07,-1,-1,-1,2,1,6318ed962c89e72710559631,Decreasing,competitors
55,1/22/2025 21:06,1/22/2025 21:07,0,-1,-1,2.3333333333333335,3,5ec0ba1bfa01894cceaa1b8e,Increasing,competitors
50,1/22/2025 21:06,1/22/2025 21:07,1,0,-1,3,3.5,6548fa2b56bce5202d5652ad,Decreasing,customers
43,1/22/2025 21:06,1/22/2025 21:07,1,1,1,4,4.5,5f7b3e3d831aa60b4c16d6d7,Increasing,valuation
15,1/22/2025 21:07,1/22/2025 21:07,1,1,1,4,4,678f70f4c5ad8c10bea0df80,Decreasing,competitors
38,1/22/2025 21:06,1/22/2025 21:07,1,0,0,3.3333333333333335,4,6708da9c62672d0fe65b6683,Decreasing,valuation
47,1/22/2025 21:06,1/22/2025 21:07,1,1,1,4,4,6659beb07a900f403259c2d9,Decreasing,competitors
33,1/22/2025 21:06,1/22/2025 21:07,1,2,2,4.666666666666667,2.5,6763ac3ea0980f39cc6b28f7,Increasing,competitors
31,1/22/2025 21:07,1/22/2025 21:07,1,1,1,4,3,5cae6a77b38ea60016e54889,Increasing,valuation
80,1/22/2025 21:06,1/22/2025 21:07,-2,2,-2,2.3333333333333335,3.5,5b07e80e9d397e0001919fba,Increasing,customers
23,1/22/2025 21:07,1/22/2025 21:07,0,-1,-1,2.3333333333333335,1.5,64016b31c3a34648748168d1,Increasing,valuation
20,1/22/2025 21:07,1/22/2025 21:07,-2,-2,-2,1,2,5c5b4e360f2bab0001f01ffa,Decreasing,competitors
34,1/22/2025 21:07,1/22/2025 21:07,1,2,0,4,4.5,6783aa040b8dc64051e96fda,Decreasing,competitors
46,1/22/2025 21:06,1/22/2025 21:07,1,1,0,3.6666666666666665,3.5,677bac0927b3d530e2192d37,Decreasing,customers
130,1/22/2025 21:05,1/22/2025 21:07,-1,-1,-1,2,2,608aede3203836ab453453a0,Decreasing,competitors
57,1/22/2025 21:06,1/22/2025 21:07,1,-1,-1,2.6666666666666665,4,5f2ea9c0a638c92312e4ae5c,Decreasing,valuation
34,1/22/2025 21:07,1/22/2025 21:07,1,1,0,3.6666666666666665,4,678fbef5eb9af90690018075,Decreasing,competitors
35,1/22/2025 21:07,1/22/2025 21:07,2,1,2,4.666666666666667,4.5,6282c37f7341c46d63a3ae94,Increasing,valuation
57,1/22/2025 21:07,1/22/2025 21:07,1,0,0,3.3333333333333335,2.5,5ca102f57114700016da340d,Decreasing,competitors
49,1/22/2025 21:07,1/22/2025 21:07,1,1,1,4,3.5,58954e2dc88c680001dd4b7e,Increasing,customers
60,1/22/2025 21:06,1/22/2025 21:08,1,1,1,4,3,65bba50f57f05c7489082a7e,Increasing,valuation
23,1/22/2025 21:07,1/22/2025 21:08,0,0,0,3,3,671e8a1e55becb8595564b4d,Decreasing,valuation
46,1/22/2025 21:07,1/22/2025 21:08,-1,-1,-1,2,1,668d08202c64c06fc4c0fbd6,Increasing,valuation
42,1/22/2025 21:07,1/22/2025 21:08,-2,-1,-2,1.3333333333333333,2.5,54f844c0fdf99b2bd032e149,Increasing,valuation
34,1/22/2025 21:07,1/22/2025 21:08,1,1,1,4,3,6789942e79cb0a9de4c9a317,Increasing,competitors
66,1/22/2025 21:07,1/22/2025 21:08,1,1,1,4,4,6672d8e448c47131ea7bae78,Decreasing,customers
25,1/22/2025 21:07,1/22/2025 21:08,1,1,1,4,5,5cf6e4aae289a80019b6e032,Increasing,valuation
28,1/22/2025 21:07,1/22/2025 21:08,1,1,1,4,4,673768a283f44d1350cd9bd5,Increasing,customers
36,1/22/2025 21:07,1/22/2025 21:08,1,1,0,3.6666666666666665,4,65772f73dffc4bd50cc5dada,Increasing,customers
23,1/22/2025 21:08,1/22/2025 21:08,2,1,1,4.333333333333333,4,67683d2ef4617ea5d90b7539,Increasing,valuation
32,1/22/2025 21:07,1/22/2025 21:08,1,1,1,4,2.5,675f5deebe43cb1972881ce8,Increasing,customers
43,1/22/2025 21:07,1/22/2025 21:08,1,1,1,4,3.5,675ade2455859022202a3688,Decreasing,valuation
45,1/22/2025 21:07,1/22/2025 21:08,-2,-1,-1,1.6666666666666667,1,55cf7e8b34e906000ee56498,Decreasing,customers
19,1/22/2025 21:08,1/22/2025 21:08,-2,-2,-2,1,4,665238fa649b5bb421a8451c,Decreasing,customers
63,1/22/2025 21:07,1/22/2025 21:08,2,1,2,4.666666666666667,3,678c01b6b2da6239b3f5521c,Decreasing,customers
44,1/22/2025 21:07,1/22/2025 21:08,-2,-2,-2,1,3,62e3f7b224ec70641fd86b7b,Decreasing,customers
52,1/22/2025 21:07,1/22/2025 21:08,-2,-1,-1,1.6666666666666667,3,5e6687c2666c4a40886ebc43,Decreasing,customers
27,1/22/2025 21:08,1/22/2025 21:08,1,1,1,4,5,678e69996debb07354f037ed,Increasing,valuation
37,1/22/2025 21:08,1/22/2025 21:08,1,1,1,4,3,6736cd9a54b7adfcf6cceb0a,Increasing,competitors
47,1/22/2025 21:07,1/22/2025 21:08,-1,-1,-1,2,1.5,6110b901d3037af4edb435c5,Increasing,competitors
39,1/22/2025 21:08,1/22/2025 21:08,1,0,0,3.3333333333333335,3.5,572bac993437df0008444fba,Increasing,valuation
36,1/22/2025 21:08,1/22/2025 21:08,2,2,2,5,3,67448c09bf370ccdb1d31733,Increasing,competitors
71,1/22/2025 21:07,1/22/2025 21:08,2,2,2,5,3,676d6f4824ef799610ccdb5e,Increasing,competitors
14,1/22/2025 21:08,1/22/2025 21:08,1,1,1,4,3.5,66a1fc85343b3affee39f729,Increasing,competitors
21,1/22/2025 21:08,1/22/2025 21:08,-1,0,0,2.6666666666666665,3,5815369b94ecc900010b014e,Decreasing,customers
18,1/22/2025 21:08,1/22/2025 21:09,1,0,-1,3,3,62b38331e0ef38710a5b0c78,Decreasing,competitors
47,1/22/2025 21:08,1/22/2025 21:09,0,0,0,3,4.5,66a7d333f80136463207c16b,Increasing,customers
34,1/22/2025 21:08,1/22/2025 21:09,1,2,1,4.333333333333333,2.5,6658d06ebb57e6360147fbd6,Decreasing,competitors
19,1/22/2025 21:08,1/22/2025 21:09,2,1,2,4.666666666666667,4.5,6728c777ac5debe12695fae7,Increasing,competitors
53,1/22/2025 21:08,1/22/2025 21:09,0,1,0,3.3333333333333335,2.5,677291c23aa68a4bf2fa14a0,Increasing,valuation
81,1/22/2025 21:07,1/22/2025 21:09,-1,-1,1,2.6666666666666665,3,67425ff05a1e573622ade37a,Decreasing,customers
68,1/22/2025 21:08,1/22/2025 21:09,-2,0,-2,1.6666666666666667,4,674587b5e9524180a1cb7151,Decreasing,valuation
61,1/22/2025 21:08,1/22/2025 21:09,1,1,0,3.6666666666666665,3,676dee2a5a4a590c1fdd6139,Increasing,customers
43,1/22/2025 21:08,1/22/2025 21:09,2,2,2,5,4,5e7fa0e918b10804bb87eb63,Increasing,valuation
20,1/22/2025 21:09,1/22/2025 21:09,2,2,2,5,3.5,6362933cc15f7c71629efee1,Increasing,competitors
46,1/22/2025 21:08,1/22/2025 21:09,1,1,1,4,3,65de30b34b701c678a13c75b,Increasing,competitors
29,1/22/2025 21:09,1/22/2025 21:09,1,-1,-1,2.6666666666666665,3,5d88f2f8cefb52001a83f1b2,Decreasing,customers
42,1/22/2025 21:09,1/22/2025 21:09,1,1,1,4,4,678f931fca7b7c0c440338c6,Increasing,valuation
79,1/22/2025 21:08,1/22/2025 21:10,-1,-2,-2,1.3333333333333333,2,5e792ec8adefaa4e8c5a72bc,Decreasing,customers
27,1/22/2025 21:09,1/22/2025 21:10,1,2,1,4.333333333333333,3.5,671cffd7571b813cbce0c17d,Decreasing,customers
27,1/22/2025 21:09,1/22/2025 21:10,1,1,1,4,4,644bdfbf6078442ff277a4bb,Increasing,valuation
51,1/22/2025 21:09,1/22/2025 21:10,0,1,1,3.6666666666666665,3,5c5cad876d0fe50001f0390c,Increasing,customers
41,1/22/2025 21:09,1/22/2025 21:10,-2,-2,-2,1,3.5,66ba0a36f72be4a1de5f2e38,Increasing,valuation
31,1/22/2025 21:09,1/22/2025 21:10,1,1,1,4,1.5,5f540fc665e3b6148c04f10e,Increasing,customers
58,1/22/2025 21:09,1/22/2025 21:10,2,2,1,4.666666666666667,4,671ca9bc636291c06f043d7f,Decreasing,valuation
41,1/22/2025 21:09,1/22/2025 21:10,2,2,2,5,4.5,673f6ffebce20832346325de,Increasing,customers
40,1/22/2025 21:09,1/22/2025 21:10,-1,-1,-1,2,2.5,668d854cab7b089e4d618526,Decreasing,competitors
33,1/22/2025 21:09,1/22/2025 21:10,0,0,0,3,3.5,66f1c7f19e5bb2ff5ceaf99e,Decreasing,competitors
12,1/22/2025 21:10,1/22/2025 21:10,1,-1,1,3.3333333333333335,2,66904bbd1eb9bb790b9b0f6f,Decreasing,customers
59,1/22/2025 21:09,1/22/2025 21:10,2,2,2,5,4,678ec5c7326b4854e4b58b05,Decreasing,customers
132,1/22/2025 21:08,1/22/2025 21:10,0,1,1,3.6666666666666665,3,5c44b3fe1bbffd0001014286,Decreasing,competitors
48,1/22/2025 21:10,1/22/2025 21:11,-1,-1,-1,2,3.5,5bb0e35556161d0001feccdc,Increasing,valuation
18,1/22/2025 21:10,1/22/2025 21:11,1,1,1,4,4,6784652589e3f78e0e08d5b1,Decreasing,competitors
45,1/22/2025 21:10,1/22/2025 21:11,-2,-2,-2,1,2.5,6782b60a292180f358dd8c0b,Decreasing,customers
88,1/22/2025 21:09,1/22/2025 21:11,2,2,2,5,4.5,677839ffddee87c96149eef0,Decreasing,competitors
81,1/22/2025 21:09,1/22/2025 21:11,2,2,1,4.666666666666667,4.5,672804c3e58317a7bbf092ed,Decreasing,competitors
33,1/22/2025 21:10,1/22/2025 21:11,0,0,0,3,3,63b5aa16123c924d9f4c4f76,Decreasing,customers
74,1/22/2025 21:10,1/22/2025 21:11,2,2,1,4.666666666666667,4,67813a5be14f45bd0761bc2c,Decreasing,competitors
24,1/22/2025 21:10,1/22/2025 21:11,1,1,1,4,4.5,5bbc3d95f1f9ba000141d855,Increasing,competitors
26,1/22/2025 21:10,1/22/2025 21:11,0,0,0,3,1,5efb8358f81cbe0f08950fe4,Increasing,valuation
62,1/22/2025 21:10,1/22/2025 21:11,0,1,0,3.3333333333333335,5,673789bed0ce05cea7ae8a9f,Decreasing,competitors
82,1/22/2025 21:09,1/22/2025 21:11,1,1,1,4,3.5,672813ba215d826236f3e22d,Increasing,competitors
49,1/22/2025 21:10,1/22/2025 21:11,0,-1,-1,2.3333333333333335,2.5,67465273494c2b78202fb189,Decreasing,customers
35,1/22/2025 21:10,1/22/2025 21:11,-1,-1,-1,2,4,67163908d163cdb3d7a8012a,Decreasing,valuation
43,1/22/2025 21:10,1/22/2025 21:11,2,2,1,4.666666666666667,2.5,678ea9dd77503f48aa28ef57,Increasing,customers
69,1/22/2025 21:10,1/22/2025 21:11,-1,-1,-1,2,2.5,5ce1f31a27efac0018821eed,Decreasing,competitors
22,1/22/2025 21:11,1/22/2025 21:11,1,1,1,4,4,5d13d6a2d4888600182efdd6,Increasing,competitors
26,1/22/2025 21:11,1/22/2025 21:11,0,0,-1,2.6666666666666665,3.5,6087dd9f8bd2ba7a4217314f,Decreasing,customers
68,1/22/2025 21:10,1/22/2025 21:11,2,1,1,4.333333333333333,3.5,6712e4c59d25bbcc52736da8,Decreasing,valuation
39,1/22/2025 21:11,1/22/2025 21:11,0,1,1,3.6666666666666665,4,5bec8053b6b5ab00017c7349,Decreasing,customers
99,1/22/2025 21:10,1/22/2025 21:12,0,-1,1,3,3.5,675ae23f81fa47092ed82ec0,Decreasing,valuation
97,1/22/2025 21:10,1/22/2025 21:12,1,1,1,4,3,66f2af1a92b699dab88d33ed,Increasing,customers
31,1/22/2025 21:11,1/22/2025 21:12,1,1,2,4.333333333333333,3,67728d6d222652b55720aa06,Decreasing,valuation
44,1/22/2025 21:11,1/22/2025 21:12,-2,-2,-2,1,1,6613eaa8e44e25e801f85215,Decreasing,customers
37,1/22/2025 21:11,1/22/2025 21:12,-1,-1,-1,2,3,5ceb685da7afdc00166f8391,Decreasing,competitors
75,1/22/2025 21:11,1/22/2025 21:12,1,1,1,4,3.5,678e95cd0223979c8b1ae696,Increasing,competitors
127,1/22/2025 21:10,1/22/2025 21:12,1,0,1,3.6666666666666665,4,6763061fb2cc65ed6ff52b98,Increasing,valuation
63,1/22/2025 21:11,1/22/2025 21:12,1,1,1,4,3.5,674601fb34f324fdff9216a3,Increasing,customers
52,1/22/2025 21:11,1/22/2025 21:12,-2,-2,-2,1,3,6779ab5812b493de7e6e86c9,Decreasing,competitors
59,1/22/2025 21:11,1/22/2025 21:12,1,1,1,4,4,678f4890fad2d369a3d1b530,Decreasing,valuation
33,1/22/2025 21:12,1/22/2025 21:12,1,1,1,4,3,6149f9813e3249642704b2eb,Increasing,customers
39,1/22/2025 21:12,1/22/2025 21:13,1,1,1,4,3,662bfda7bb2d2c60655f3c40,Increasing,competitors
47,1/22/2025 21:12,1/22/2025 21:13,1,2,1,4.333333333333333,3.5,678f8a48229cccfb53902c71,Increasing,customers
42,1/22/2025 21:12,1/22/2025 21:13,2,2,2,5,3.5,67607eec23fcaaaf105d3ee2,Increasing,valuation
54,1/22/2025 21:12,1/22/2025 21:13,1,1,1,4,4,637f8322729ade58ec7229ba,Increasing,valuation
92,1/22/2025 21:11,1/22/2025 21:13,1,1,1,4,4,678eb5caebf4be908ba818cd,Increasing,customers
46,1/22/2025 21:12,1/22/2025 21:13,1,1,1,4,4,6759c03096ce79ade974d9a3,Increasing,competitors
27,1/22/2025 21:13,1/22/2025 21:13,-1,-1,-1,2,4,65db8502777ec1a5dfe4d608,Decreasing,competitors
61,1/22/2025 21:12,1/22/2025 21:13,1,0,0,3.3333333333333335,4.5,668a4af729a96f94df7e5c6e,Increasing,valuation
119,1/22/2025 21:12,1/22/2025 21:14,1,1,1,4,3,678b077bf2be50f732e48c3d,Increasing,customers
19,1/22/2025 21:13,1/22/2025 21:14,2,2,2,5,4,62b6eacb30532251b7eb05c1,Increasing,competitors
50,1/22/2025 21:13,1/22/2025 21:14,1,1,1,4,4,677c11bc346d7ba49dae4d55,Increasing,competitors
42,1/22/2025 21:13,1/22/2025 21:14,0,1,0,3.3333333333333335,3.5,672a57f001263d65e0a989d7,Decreasing,competitors
47,1/22/2025 21:13,1/22/2025 21:14,0,0,0,3,4,5ea320452d77060f49a6de2c,Decreasing,valuation
15,1/22/2025 21:14,1/22/2025 21:14,2,2,2,5,5,6759c03096ce79ade974d9a3,Increasing,competitors
66,1/22/2025 21:13,1/22/2025 21:14,1,1,1,4,3,5c28b31a0091e40001ca5030,Decreasing,competitors
66,1/22/2025 21:13,1/22/2025 21:14,2,2,0,4.333333333333333,2.5,6647fe44c0f7f1ffa369ac43,Decreasing,competitors
20,1/22/2025 21:14,1/22/2025 21:14,-2,-2,-2,1,3,59a4b7e0c9281e0001c1bc8f,Decreasing,competitors
24,1/22/2025 21:14,1/22/2025 21:14,-1,-1,-1,2,3,668173a56ae4ada528986b1d,Decreasing,competitors
204,1/22/2025 21:11,1/22/2025 21:14,1,0,-2,2.6666666666666665,2.5,676598c1f6525ec5830bb0cd,Decreasing,competitors
118,1/22/2025 21:12,1/22/2025 21:14,2,1,1,4.333333333333333,3,6659735512616c7213f71cce,Increasing,customers
24,1/22/2025 21:14,1/22/2025 21:14,1,0,0,3.3333333333333335,3,66759b715db54424734117c5,Decreasing,competitors
43,1/22/2025 21:14,1/22/2025 21:15,2,1,1,4.333333333333333,3,673f29691d070410c81ce5f0,Increasing,customers
80,1/22/2025 21:13,1/22/2025 21:15,2,2,2,5,3.5,66a41543adadffb17baf40b8,Decreasing,valuation
54,1/22/2025 21:14,1/22/2025 21:15,-2,-1,-1,1.6666666666666667,2,651c2cc23704dc10500ae77c,Decreasing,competitors
84,1/22/2025 21:13,1/22/2025 21:15,2,1,2,4.666666666666667,4.5,674083da048a73d78070ea5b,Decreasing,competitors
41,1/22/2025 21:14,1/22/2025 21:15,1,1,1,4,4,6787de7d7ba858268b4add09,Increasing,competitors
160,1/22/2025 21:13,1/22/2025 21:15,-1,-1,-1,2,5,676cdc19e46f9dc90e66c26d,Decreasing,customers
71,1/22/2025 21:14,1/22/2025 21:15,1,1,1,4,3.5,6738737373bf93fdec63581c,Decreasing,valuation
73,1/22/2025 21:14,1/22/2025 21:15,-1,-1,-1,2,2,675f3be0be195f020b9fc600,Decreasing,customers
23,1/22/2025 21:15,1/22/2025 21:15,-1,0,-1,2.3333333333333335,3.5,59fa3f3705d1d60001f149da,Increasing,competitors
76,1/22/2025 21:14,1/22/2025 21:15,1,1,0,3.6666666666666665,3,6777aa2f0a10489eefc81c3d,Increasing,valuation
69,1/22/2025 21:14,1/22/2025 21:15,2,2,2,5,4.5,678b75bd091d0dffba5a2e34,Increasing,customers
645,1/22/2025 21:05,1/22/2025 21:16,1,0,1,3.6666666666666665,3,5883d68d300c0b000113db56,Increasing,customers
66,1/22/2025 21:14,1/22/2025 21:16,-1,1,1,3.3333333333333335,4,67193f9198e6b0ae2feec6cb,Decreasing,competitors
24,1/22/2025 21:15,1/22/2025 21:16,-1,0,-1,2.3333333333333335,4,66660a053b08e2a34f9b945c,Decreasing,customers
102,1/22/2025 21:14,1/22/2025 21:16,1,1,1,4,4.5,672c7b4a1c2fb5ff8e15208c,Decreasing,customers
43,1/22/2025 21:15,1/22/2025 21:16,2,2,2,5,4.5,675d3e6aa363f8ece5e412d0,Increasing,competitors
27,1/22/2025 21:15,1/22/2025 21:16,-1,-1,-1,2,2.5,5a90460d1eda41000135f918,Decreasing,valuation
24,1/22/2025 21:16,1/22/2025 21:16,-1,0,-1,2.3333333333333335,2,6785b753c0a136c4d98ed7a3,Decreasing,valuation
76,1/22/2025 21:15,1/22/2025 21:17,1,1,0,3.6666666666666665,3.5,677aa475695df13079192139,Decreasing,valuation
41,1/22/2025 21:16,1/22/2025 21:17,-1,-1,-1,2,1.5,65d405587a8a0927fad54029,Increasing,competitors
49,1/22/2025 21:16,1/22/2025 21:17,0,0,0,3,3.5,6752122d8bb6cc4aa9fe9e5e,Decreasing,customers
58,1/22/2025 21:16,1/22/2025 21:17,1,1,1,4,4,5962a5b29955ee00015bce98,Increasing,valuation
39,1/22/2025 21:16,1/22/2025 21:17,-2,-2,-2,1,2,5c2f587f70d93a000122ac27,Increasing,customers
186,1/22/2025 21:14,1/22/2025 21:17,-1,-1,-1,2,3.5,665adfcc9f26520c4307e228,Decreasing,customers
66,1/22/2025 21:16,1/22/2025 21:17,-1,2,0,3.3333333333333335,3,678f4e90d125c13585af4a4a,Decreasing,competitors
91,1/22/2025 21:16,1/22/2025 21:18,1,2,0,4,3.5,673f119dd0373a3fb0d324f5,Increasing,valuation
53,1/22/2025 21:17,1/22/2025 21:18,1,1,1,4,3.5,671ff1697821f469f9b665f8,Decreasing,competitors
26,1/22/2025 21:17,1/22/2025 21:18,0,-1,-1,2.3333333333333335,4,66477005eafd0918c63ed325,Increasing,valuation
201,1/22/2025 21:15,1/22/2025 21:18,-1,-1,-1,2,2.5,5f75d01a857e4e27a575f7ca,Decreasing,valuation
56,1/22/2025 21:17,1/22/2025 21:18,1,0,0,3.3333333333333335,2.5,67505ba09ded6db3a4f890fa,Decreasing,competitors
6,1/22/2025 21:18,1/22/2025 21:18,1,1,1,4,4,6274a998e30385518fd5b7b6,Decreasing,competitors
83,1/22/2025 21:17,1/22/2025 21:18,-1,0,-1,2.3333333333333335,4,6783b198577b96cf90cd0374,Decreasing,valuation
49,1/22/2025 21:18,1/22/2025 21:18,1,1,1,4,3,63deac973b0ec8880c8c53f2,Increasing,competitors
20,1/22/2025 21:18,1/22/2025 21:18,-1,-1,-1,2,2.5,5f179bd584e8e802ef9c187d,Decreasing,valuation
37,1/22/2025 21:18,1/22/2025 21:18,-2,-2,-2,1,1,66d06140564a084d32a0f6f4,Increasing,competitors
46,1/22/2025 21:18,1/22/2025 21:19,1,1,1,4,3,675eb6ccfa1523780409d8a0,Increasing,customers
64,1/22/2025 21:17,1/22/2025 21:19,1,1,1,4,4,663d3ca6887df97e9a60ca5b,Increasing,valuation
37,1/22/2025 21:18,1/22/2025 21:19,1,1,1,4,4,59d8ae913e5ea00001e1d05f,Increasing,customers
135,1/22/2025 21:17,1/22/2025 21:19,1,0,1,3.6666666666666665,3.5,67767cfc27ce0cd4e6306d1d,Decreasing,customers
187,1/22/2025 21:16,1/22/2025 21:20,1,1,1,4,3,5d76ac914c93440001c03fd7,Decreasing,competitors
25,1/22/2025 21:20,1/22/2025 21:20,-1,-1,-1,2,2.5,5f94d506c7bf10332a9084d2,Decreasing,competitors
215,1/22/2025 21:16,1/22/2025 21:20,1,0,1,3.6666666666666665,3,6790007f092c426ece3c51a2,Decreasing,valuation
92,1/22/2025 21:19,1/22/2025 21:20,1,-2,-1,2.3333333333333335,3.5,67442608b4e0f11220a9aa6d,Increasing,valuation
72,1/22/2025 21:20,1/22/2025 21:21,1,2,0,4,4.5,678ab1045367b7b50b7daeca,Increasing,valuation
52,1/22/2025 21:20,1/22/2025 21:21,1,0,0,3.3333333333333335,2.5,665662df0ce81f2928bf6867,Increasing,customers
43,1/22/2025 21:20,1/22/2025 21:21,1,1,1,4,3,5aaa3dfcd4b44e000152197f,Increasing,competitors
29,1/22/2025 21:21,1/22/2025 21:21,1,0,1,3.6666666666666665,3,606e8e8337c79e219214af3b,Decreasing,valuation
55,1/22/2025 21:21,1/22/2025 21:22,2,2,2,5,4.5,677d21ea5894774cff5fdf4e,Decreasing,valuation
42,1/22/2025 21:22,1/22/2025 21:23,1,1,1,4,2,5aa559ee1eda41000136cd9a,Increasing,competitors
115,1/22/2025 21:21,1/22/2025 21:23,0,1,1,3.6666666666666665,3,678ead2477503f48aa28f03b,Increasing,valuation
70,1/22/2025 21:22,1/22/2025 21:23,1,1,1,4,4.5,6779a002ce3d82c1a969d638,Increasing,valuation
26,1/22/2025 21:23,1/22/2025 21:24,1,1,1,4,3,5744045f2171b9000e3c0933,Increasing,customers
75,1/22/2025 21:23,1/22/2025 21:24,1,0,1,3.6666666666666665,3.5,669bb928fa201bb4229c054a,Decreasing,competitors
34,1/22/2025 21:24,1/22/2025 21:25,1,1,2,4.333333333333333,3,67892d79f562a8dc8f2de263,Decreasing,customers
42,1/22/2025 21:24,1/22/2025 21:25,1,2,1,4.333333333333333,3.5,6780f028922f7b0d4a11d1b9,Increasing,competitors
23,1/22/2025 21:24,1/22/2025 21:25,-1,0,-1,2.3333333333333335,2.5,63f7c075ed11efc649b7b230,Decreasing,customers
42,1/22/2025 21:25,1/22/2025 21:26,-1,0,-1,2.3333333333333335,4,675e66a699daf373d2009209,Increasing,valuation
36,1/22/2025 21:25,1/22/2025 21:26,1,1,2,4.333333333333333,4,677564b6c30b5198d96cd42d,Increasing,customers
105,1/22/2025 21:24,1/22/2025 21:26,0,1,0,3.3333333333333335,3.5,6780e7a510a95f9bd1101313,Decreasing,customers
28,1/22/2025 21:25,1/22/2025 21:26,1,1,1,4,3,5b126b7ebd9c31000156c3b9,Increasing,customers
20,1/22/2025 21:26,1/22/2025 21:26,1,0,1,3.6666666666666665,3.5,63dc7645c743f938fac18036,Increasing,valuation
69,1/22/2025 21:25,1/22/2025 21:26,2,2,1,4.666666666666667,3,676fcf02cf61ad4bd834f550,Decreasing,competitors
20,1/22/2025 21:26,1/22/2025 21:26,2,2,2,5,4,66a6bbb40b48d0e4f326767e,Decreasing,competitors
113,1/22/2025 21:25,1/22/2025 21:26,-1,-1,-1,2,4,671fe10db54ae62be895fcb7,Increasing,valuation
32,1/22/2025 21:26,1/22/2025 21:26,-1,-1,-1,2,2,675a42d99110f59947a4f393,Decreasing,customers
210,1/22/2025 21:23,1/22/2025 21:27,2,2,0,4.333333333333333,3,6748c188f4d8c6b4bb651b4d,Increasing,valuation
73,1/22/2025 21:25,1/22/2025 21:27,2,2,2,5,5,678b8ca4091d0dffba5a35cf,Increasing,customers
11,1/22/2025 21:26,1/22/2025 21:27,0,1,0,3.3333333333333335,3.5,6780e7d64b642a6bdd938179,Decreasing,competitors
36,1/22/2025 21:26,1/22/2025 21:27,1,1,1,4,3,671a5b360bf8a1c64ef3f4d9,Increasing,customers
31,1/22/2025 21:26,1/22/2025 21:27,-2,-2,-2,1,1,66742ef2f9183bb839ec1fbb,Decreasing,competitors
75,1/22/2025 21:26,1/22/2025 21:27,-1,-1,-1,2,3,62b6207a14054b90444f68b6,Decreasing,valuation
19,1/22/2025 21:27,1/22/2025 21:27,1,1,2,4.333333333333333,3.5,6780e7e7338bb880337320ea,Decreasing,valuation
57,1/22/2025 21:27,1/22/2025 21:28,2,2,2,5,3,66cd40ce9bb246e2dc55429e,Increasing,valuation
24,1/22/2025 21:28,1/22/2025 21:28,1,1,1,4,4.5,65c900c7a7dc9db70e311289,Increasing,customers
37,1/22/2025 21:28,1/22/2025 21:28,0,1,1,3.6666666666666665,3,6716d322b863fdf712ac02c8,Decreasing,competitors
98,1/22/2025 21:27,1/22/2025 21:28,1,0,-1,3,4.5,667d92550c13731581a21cc5,Decreasing,valuation
92,1/22/2025 21:27,1/22/2025 21:29,1,1,0,3.6666666666666665,4,6784cbdbc30c5abe8e765ead,Decreasing,customers
24,1/22/2025 21:28,1/22/2025 21:29,1,1,1,4,3.5,663bbfa8e59b6a6872b9fd72,Increasing,valuation
74,1/22/2025 21:28,1/22/2025 21:29,1,-1,-1,2.6666666666666665,3.5,673b6b019f1ad9396ec4891b,Increasing,customers
61,1/22/2025 21:28,1/22/2025 21:29,2,2,2,5,4,673ca63cf97ee57b38b85b97,Increasing,customers
163,1/22/2025 21:26,1/22/2025 21:29,2,2,2,5,3.5,6637dcb5afc87b4b36c8f94f,Decreasing,customers
52,1/22/2025 21:28,1/22/2025 21:29,1,1,1,4,3,6722478c409070762121307f,Increasing,valuation
24,1/22/2025 21:29,1/22/2025 21:29,1,1,1,4,3.5,5dcf1031b039ab061db5243e,Increasing,competitors
42,1/22/2025 21:29,1/22/2025 21:29,1,1,1,4,4.5,5a98daccf6dfdd0001ea8150,Increasing,valuation
56,1/22/2025 21:29,1/22/2025 21:30,1,1,1,4,3.5,6780fa8bf4afe235a914ce23,Increasing,customers
73,1/22/2025 21:29,1/22/2025 21:30,1,2,2,4.666666666666667,4.5,678b785febfcc8066ee47f94,Decreasing,competitors
34,1/22/2025 21:29,1/22/2025 21:30,-2,-1,-1,1.6666666666666667,3,5bebd903ca3a1a0001825e4e,Increasing,competitors
43,1/22/2025 21:29,1/22/2025 21:30,0,0,0,3,4,67865aa1cf8ca2f3ecd2f6f1,Increasing,valuation
14,1/22/2025 21:30,1/22/2025 21:30,2,2,2,5,1,5e84f59e965b290c42fad433,Increasing,valuation
32,1/22/2025 21:30,1/22/2025 21:30,1,0,-1,3,3.5,5d603280c8d0350018a3eacf,Decreasing,customers
17,1/22/2025 21:31,1/22/2025 21:31,1,0,0,3.3333333333333335,4.5,673bc14ddf2a5912a23863e7,Increasing,valuation
18,1/22/2025 21:31,1/22/2025 21:31,-2,-2,-2,1,2.5,612bb0cdecc9e45781bbf511,Decreasing,competitors
31,1/22/2025 21:31,1/22/2025 21:31,-1,-1,-1,2,3.5,632f46f37921b88d78f3f34d,Decreasing,competitors
14,1/22/2025 21:31,1/22/2025 21:31,1,1,1,4,3,6750c7eaec05ae2f773b5be9,Decreasing,valuation
61,1/22/2025 21:31,1/22/2025 21:32,2,2,2,5,3,673511eeb327d43c7edd51c3,Increasing,valuation
35,1/22/2025 21:31,1/22/2025 21:32,1,1,1,4,2.5,67901fe797f13c47415a1d61,Decreasing,competitors
51,1/22/2025 21:32,1/22/2025 21:32,1,1,0,3.6666666666666665,2.5,6776e6e2051686d5648b60ba,Increasing,valuation
98,1/22/2025 21:31,1/22/2025 21:33,2,2,1,4.666666666666667,4,678e288972f686a5352b2e35,Increasing,competitors
38,1/22/2025 21:33,1/22/2025 21:33,1,1,1,4,3.5,6670886ad4ccb4bd7531af48,Increasing,customers
81,1/22/2025 21:33,1/22/2025 21:34,2,1,2,4.666666666666667,5,6764e339f3bf689f8ffc4592,Decreasing,competitors
83,1/22/2025 21:33,1/22/2025 21:34,1,1,0,3.6666666666666665,3.5,673153d88d13bed22065fd88,Increasing,customers
23,1/22/2025 21:34,1/22/2025 21:34,1,1,1,4,4,6658b9b57408cb9554696a6f,Decreasing,valuation
38,1/22/2025 21:35,1/22/2025 21:35,1,2,1,4.333333333333333,3.5,673cf2a7c7f6e0df8ab1b621,Decreasing,competitors
39,1/22/2025 21:35,1/22/2025 21:36,1,2,1,4.333333333333333,3,6747c6090f5f25c6041b592e,Decreasing,customers
122,1/22/2025 21:34,1/22/2025 21:36,1,0,0,3.3333333333333335,3,655f9f56990f2a2d957b1cad,Increasing,customers
29,1/22/2025 21:35,1/22/2025 21:36,1,1,1,4,3,609c2dcbc88bdd19e0be4b98,Increasing,competitors
20,1/22/2025 21:35,1/22/2025 21:36,1,1,0,3.6666666666666665,3,675724b349592b2b81147387,Increasing,valuation
24,1/22/2025 21:35,1/22/2025 21:36,0,1,0,3.3333333333333335,3,6757244ae4655e222b76d530,Decreasing,customers
53,1/22/2025 21:35,1/22/2025 21:36,1,1,1,4,3.5,5e283f576dbb560114ac7714,Increasing,valuation
62,1/22/2025 21:35,1/22/2025 21:36,-2,-2,-2,1,2,5e7e729c1fe4f954c8b8abf6,Decreasing,customers
50,1/22/2025 21:37,1/22/2025 21:38,1,2,1,4.333333333333333,3,6775b6f1acaab15bb77f71af,Decreasing,customers
42,1/22/2025 21:37,1/22/2025 21:38,1,1,1,4,3,5a2f1f0f2937000001eae2b1,Increasing,competitors
65,1/22/2025 21:37,1/22/2025 21:38,1,1,1,4,4,672be724a1f9a800fcbd3d02,Increasing,competitors
49,1/22/2025 21:37,1/22/2025 21:38,-1,-1,-1,2,4.5,678386c6a467d834e1636a9e,Decreasing,customers
22,1/22/2025 21:38,1/22/2025 21:38,-1,-1,-1,2,3.5,678c41cb023e304c03871747,Increasing,customers
46,1/22/2025 21:38,1/22/2025 21:39,1,1,2,4.333333333333333,3,6172b85dcc19bffb22604f1b,Increasing,customers
88,1/22/2025 21:39,1/22/2025 21:40,1,0,0,3.3333333333333335,3.5,6784b7b57a26bfddbafe40e6,Decreasing,customers
121,1/22/2025 21:39,1/22/2025 21:41,2,1,1,4.333333333333333,4.5,6764cce7a10cc8e279651a57,Increasing,customers
45,1/22/2025 21:40,1/22/2025 21:41,1,1,0,3.6666666666666665,2.5,67869d8141361d118978d91c,Increasing,customers
12,1/22/2025 21:41,1/22/2025 21:41,0,1,0,3.3333333333333335,3.5,67684215bec8ef9cbd2844de,Decreasing,competitors
66,1/22/2025 21:40,1/22/2025 21:41,1,2,2,4.666666666666667,2.5,6776d076eea66bae2d4483a3,Increasing,valuation
33,1/22/2025 21:41,1/22/2025 21:41,1,1,1,4,3.5,63039dbefda87c47a91fec04,Increasing,customers
37,1/22/2025 21:42,1/22/2025 21:43,2,2,2,5,3,675ef67a1ac1854b97ad3898,Decreasing,valuation
29,1/22/2025 21:43,1/22/2025 21:44,2,2,2,5,4.5,5dd56e51954d1952f17bb57b,Decreasing,competitors
28,1/22/2025 21:43,1/22/2025 21:44,-1,-1,-1,2,3.5,66ba819cd72c840e39108978,Increasing,valuation
53,1/22/2025 21:44,1/22/2025 21:45,1,1,1,4,4.5,673dbd8c0a9f2198fd592502,Increasing,valuation
206,1/22/2025 21:43,1/22/2025 21:47,2,2,2,5,5,678f7fd7097858093f4a9540,Decreasing,valuation
53,1/22/2025 21:46,1/22/2025 21:47,1,0,-1,3,4,6734d627b2c7c6f84827f006,Decreasing,customers
47,1/22/2025 21:47,1/22/2025 21:48,-1,-1,-1,2,3,56b61b915cd743000e6e01c5,Decreasing,competitors
28,1/22/2025 21:48,1/22/2025 21:49,1,2,1,4.333333333333333,4,67692827c514aefeb4c82bba,Decreasing,competitors
42,1/22/2025 21:49,1/22/2025 21:50,2,1,2,4.666666666666667,4,671add4a48265220d2590cd0,Increasing,valuation
45,1/22/2025 21:49,1/22/2025 21:50,2,2,1,4.666666666666667,3,675768859af7d3a8e498de99,Decreasing,valuation
30,1/22/2025 21:49,1/22/2025 21:50,1,1,2,4.333333333333333,4,6744d50e3bd8711b57216cd2,Decreasing,competitors
63,1/22/2025 21:49,1/22/2025 21:50,1,0,1,3.6666666666666665,4,674969818778f3e05189b422,Decreasing,customers
39,1/22/2025 21:50,1/22/2025 21:50,-1,0,-1,2.3333333333333335,3.5,5efd22056ec55516587f32a6,Increasing,competitors
35,1/22/2025 21:55,1/22/2025 21:56,1,1,1,4,4,6658b4ff0f6362e1f068dd84,Decreasing,competitors
23,1/22/2025 21:57,1/22/2025 21:58,2,2,2,5,5,6122548871de12f3a454e5cb,Increasing,valuation
28,1/22/2025 21:57,1/22/2025 21:58,-1,-1,-2,1.6666666666666667,4,65b284df91ee570e25ba50a3,Decreasing,competitors
23,1/22/2025 21:57,1/22/2025 21:58,1,0,1,3.6666666666666665,4.5,67537f7d56347afdd62e9b68,Decreasing,customers
28,1/22/2025 21:57,1/22/2025 21:58,2,1,1,4.333333333333333,2.5,6633ff088a92287249f6968c,Increasing,valuation
20,1/22/2025 21:58,1/22/2025 21:58,1,1,1,4,4.5,6762a6c453dc00bbd597daad,Increasing,customers
19,1/22/2025 21:58,1/22/2025 21:58,1,0,2,4,2.5,67180b6b3d11d7eef34ca388,Decreasing,valuation
25,1/22/2025 21:58,1/22/2025 21:58,-2,-2,-2,1,1,56d0f57421cd29000a9737e4,Decreasing,customers
20,1/22/2025 21:58,1/22/2025 21:58,2,2,2,5,4,672a94165edd330fd1919b86,Decreasing,customers
35,1/22/2025 21:58,1/22/2025 21:59,1,1,0,3.6666666666666665,3.5,678f924f52990b37b826937b,Decreasing,valuation
20,1/22/2025 21:58,1/22/2025 21:59,1,-1,1,3.3333333333333335,3.5,5d3695969749cc00165c222f,Increasing,competitors
28,1/22/2025 21:58,1/22/2025 21:59,0,0,0,3,2.5,5d5181fc842e8600171e5a78,Decreasing,customers
24,1/22/2025 21:59,1/22/2025 21:59,-1,-1,-1,2,3.5,5e35fe137169145c27eac095,Increasing,customers
28,1/22/2025 21:59,1/22/2025 21:59,-2,-2,-2,1,1,5e968e6744b6d010b16540a4,Increasing,competitors
32,1/22/2025 21:59,1/22/2025 21:59,1,1,1,4,3.5,6660e87571cd35e3fdd8a0f9,Decreasing,customers
27,1/22/2025 21:59,1/22/2025 21:59,-2,-1,-2,1.3333333333333333,2.5,5cbe04b4f429ff00159de30e,Decreasing,customers
264,1/22/2025 21:55,1/22/2025 21:59,1,1,1,4,3,668f9d85aafbc520c57fff38,Increasing,customers
18,1/22/2025 22:00,1/22/2025 22:00,-1,-1,-1,2,2,5e11bda11e2e5885070a0b22,Increasing,customers
43,1/22/2025 21:59,1/22/2025 22:00,1,1,0,3.6666666666666665,2.5,672a8544e38b571bd7d4fb71,Decreasing,customers
17,1/22/2025 22:00,1/22/2025 22:00,1,1,1,4,5,5a9c4b3d35237b000112a00e,Increasing,competitors
41,1/22/2025 22:00,1/22/2025 22:00,1,2,1,4.333333333333333,3,6790236904d0cf418a66bf97,Increasing,competitors
32,1/22/2025 22:00,1/22/2025 22:00,1,2,2,4.666666666666667,4,630a8feaa8eef385f72dc1a5,Increasing,competitors
39,1/22/2025 22:00,1/22/2025 22:00,1,2,1,4.333333333333333,4.5,6790f33e063ca7d684d99bc1,Increasing,competitors
33,1/22/2025 22:00,1/22/2025 22:00,1,1,1,4,2.5,5ca24b9ceb041e00152164f0,Increasing,customers
93,1/22/2025 21:59,1/22/2025 22:01,1,1,0,3.6666666666666665,3.5,6629602ac2d3905fda1be533,Increasing,customers
37,1/22/2025 22:00,1/22/2025 22:01,1,1,1,4,5,66cf6c471a4e4397dac16e71,Increasing,valuation
23,1/22/2025 22:00,1/22/2025 22:01,-1,-1,-1,2,3,59497c498fb2140001afda85,Decreasing,valuation
27,1/22/2025 22:00,1/22/2025 22:01,0,1,0,3.3333333333333335,3,67857b540449990fd75059db,Decreasing,valuation
32,1/22/2025 22:00,1/22/2025 22:01,2,2,2,5,4.5,6723bc21548ec64b5cab9e60,Increasing,competitors
429,1/22/2025 21:54,1/22/2025 22:01,1,1,1,4,3,660dde2ea4ccc7fca5fbbedb,Decreasing,valuation
256,1/22/2025 21:57,1/22/2025 22:01,2,2,2,5,3,6783629b0e904b052dbd9dab,Decreasing,customers
45,1/22/2025 22:01,1/22/2025 22:01,-2,-2,-2,1,2.5,678b4061ff9aac183f794219,Decreasing,customers
24,1/22/2025 22:01,1/22/2025 22:01,-2,-2,-2,1,1,5ef4d8b87faaa00c0dea0c4e,Decreasing,customers
99,1/22/2025 22:00,1/22/2025 22:01,-2,-2,-2,1,3,674ca2f2b42dd96dc2f71707,Decreasing,customers
34,1/22/2025 22:01,1/22/2025 22:02,1,1,1,4,5,676a8102c8379ca4d35269d1,Decreasing,competitors
52,1/22/2025 22:01,1/22/2025 22:02,0,-1,-1,2.3333333333333335,3,5f1c2ebf1d8b7c48ad3ec3db,Decreasing,competitors
21,1/22/2025 22:02,1/22/2025 22:02,1,0,1,3.6666666666666665,3.5,67884e3d449cd1505cb8463b,Increasing,competitors
17,1/22/2025 22:02,1/22/2025 22:02,-1,-1,-1,2,1,641386b1cb9a9c1e3569d4ee,Increasing,competitors
30,1/22/2025 22:02,1/22/2025 22:02,1,1,1,4,4.5,5f467b0a0d1aef037515c8c9,Increasing,valuation
47,1/22/2025 22:02,1/22/2025 22:02,1,1,1,4,4,62b33b02025e169cc480c307,Decreasing,customers
46,1/22/2025 22:02,1/22/2025 22:02,2,2,2,5,1,63d6f2705562fd353b7948dc,Increasing,valuation
31,1/22/2025 22:02,1/22/2025 22:02,-2,-2,-2,1,1,6687fc18bfaea38375640cd7,Decreasing,customers
17,1/22/2025 22:02,1/22/2025 22:02,2,2,2,5,3.5,67871b7310fcb596ca70075d,Decreasing,valuation
34,1/22/2025 22:02,1/22/2025 22:03,1,1,1,4,3,5bf2f728bd9f150001f6cc42,Decreasing,competitors
30,1/22/2025 22:02,1/22/2025 22:03,1,0,1,3.6666666666666665,4.5,565c6791c121fe0012fc3caf,Increasing,valuation
38,1/22/2025 22:02,1/22/2025 22:03,-1,-1,-1,2,3,5a7cb83a000dab00018c530b,Decreasing,customers
25,1/22/2025 22:02,1/22/2025 22:03,-2,-2,-2,1,1.5,675838ed6e5e7e74d0f1040d,Decreasing,customers
39,1/22/2025 22:02,1/22/2025 22:03,1,1,1,4,3.5,66b1b543a0f22b4315d1bcb9,Increasing,customers
49,1/22/2025 22:02,1/22/2025 22:03,2,2,1,4.666666666666667,4,56ca0400b30699000bd9d94f,Increasing,competitors
26,1/22/2025 22:03,1/22/2025 22:03,-2,0,-1,2,2.5,6478c2e1fdc31dee92f51fcb,Decreasing,competitors
62,1/22/2025 22:02,1/22/2025 22:03,0,-1,0,2.6666666666666665,2.5,678272b9a51565befd5adb61,Decreasing,customers
44,1/22/2025 22:02,1/22/2025 22:03,0,1,0,3.3333333333333335,3,6719161d996cdcc96efba19b,Increasing,valuation
37,1/22/2025 22:03,1/22/2025 22:03,-2,-1,-1,1.6666666666666667,2.5,676dad9d7fa07103fc028606,Decreasing,valuation
32,1/22/2025 22:03,1/22/2025 22:03,1,1,1,4,3,674d7442a7ccdca6c81cbb63,Decreasing,customers
19,1/22/2025 22:03,1/22/2025 22:04,0,0,0,3,3.5,67861bf68c49aac1082f8d57,Decreasing,valuation
54,1/22/2025 22:03,1/22/2025 22:04,1,1,0,3.6666666666666665,3.5,670e735764f379104d34dac2,Decreasing,competitors
22,1/22/2025 22:03,1/22/2025 22:04,1,1,1,4,3,67486ef5b88595ed8d20fe7c,Increasing,competitors
52,1/22/2025 22:03,1/22/2025 22:04,1,0,-1,3,3.5,67680db17d6ae2b7346a584c,Decreasing,customers
20,1/22/2025 22:04,1/22/2025 22:04,-2,-2,-2,1,1,5acbd1ecf69e940001d9cd4d,Decreasing,valuation
34,1/22/2025 22:03,1/22/2025 22:04,1,1,1,4,3,66940cb3d46ba2b4049b3e5c,Decreasing,competitors
55,1/22/2025 22:03,1/22/2025 22:04,0,1,-1,3,4,676851679f105d8577d02eac,Decreasing,competitors
35,1/22/2025 22:03,1/22/2025 22:04,1,1,1,4,3,66afe5970b0a8ef50ff7cfd8,Decreasing,customers
19,1/22/2025 22:04,1/22/2025 22:04,-2,-2,-2,1,3,6732d7e668e0e0b1e4d10cbd,Decreasing,competitors
43,1/22/2025 22:04,1/22/2025 22:04,1,0,0,3.3333333333333335,3,678d702b1b04e7a307fdfde5,Increasing,competitors
22,1/22/2025 22:04,1/22/2025 22:04,1,0,0,3.3333333333333335,5,6272f5f3d37c1c9e88c115a2,Increasing,competitors
55,1/22/2025 22:03,1/22/2025 22:04,0,1,0,3.3333333333333335,3.5,6711c0f9ec8d941dbd4c13c3,Decreasing,valuation
26,1/22/2025 22:04,1/22/2025 22:04,1,1,1,4,3.5,678fdfa030aa1b9b033e6ea9,Decreasing,valuation
44,1/22/2025 22:04,1/22/2025 22:04,1,1,1,4,3,678ba741cab677d4c822723e,Decreasing,valuation
104,1/22/2025 22:03,1/22/2025 22:04,-1,0,1,3,3,6466e6a8f3ab2a0f9c362e95,Decreasing,customers
49,1/22/2025 22:04,1/22/2025 22:04,1,1,1,4,3,5cbcadbe0b073500018c5f73,Increasing,customers
23,1/22/2025 22:04,1/22/2025 22:05,-2,-2,-2,1,4,5f4ee7ff2c5da213f015a27e,Increasing,valuation
65,1/22/2025 22:04,1/22/2025 22:05,1,1,1,4,4,6739075d10227690e7d142ed,Increasing,customers
56,1/22/2025 22:04,1/22/2025 22:05,1,2,1,4.333333333333333,3,678bbe931c775d9dbc210628,Decreasing,valuation
56,1/22/2025 22:04,1/22/2025 22:05,1,1,1,4,3,66a926551ab3748f5d5348aa,Increasing,valuation
42,1/22/2025 22:04,1/22/2025 22:05,-2,-2,-2,1,2,66439d339e8b25efa8cb4b9a,Decreasing,competitors
36,1/22/2025 22:04,1/22/2025 22:05,1,1,-1,3.3333333333333335,4.5,678dbad423480901e47ad481,Decreasing,valuation
38,1/22/2025 22:04,1/22/2025 22:05,1,-1,1,3.3333333333333335,3,67895c958755dc21bbadfbdf,Increasing,competitors
28,1/22/2025 22:05,1/22/2025 22:05,1,1,0,3.6666666666666665,4.5,66294025a201ede515fc1901,Increasing,valuation
32,1/22/2025 22:05,1/22/2025 22:05,0,1,1,3.6666666666666665,3.5,672ab38f104e8899317d9fda,Increasing,customers
31,1/22/2025 22:05,1/22/2025 22:05,1,1,1,4,4,6444b1e677ebe8b4e2c23abd,Increasing,competitors
113,1/22/2025 22:04,1/22/2025 22:06,2,2,2,5,3,676855ee7cc2112f98f31e1d,Increasing,valuation
68,1/22/2025 22:05,1/22/2025 22:06,1,1,1,4,3,67782587ee3a78fe6cafadbb,Decreasing,competitors
33,1/22/2025 22:05,1/22/2025 22:06,2,2,2,5,4,66f1c0fde4b420e5ef2c30d8,Increasing,competitors
47,1/22/2025 22:05,1/22/2025 22:06,2,1,1,4.333333333333333,4.5,6697be0e52341e4b560bcf57,Increasing,competitors
67,1/22/2025 22:05,1/22/2025 22:06,1,2,1,4.333333333333333,3.5,6734f1a1bb7c7049f1af7029,Increasing,valuation
122,1/22/2025 22:05,1/22/2025 22:07,1,1,1,4,3.5,66f45c9b8bbc7700d44507cc,Increasing,customers
38,1/22/2025 22:07,1/22/2025 22:07,1,1,2,4.333333333333333,4,672df806e7c2f55e8e2bf477,Increasing,customers
78,1/22/2025 22:06,1/22/2025 22:07,1,1,0,3.6666666666666665,2.5,6788feea79f4b9c3bded8255,Increasing,competitors
19,1/22/2025 22:07,1/22/2025 22:07,1,1,1,4,3.5,676d2df3bc51ca55f589ecfc,Decreasing,competitors
29,1/22/2025 22:07,1/22/2025 22:07,1,0,0,3.3333333333333335,3,6761d7843f52c97b6028f43a,Increasing,valuation
70,1/22/2025 22:06,1/22/2025 22:07,1,1,1,4,3,6732eac7f92b3be7edca9b89,Decreasing,customers
72,1/22/2025 22:06,1/22/2025 22:08,2,2,1,4.666666666666667,4,67213537ddccc00ea1650bac,Increasing,valuation
22,1/22/2025 22:07,1/22/2025 22:08,1,1,1,4,3.5,67769edbe71fa161c1a418e1,Increasing,competitors
23,1/22/2025 22:08,1/22/2025 22:08,-1,-1,-1,2,3.5,5ade6f4709eae2000112e9e2,Decreasing,competitors
70,1/22/2025 22:07,1/22/2025 22:08,0,0,-1,2.6666666666666665,4,676d220cd6e7101ccba18ba5,Decreasing,competitors
13,1/22/2025 22:08,1/22/2025 22:08,1,1,1,4,3,5c98d95567af090017f3b80c,Increasing,customers
13,1/22/2025 22:08,1/22/2025 22:09,-1,-1,-1,2,1,63f7a84b6e32b3b093b7b241,Decreasing,valuation
34,1/22/2025 22:08,1/22/2025 22:09,-2,-2,-2,1,2.5,590d0c9c1211f9000142af16,Increasing,competitors
60,1/22/2025 22:08,1/22/2025 22:09,2,1,2,4.666666666666667,4.5,6767d177ad14b5108c2b0348,Decreasing,valuation
54,1/22/2025 22:08,1/22/2025 22:09,-1,1,-1,2.6666666666666665,3,662bdd8c97c290536da33e88,Decreasing,valuation
18,1/22/2025 22:09,1/22/2025 22:09,1,2,1,4.333333333333333,4,67533900abe33875786164cc,Decreasing,competitors
19,1/22/2025 22:09,1/22/2025 22:09,1,1,1,4,5,6712fe1173dfa2bfa2d6294b,Increasing,competitors
21,1/22/2025 22:09,1/22/2025 22:10,0,1,-1,3,3,67312b11b3b03782a0e79f79,Decreasing,competitors
23,1/22/2025 22:09,1/22/2025 22:10,1,-1,-1,2.6666666666666665,3.5,5d7eb63f85d34b0017658143,Decreasing,customers
52,1/22/2025 22:09,1/22/2025 22:10,1,1,0,3.6666666666666665,3,673520973e45f02809e56f00,Decreasing,valuation
18,1/22/2025 22:09,1/22/2025 22:10,1,2,2,4.666666666666667,4.5,5b68c9eb87af310001584803,Increasing,customers
29,1/22/2025 22:09,1/22/2025 22:10,1,1,1,4,2.5,65366fac14a02ad857b2b94e,Increasing,customers
30,1/22/2025 22:09,1/22/2025 22:10,-1,-1,-2,1.6666666666666667,1,66f19d2803d24d89a12c27ee,Decreasing,competitors
46,1/22/2025 22:09,1/22/2025 22:10,-1,0,0,2.6666666666666665,3,672bd32a765f7aaaada47150,Decreasing,customers
37,1/22/2025 22:09,1/22/2025 22:10,-2,-1,-1,1.6666666666666667,2.5,62e154f05a9102fd27cdf5fd,Decreasing,valuation
29,1/22/2025 22:10,1/22/2025 22:10,1,1,1,4,5,5d68c8aa40524c00189e8ac2,Increasing,valuation
63,1/22/2025 22:09,1/22/2025 22:10,-1,-1,-1,2,2.5,6046c9896dcb88140ac59aaf,Increasing,valuation
19,1/22/2025 22:10,1/22/2025 22:10,1,2,2,4.666666666666667,4.5,6781103bda92618cef65e3cc,Decreasing,customers
38,1/22/2025 22:10,1/22/2025 22:10,2,1,1,4.333333333333333,3,678545cc90e74b3b2e7e1d08,Increasing,competitors
21,1/22/2025 22:10,1/22/2025 22:10,1,1,1,4,3,63bc6e03a6ee3b96041c5e7c,Increasing,competitors
63,1/22/2025 22:09,1/22/2025 22:10,2,2,2,5,5,6738891f43bef4be204c2c45,Increasing,competitors
24,1/22/2025 22:10,1/22/2025 22:10,-1,-1,-1,2,1,664cfc36d05e1ed37dd9f91e,Increasing,competitors
60,1/22/2025 22:09,1/22/2025 22:10,0,-2,-1,2,3.5,6750255e76e9244e644cf879,Increasing,competitors
35,1/22/2025 22:10,1/22/2025 22:10,1,1,1,4,2,63d3fac5cefbcf3878ef6be4,Increasing,customers
32,1/22/2025 22:10,1/22/2025 22:10,-1,-1,-1,2,2.5,671f958a0bbabf36f9a3b951,Decreasing,competitors
41,1/22/2025 22:10,1/22/2025 22:10,1,1,1,4,3,63cee98c7cce75401646795a,Increasing,valuation
34,1/22/2025 22:10,1/22/2025 22:10,1,0,1,3.6666666666666665,3,66661b1242b581f199e49f4c,Increasing,valuation
29,1/22/2025 22:10,1/22/2025 22:10,1,1,1,4,4,670f9fd0a399d73d5af41902,Decreasing,valuation
23,1/22/2025 22:10,1/22/2025 22:11,1,1,1,4,4.5,67850a6e33375eced709b20c,Increasing,valuation
17,1/22/2025 22:10,1/22/2025 22:11,2,2,2,5,3,6761aefdc46b4d04e918175a,Decreasing,customers
24,1/22/2025 22:10,1/22/2025 22:11,1,1,1,4,3,5b0c65c11e55760001b96e90,Increasing,customers
35,1/22/2025 22:10,1/22/2025 22:11,-1,-1,0,2.3333333333333335,2.5,60fe44cbb30b00c89413c27e,Increasing,competitors
46,1/22/2025 22:10,1/22/2025 22:11,1,0,1,3.6666666666666665,2,675bf7be8382f3d6d90032f1,Increasing,competitors
59,1/22/2025 22:10,1/22/2025 22:11,-2,0,-1,2,2,67806a2cfa790bea4d4dc92d,Increasing,customers
33,1/22/2025 22:10,1/22/2025 22:11,0,0,0,3,3,664bae9ae5900c0b842196f2,Decreasing,customers
22,1/22/2025 22:10,1/22/2025 22:11,-1,-1,-1,2,2.5,62a0b34cbcc5987a8fa73c39,Increasing,customers
24,1/22/2025 22:11,1/22/2025 22:11,1,1,1,4,3,5cb67a7ab73e8a001507fae5,Decreasing,competitors
39,1/22/2025 22:10,1/22/2025 22:11,1,1,1,4,4.5,5efe6daf6a2551378201893e,Increasing,customers
38,1/22/2025 22:10,1/22/2025 22:11,-2,-2,-2,1,1,65ccc7e766127e24c9e313a2,Decreasing,competitors
22,1/22/2025 22:11,1/22/2025 22:11,-2,-1,-2,1.3333333333333333,3,5ec741f90b0a68183be0ac6d,Decreasing,customers
37,1/22/2025 22:10,1/22/2025 22:11,1,0,-1,3,3,6054986d528d69b89f04aacd,Decreasing,customers
20,1/22/2025 22:11,1/22/2025 22:11,1,-1,-1,2.6666666666666665,4.5,678d4b5574c6a54d8f4cafd8,Decreasing,customers
22,1/22/2025 22:11,1/22/2025 22:11,1,1,1,4,3,674b513c550b2d74028f19ed,Decreasing,competitors
24,1/22/2025 22:11,1/22/2025 22:11,0,-1,-1,2.3333333333333335,2,6126ecc3ebef11936ed8bfcb,Decreasing,valuation
39,1/22/2025 22:11,1/22/2025 22:11,1,1,1,4,3.5,6658e2cb395c02efada6a7a1,Decreasing,customers
32,1/22/2025 22:11,1/22/2025 22:11,0,-1,-1,2.3333333333333335,3.5,63d77a647dbf6c0c53b0d375,Decreasing,customers
101,1/22/2025 22:10,1/22/2025 22:11,1,1,1,4,4,665d87b3c0ca792f6395a7c5,Decreasing,customers
22,1/22/2025 22:11,1/22/2025 22:11,-2,-2,-2,1,2.5,5e9086ca917d9039e3c4cd25,Decreasing,valuation
22,1/22/2025 22:11,1/22/2025 22:11,-2,-2,-2,1,2,6672d8f00699d871b742c432,Decreasing,valuation
35,1/22/2025 22:11,1/22/2025 22:11,-2,-2,-2,1,1,5fc43c5dcc6b725195c5fe32,Decreasing,competitors
30,1/22/2025 22:11,1/22/2025 22:11,1,1,1,4,4.5,67838ffbade9ade16f6faa70,Increasing,competitors
40,1/22/2025 22:11,1/22/2025 22:12,-2,-2,-2,1,1.5,6499878a1fa288c0b41d6177,Decreasing,customers
24,1/22/2025 22:11,1/22/2025 22:12,1,1,1,4,4,628f9cfbee6de7cc7322fecf,Decreasing,customers
31,1/22/2025 22:11,1/22/2025 22:12,-1,-1,-1,2,3,6655e3832dcc68a1d2ee9229,Decreasing,valuation
28,1/22/2025 22:11,1/22/2025 22:12,1,1,1,4,4.5,6643bb2edd8c6657e9bc57f1,Increasing,valuation
27,1/22/2025 22:11,1/22/2025 22:12,2,2,1,4.666666666666667,4,673726b38e7451a580f3c624,Increasing,competitors
39,1/22/2025 22:11,1/22/2025 22:12,1,1,1,4,3,5f13cd9693d2ed043a5e7c96,Increasing,competitors
40,1/22/2025 22:11,1/22/2025 22:12,-1,-1,-1,2,3.5,5e695632d40a492070942196,Decreasing,competitors
15,1/22/2025 22:12,1/22/2025 22:12,-1,0,-1,2.3333333333333335,3,669a8660d4a57296b3d666e1,Decreasing,customers
26,1/22/2025 22:11,1/22/2025 22:12,0,1,1,3.6666666666666665,3.5,6578943bda60b06de1ba4628,Decreasing,customers
32,1/22/2025 22:11,1/22/2025 22:12,1,1,1,4,3.5,663e26ccdbc470527165388b,Increasing,valuation
61,1/22/2025 22:11,1/22/2025 22:12,1,1,1,4,3,678271b88c324472731aa28d,Decreasing,customers
20,1/22/2025 22:12,1/22/2025 22:12,1,1,1,4,4,671a9df40aa3def0ece893b1,Decreasing,customers
39,1/22/2025 22:11,1/22/2025 22:12,1,1,1,4,4.5,678e90b836888e376eeedf81,Decreasing,customers
76,1/22/2025 22:11,1/22/2025 22:12,-2,-2,-2,1,3,666c0088634cc2e1573b49ee,Decreasing,customers
73,1/22/2025 22:11,1/22/2025 22:12,1,1,1,4,2,610c56ddc029efbacb229c71,Increasing,customers
33,1/22/2025 22:12,1/22/2025 22:12,1,1,1,4,1,5b5cff1c9351420001b78419,Decreasing,competitors
14,1/22/2025 22:12,1/22/2025 22:12,1,1,1,4,3,601d10cca1fb4b04cde830ea,Increasing,customers
31,1/22/2025 22:12,1/22/2025 22:12,1,1,0,3.6666666666666665,4.5,678cae93b922963699a5430b,Decreasing,valuation
24,1/22/2025 22:12,1/22/2025 22:12,-1,-1,-2,1.6666666666666667,3.5,666ee799b9039b8071d8c229,Decreasing,valuation
43,1/22/2025 22:12,1/22/2025 22:12,1,1,1,4,3,66eddcfe67e927db6f0a4768,Increasing,valuation
31,1/22/2025 22:12,1/22/2025 22:12,1,1,0,3.6666666666666665,3.5,6643a8837540ee80f2d5be45,Increasing,customers
48,1/22/2025 22:12,1/22/2025 22:12,1,1,0,3.6666666666666665,4,67894339aa346efa2532bf8d,Decreasing,valuation
42,1/22/2025 22:12,1/22/2025 22:13,-2,-2,-2,1,1,5c2ab2de9136140001b90737,Decreasing,customers
119,1/22/2025 22:11,1/22/2025 22:13,-1,-1,-1,2,3.5,62b44f66a16d45783569fad6,Decreasing,valuation
57,1/22/2025 22:12,1/22/2025 22:13,-1,-1,-1,2,3.5,600606925db9c892b3939202,Increasing,customers
159,1/22/2025 22:10,1/22/2025 22:13,1,0,-1,3,3.5,678abd48c68e39c4458eb67b,Increasing,valuation
52,1/22/2025 22:12,1/22/2025 22:13,0,0,0,3,3.5,654e3fca4ff8d33df725feae,Increasing,customers
35,1/22/2025 22:12,1/22/2025 22:13,1,1,-1,3.3333333333333335,3.5,63d5cbb3c8e15d4cd611bee1,Increasing,valuation
34,1/22/2025 22:12,1/22/2025 22:13,2,2,2,5,5,671a39ed676fd14af136620b,Decreasing,competitors
35,1/22/2025 22:12,1/22/2025 22:13,-2,-2,-2,1,2,5d1511f1e814b800016108a6,Decreasing,valuation
30,1/22/2025 22:12,1/22/2025 22:13,1,1,1,4,4,6634e0e2300e0d377e2cf876,Increasing,customers
41,1/22/2025 22:12,1/22/2025 22:13,1,1,1,4,3,6776071db9b6ba9c5d3c522f,Increasing,competitors
82,1/22/2025 22:12,1/22/2025 22:13,1,1,1,4,3.5,66b4135cd25ace686463b7bb,Increasing,valuation
77,1/22/2025 22:12,1/22/2025 22:13,1,1,-1,3.3333333333333335,1.5,675deea84f6075a2d3a3a95c,Decreasing,competitors
119,1/22/2025 22:11,1/22/2025 22:13,2,2,2,5,5,6737cd340e95a065d605391e,Increasing,valuation
21,1/22/2025 22:13,1/22/2025 22:13,-2,-2,-2,1,2,63469da3cef76cc5b3523b97,Decreasing,valuation
23,1/22/2025 22:13,1/22/2025 22:13,1,1,1,4,4,665be0d7c160ab38d0795255,Increasing,valuation
51,1/22/2025 22:12,1/22/2025 22:13,-2,-1,-1,1.6666666666666667,2.5,6016f0e16f7aec8af4152aa4,Decreasing,customers
65,1/22/2025 22:12,1/22/2025 22:13,2,1,2,4.666666666666667,3,673333f751db5adf81499f5d,Increasing,valuation
33,1/22/2025 22:13,1/22/2025 22:13,1,0,0,3.3333333333333335,3,5e40458fee95202846ccf7f3,Decreasing,customers
62,1/22/2025 22:12,1/22/2025 22:13,-2,-2,-2,1,2.5,6655a82a88d0e8cbcc9dff42,Increasing,valuation
75,1/22/2025 22:12,1/22/2025 22:13,-1,-1,-1,2,1.5,5b59a51fca6d01000157a8c3,Decreasing,competitors
205,1/22/2025 22:10,1/22/2025 22:13,1,2,1,4.333333333333333,3,6776ef81efff3fd3d1892bfa,Decreasing,customers
44,1/22/2025 22:13,1/22/2025 22:14,1,1,1,4,4.5,59715b4b50e2f000016fe00e,Increasing,valuation
184,1/22/2025 22:10,1/22/2025 22:14,1,1,0,3.6666666666666665,3,65dc99d0191a135ab835bf69,Increasing,valuation
39,1/22/2025 22:13,1/22/2025 22:14,0,1,1,3.6666666666666665,2.5,65ad38a1b4da5762a8907fe5,Decreasing,competitors
49,1/22/2025 22:13,1/22/2025 22:14,-1,-1,-1,2,3,55871e2efdf99b28762c4604,Increasing,customers
65,1/22/2025 22:13,1/22/2025 22:14,1,1,1,4,3,67434241a8eedca11942c021,Increasing,valuation
40,1/22/2025 22:13,1/22/2025 22:14,1,1,1,4,4.5,66a1e930c8c3c213a255d5b3,Increasing,competitors
41,1/22/2025 22:13,1/22/2025 22:14,1,1,1,4,4,640e937a76dd9d1d852a7642,Increasing,valuation
55,1/22/2025 22:13,1/22/2025 22:14,-1,-1,-1,2,1.5,63f54db123b350a3b5836638,Decreasing,valuation
137,1/22/2025 22:11,1/22/2025 22:14,1,2,1,4.333333333333333,3.5,67651e0643487563a993e512,Increasing,customers
61,1/22/2025 22:13,1/22/2025 22:14,-2,-2,-2,1,1,664f74aec5c6e6331cd6e860,Decreasing,customers
119,1/22/2025 22:12,1/22/2025 22:14,1,2,0,4,3,67446a448997dec5f9d758ff,Decreasing,valuation
37,1/22/2025 22:13,1/22/2025 22:14,1,1,1,4,4.5,674306641e7e37b5843c7dd7,Increasing,valuation
36,1/22/2025 22:13,1/22/2025 22:14,1,1,1,4,4.5,665cf29b0d549ea90471ff33,Increasing,valuation
17,1/22/2025 22:14,1/22/2025 22:14,1,1,1,4,4,5c2fae74d76cde0001c11590,Increasing,competitors
29,1/22/2025 22:14,1/22/2025 22:14,-1,-1,-1,2,3,66231fc6e1ecba676935943a,Decreasing,competitors
44,1/22/2025 22:13,1/22/2025 22:14,-2,-2,-2,1,1.5,5685775f333cbd000c4e4c27,Decreasing,competitors
32,1/22/2025 22:14,1/22/2025 22:14,1,0,1,3.6666666666666665,3,677bf4e693e00aba61de28d5,Increasing,customers
28,1/22/2025 22:14,1/22/2025 22:14,-2,-2,-2,1,2.5,60fcd35b87f5e52100483eef,Decreasing,customers
52,1/22/2025 22:13,1/22/2025 22:14,-1,-1,-1,2,3,674791d066cd71f10db36a73,Decreasing,customers
32,1/22/2025 22:14,1/22/2025 22:14,1,1,1,4,3,673741d5e8999c8a575d36b1,Decreasing,competitors
43,1/22/2025 22:14,1/22/2025 22:15,1,1,0,3.6666666666666665,4,6786e8a3f6103eb9ae0095ca,Increasing,valuation
26,1/22/2025 22:14,1/22/2025 22:15,1,1,1,4,3.5,60ddc62b071a009e0b0c2922,Decreasing,competitors
53,1/22/2025 22:14,1/22/2025 22:15,1,1,1,4,3.5,6730612dd21a0796c6ffa983,Increasing,competitors
44,1/22/2025 22:14,1/22/2025 22:15,1,1,1,4,3,678c1725d431a331d3f53a3a,Increasing,competitors
27,1/22/2025 22:14,1/22/2025 22:15,2,2,2,5,4,655f8b8f810898dd82813bbb,Decreasing,valuation
44,1/22/2025 22:14,1/22/2025 22:15,1,1,0,3.6666666666666665,3,65e7795d1685521fd01bd49a,Decreasing,valuation
74,1/22/2025 22:14,1/22/2025 22:15,-1,-1,-2,1.6666666666666667,3,62a727c0b6efe57fb90a5b86,Increasing,valuation
32,1/22/2025 22:14,1/22/2025 22:15,-2,-1,-2,1.3333333333333333,3.5,66371cc4de71aac65b5f1980,Decreasing,competitors
43,1/22/2025 22:14,1/22/2025 22:15,1,1,0,3.6666666666666665,4.5,6634fbaa34b0a722c13accba,Increasing,valuation
22,1/22/2025 22:15,1/22/2025 22:15,-2,-2,-2,1,2,6733c03807f9f957e2eb1382,Decreasing,competitors
63,1/22/2025 22:14,1/22/2025 22:15,-1,0,0,2.6666666666666665,2.5,67785c6b67b1b323d4bc5421,Decreasing,competitors
45,1/22/2025 22:14,1/22/2025 22:15,0,0,-1,2.6666666666666665,3,664287debe4750708ea0ecf7,Decreasing,valuation
68,1/22/2025 22:14,1/22/2025 22:15,1,1,1,4,4,661ecd8cc417f5af7913161c,Increasing,valuation
52,1/22/2025 22:14,1/22/2025 22:15,1,1,0,3.6666666666666665,4,676f128c8b5c934da1097805,Increasing,competitors
41,1/22/2025 22:15,1/22/2025 22:15,1,1,1,4,3.5,67784915fe966e4dc7f485c1,Increasing,valuation
30,1/22/2025 22:15,1/22/2025 22:15,1,1,1,4,4,669b7e6e0f7f314904e8ecc2,Decreasing,valuation
47,1/22/2025 22:15,1/22/2025 22:15,0,0,0,3,3.5,62e0289b12d76830eadddf64,Decreasing,customers
39,1/22/2025 22:15,1/22/2025 22:15,0,0,0,3,4,5d153b1f40218700189a05df,Decreasing,valuation
41,1/22/2025 22:15,1/22/2025 22:15,2,1,1,4.333333333333333,3.5,677fba50be5fed1cc09bd9b9,Decreasing,customers
185,1/22/2025 22:12,1/22/2025 22:16,2,2,2,5,3.5,678101ecae0af8a1e1dd883a,Increasing,competitors
66,1/22/2025 22:15,1/22/2025 22:16,1,1,1,4,4,677bada7736f480aa34b3f31,Decreasing,customers
90,1/22/2025 22:15,1/22/2025 22:16,1,1,0,3.6666666666666665,3.5,675c65dae1855047257ade0e,Increasing,competitors
22,1/22/2025 22:16,1/22/2025 22:16,1,1,1,4,4,5664b80b4ef50400127da023,Increasing,competitors
44,1/22/2025 22:15,1/22/2025 22:16,1,1,0,3.6666666666666665,3,6746e3b0c308f9bdeda9f1a5,Decreasing,valuation
65,1/22/2025 22:15,1/22/2025 22:16,1,2,0,4,3,678b91a9567348686a870ca2,Increasing,customers
29,1/22/2025 22:16,1/22/2025 22:16,1,1,1,4,3.5,650072ae8de93bfe76ee318d,Increasing,customers
49,1/22/2025 22:15,1/22/2025 22:16,-1,0,0,2.6666666666666665,2,66cbc2627559d53c0e3e4ac4,Decreasing,valuation
34,1/22/2025 22:16,1/22/2025 22:16,2,1,1,4.333333333333333,3.5,63e630188c3e4ac4a92b1ff5,Increasing,competitors
55,1/22/2025 22:15,1/22/2025 22:16,-1,-1,-1,2,2.5,63b80a8b220f924d975670bc,Increasing,valuation
69,1/22/2025 22:15,1/22/2025 22:17,1,2,0,4,4.5,678ab0757e845755c753c5cc,Decreasing,competitors
25,1/22/2025 22:16,1/22/2025 22:17,1,1,1,4,4,67432a7f375b1cccc44d850e,Decreasing,customers
13,1/22/2025 22:16,1/22/2025 22:17,1,1,1,4,3.5,63106ea4e8fe9c6cd32bf358,Increasing,valuation
34,1/22/2025 22:16,1/22/2025 22:17,-1,1,-1,2.6666666666666665,3,667c0aad8d044ff16bcc58ac,Decreasing,competitors
51,1/22/2025 22:16,1/22/2025 22:17,1,1,1,4,3.5,6731181e325f0b67ff7da9c7,Increasing,customers
38,1/22/2025 22:16,1/22/2025 22:17,0,-1,-1,2.3333333333333335,3.5,678fdad15a9daf7e2371f6cb,Decreasing,customers
20,1/22/2025 22:16,1/22/2025 22:17,1,1,1,4,3.5,6400f8f41e203f131c68b79f,Increasing,valuation
34,1/22/2025 22:16,1/22/2025 22:17,-1,1,1,3.3333333333333335,2.5,678fb724d7af134eb3e0a767,Decreasing,customers
31,1/22/2025 22:16,1/22/2025 22:17,2,2,1,4.666666666666667,4,6788af16e14cde87368e4b49,Increasing,valuation
32,1/22/2025 22:16,1/22/2025 22:17,2,2,2,5,5,67700724f07c694ad429287a,Decreasing,valuation
47,1/22/2025 22:16,1/22/2025 22:17,2,2,2,5,3.5,6605a4248fa92a591521463c,Decreasing,valuation
37,1/22/2025 22:16,1/22/2025 22:17,2,2,2,5,5,6771a01f1265f76e247ec6ab,Decreasing,valuation
84,1/22/2025 22:16,1/22/2025 22:17,1,1,1,4,4,671819681e82990c9080f28d,Decreasing,competitors
81,1/22/2025 22:16,1/22/2025 22:17,-1,-1,-1,2,3,5bddade063f08d0001fb7afa,Increasing,valuation
60,1/22/2025 22:16,1/22/2025 22:17,1,0,-1,3,2.5,67345913204a8527699969f0,Decreasing,valuation
28,1/22/2025 22:17,1/22/2025 22:17,1,1,1,4,3.5,5de27ced22383629b807cc70,Increasing,customers
53,1/22/2025 22:17,1/22/2025 22:17,1,1,2,4.333333333333333,3.5,66dc3e9c52da4370a8271ba6,Decreasing,competitors
22,1/22/2025 22:17,1/22/2025 22:18,2,2,2,5,4,6744918cd764f575c5e0f046,Increasing,competitors
176,1/22/2025 22:15,1/22/2025 22:18,-1,-1,-1,2,2.5,604a06acf362ce3bbf7b5106,Decreasing,customers
93,1/22/2025 22:16,1/22/2025 22:18,1,2,2,4.666666666666667,4,67719b555b887a32d0f81d3f,Increasing,competitors
33,1/22/2025 22:17,1/22/2025 22:18,-1,-1,-1,2,2,6503144f9a10397111eb3eb9,Decreasing,competitors
50,1/22/2025 22:17,1/22/2025 22:18,1,1,1,4,3,676d26b55df6bd7bb878902d,Increasing,customers
192,1/22/2025 22:15,1/22/2025 22:18,0,1,0,3.3333333333333335,3,5c5844d8dd470300014ee3f1,Increasing,competitors
34,1/22/2025 22:17,1/22/2025 22:18,2,2,2,5,3.5,6764062da2b9f9701881a8f2,Decreasing,competitors
92,1/22/2025 22:17,1/22/2025 22:18,1,1,1,4,4,66ecacaae782ea94cd9bfbd8,Increasing,customers
54,1/22/2025 22:17,1/22/2025 22:18,1,2,1,4.333333333333333,3.5,6710a58eeff954cb2243950e,Decreasing,customers
149,1/22/2025 22:16,1/22/2025 22:18,2,1,1,4.333333333333333,5,66a03625788fece5584ab9ba,Decreasing,competitors
30,1/22/2025 22:18,1/22/2025 22:18,0,0,1,3.3333333333333335,4.5,6622b0aa7ad3117156e6ff68,Decreasing,customers
44,1/22/2025 22:18,1/22/2025 22:18,1,0,0,3.3333333333333335,3.5,677308aecc61b67917d21e38,Increasing,customers
43,1/22/2025 22:18,1/22/2025 22:18,-2,-2,-2,1,1,66ea8226df23b24cb53e266a,Decreasing,competitors
27,1/22/2025 22:18,1/22/2025 22:18,1,1,2,4.333333333333333,4,66fee34468f1a1766e9d5598,Decreasing,competitors
17,1/22/2025 22:18,1/22/2025 22:19,1,2,1,4.333333333333333,3.5,665a2f33fadedd5a395d81a3,Decreasing,valuation
26,1/22/2025 22:18,1/22/2025 22:19,1,1,1,4,4,671309eee1f4753b1cdeed82,Decreasing,customers
61,1/22/2025 22:18,1/22/2025 22:19,1,1,1,4,4,674eb8b83ea5bb36807aded3,Increasing,competitors
23,1/22/2025 22:19,1/22/2025 22:19,-1,0,0,2.6666666666666665,3,66cc91711ca3ffce3494567c,Decreasing,customers
71,1/22/2025 22:18,1/22/2025 22:19,-2,-1,-2,1.3333333333333333,2.5,5bb7abf3c190e20001e5c2c8,Decreasing,competitors
82,1/22/2025 22:18,1/22/2025 22:19,1,1,-1,3.3333333333333335,2.5,66794212883bd09e7b4b5489,Increasing,customers
20,1/22/2025 22:19,1/22/2025 22:19,1,1,1,4,4,6647687c4e426658c608e92e,Increasing,valuation
47,1/22/2025 22:19,1/22/2025 22:19,1,1,1,4,4,676a594831206acda80b5746,Increasing,competitors
160,1/22/2025 22:17,1/22/2025 22:19,1,1,1,4,3,6790fa65614688a97e49526b,Increasing,valuation
81,1/22/2025 22:18,1/22/2025 22:20,-1,0,-1,2.3333333333333335,2.5,63d2a4b549eb02187fd40092,Decreasing,competitors
101,1/22/2025 22:18,1/22/2025 22:20,1,1,1,4,2.5,678376a2b9f7ae9d753f05ca,Decreasing,customers
53,1/22/2025 22:19,1/22/2025 22:20,1,1,0,3.6666666666666665,4,677c44a07e18f6e75e30341d,Increasing,competitors
58,1/22/2025 22:19,1/22/2025 22:20,1,1,1,4,4.5,678cf92e50e7600dad5572a4,Decreasing,competitors
117,1/22/2025 22:19,1/22/2025 22:20,1,0,0,3.3333333333333335,3.5,6738c218706186b3fe8e8f56,Decreasing,valuation
20,1/22/2025 22:20,1/22/2025 22:20,1,2,2,4.666666666666667,4.5,67448e03230382ae3c683fa8,Decreasing,customers
44,1/22/2025 22:20,1/22/2025 22:21,1,0,1,3.6666666666666665,3.5,5c17c149f596b100011ca8b8,Increasing,competitors
66,1/22/2025 22:20,1/22/2025 22:21,2,2,2,5,3,66dcc0e54f44ccecf2730c76,Increasing,customers
16,1/22/2025 22:21,1/22/2025 22:21,1,0,0,3.3333333333333335,2,6647b11c05e40e04db826ccb,Increasing,customers
28,1/22/2025 22:21,1/22/2025 22:21,1,0,1,3.6666666666666665,2.5,67558a78aa571bda11e0a217,Decreasing,competitors
31,1/22/2025 22:20,1/22/2025 22:21,1,2,1,4.333333333333333,3.5,6730e13ba27b42d62350f113,Increasing,valuation
29,1/22/2025 22:21,1/22/2025 22:21,1,2,1,4.333333333333333,3,67533beeb6216afd02edf24a,Increasing,customers
52,1/22/2025 22:20,1/22/2025 22:21,2,2,2,5,3,66fc5b00ef557c37b7da526a,Decreasing,customers
39,1/22/2025 22:20,1/22/2025 22:21,1,2,1,4.333333333333333,3.5,67226859a31fd1824654fb98,Increasing,competitors
157,1/22/2025 22:19,1/22/2025 22:21,1,1,1,4,3.5,669be65b7f0c1a71305969d1,Increasing,competitors
43,1/22/2025 22:20,1/22/2025 22:21,1,1,1,4,3.5,6754bba05b2d447793c4c967,Decreasing,valuation
31,1/22/2025 22:21,1/22/2025 22:21,1,0,1,3.6666666666666665,4,6779cd235e575cd0fcbc97ce,Increasing,competitors
28,1/22/2025 22:21,1/22/2025 22:21,1,1,1,4,3,674a51db0ec1f325b4d5840e,Decreasing,valuation
54,1/22/2025 22:21,1/22/2025 22:22,1,2,1,4.333333333333333,2.5,6787e0208ae5cd8368b97efd,Decreasing,customers
105,1/22/2025 22:20,1/22/2025 22:22,1,1,1,4,4.5,62c431f8b8e7dec0d2c03ea7,Increasing,valuation
19,1/22/2025 22:21,1/22/2025 22:22,1,2,1,4.333333333333333,4,66b16dc0c8ca5b44c839b2fb,Decreasing,competitors
48,1/22/2025 22:21,1/22/2025 22:22,-1,-1,-1,2,3,5def36764194415d17f32c5b,Increasing,competitors
57,1/22/2025 22:21,1/22/2025 22:22,2,2,1,4.666666666666667,4,6721712fcb406c1b30dddd51,Increasing,customers
43,1/22/2025 22:21,1/22/2025 22:22,1,1,1,4,3,677c05b571d875b65d7c8438,Increasing,customers
86,1/22/2025 22:20,1/22/2025 22:22,1,1,0,3.6666666666666665,3,677b8f848f3f0d76f3aa38f9,Decreasing,valuation
50,1/22/2025 22:21,1/22/2025 22:22,1,2,1,4.333333333333333,4,677569dc5fad7df9485cf859,Increasing,competitors
53,1/22/2025 22:21,1/22/2025 22:22,1,2,1,4.333333333333333,4,676d430825b2c46f681ed18b,Decreasing,competitors
25,1/22/2025 22:22,1/22/2025 22:22,2,2,2,5,2.5,665c050b07508f6c4f8d01e0,Increasing,customers
100,1/22/2025 22:21,1/22/2025 22:23,1,1,1,4,3,677a37f304e6f6cfa45e3f19,Increasing,valuation
26,1/22/2025 22:22,1/22/2025 22:23,1,1,1,4,3,6780cbd2559a550df7877d77,Decreasing,customers
59,1/22/2025 22:22,1/22/2025 22:23,1,1,1,4,3,67684dd84deabe73a9da9353,Decreasing,customers
69,1/22/2025 22:22,1/22/2025 22:23,1,1,1,4,5,67914593283bb1de1f661469,Decreasing,customers
41,1/22/2025 22:22,1/22/2025 22:23,1,1,0,3.6666666666666665,4,6788553a74e8b270619d97f8,Decreasing,competitors
72,1/22/2025 22:22,1/22/2025 22:23,-1,-1,-1,2,2,643ebfff661435ecda5a3580,Decreasing,customers
114,1/22/2025 22:21,1/22/2025 22:23,1,1,1,4,4,675212f3df77a73a16f336dc,Decreasing,customers
87,1/22/2025 22:22,1/22/2025 22:23,1,1,1,4,4.5,673d0434aaaed8a6046ae655,Increasing,valuation
11,1/22/2025 22:23,1/22/2025 22:23,2,2,2,5,5,676063838d4db0d3eaa69c2b,Decreasing,valuation
44,1/22/2025 22:23,1/22/2025 22:23,1,1,2,4.333333333333333,3.5,677b150e6b6902b5e84ad06f,Decreasing,valuation
201,1/22/2025 22:21,1/22/2025 22:24,1,1,1,4,4,677ac5caa795f974325e5c65,Decreasing,customers
32,1/22/2025 22:23,1/22/2025 22:24,1,1,1,4,4,6728885ccabab9df50dc2edf,Decreasing,competitors
42,1/22/2025 22:23,1/22/2025 22:24,1,1,1,4,3,673594215b1a0b92d5835525,Increasing,customers
35,1/22/2025 22:24,1/22/2025 22:24,1,2,2,4.666666666666667,4.5,675ec3a5452fd3015aaedff1,Decreasing,competitors
80,1/22/2025 22:23,1/22/2025 22:25,1,0,1,3.6666666666666665,3.5,67220489def081b51d1fe99f,Increasing,customers
93,1/22/2025 22:23,1/22/2025 22:25,1,1,-1,3.3333333333333335,3,5abfe867a3ba7a0001b47449,Increasing,customers
60,1/22/2025 22:24,1/22/2025 22:25,-1,-1,-1,2,3.5,677c892ad2a80c70b4db97aa,Increasing,competitors
15,1/22/2025 22:24,1/22/2025 22:25,1,1,1,4,4,66d1012be23368ba644d1b3c,Increasing,valuation
51,1/22/2025 22:24,1/22/2025 22:25,-1,-1,0,2.3333333333333335,3.5,601fe0abd9466c54b4ae2edf,Decreasing,valuation
34,1/22/2025 22:24,1/22/2025 22:25,-1,-1,-1,2,3,677bec574ff8d887375142e0,Decreasing,valuation
35,1/22/2025 22:24,1/22/2025 22:25,2,1,1,4.333333333333333,3,67711ca734757c5868cd60c4,Decreasing,customers
16,1/22/2025 22:25,1/22/2025 22:25,1,1,1,4,3,671c1279b3833d369b3a5531,Increasing,valuation
18,1/22/2025 22:25,1/22/2025 22:25,1,2,1,4.333333333333333,4,67575658b9b0161efdbe9288,Increasing,valuation
14,1/22/2025 22:25,1/22/2025 22:25,1,1,1,4,3,573348527d01ed000f8f1615,Increasing,customers
52,1/22/2025 22:25,1/22/2025 22:26,1,2,1,4.333333333333333,5,670348a0446814e5ead1e672,Increasing,competitors
46,1/22/2025 22:25,1/22/2025 22:26,1,1,1,4,4,678e7b0d4134f95ff9fbbf31,Increasing,competitors
90,1/22/2025 22:24,1/22/2025 22:26,1,1,1,4,4,6761918a28ce48634be40f5d,Increasing,valuation
258,1/22/2025 22:21,1/22/2025 22:26,2,2,1,4.666666666666667,3,6762c31d8274c84533ad544a,Increasing,competitors
61,1/22/2025 22:25,1/22/2025 22:26,-1,0,-1,2.3333333333333335,3.5,677968daf8dc4ddeecc53a73,Decreasing,valuation
325,1/22/2025 22:21,1/22/2025 22:26,1,1,1,4,4.5,6782756d7693aa5625935429,Increasing,valuation
28,1/22/2025 22:26,1/22/2025 22:26,1,0,1,3.6666666666666665,3.5,659d549e063162467e0f3f2d,Decreasing,competitors
176,1/22/2025 22:23,1/22/2025 22:26,1,1,1,4,5,677ad05ed3467c1b5e00be11,Decreasing,competitors
54,1/22/2025 22:26,1/22/2025 22:27,2,2,2,5,3,55b9a9b0fdf99b6906d2aba4,Increasing,customers
132,1/22/2025 22:25,1/22/2025 22:27,-1,-1,-1,2,2.5,5e45c6a821fc4a089b895774,Decreasing,customers
70,1/22/2025 22:26,1/22/2025 22:28,1,1,1,4,3,6580668bce252e4eddaf9d83,Increasing,customers
54,1/22/2025 22:27,1/22/2025 22:28,1,1,1,4,4,5beb92fbe0a3940001543d8c,Increasing,valuation
14,1/22/2025 22:29,1/22/2025 22:29,2,2,2,5,2.5,5eadaff848b26f4483ae62d9,Increasing,customers
192,1/22/2025 22:26,1/22/2025 22:29,1,0,1,3.6666666666666665,5,674d2960c98591e86205e246,Decreasing,customers
91,1/22/2025 22:28,1/22/2025 22:30,2,1,2,4.666666666666667,4.5,678be12ae3f0793bae2d0448,Increasing,competitors
169,1/22/2025 22:28,1/22/2025 22:31,1,1,2,4.333333333333333,4,677fef2d85140835af525573,Decreasing,competitors
177,1/22/2025 22:28,1/22/2025 22:31,2,2,2,5,3,678aa22eb5db2af9be397452,Decreasing,competitors
272,1/22/2025 22:26,1/22/2025 22:31,2,2,2,5,4,6785601c216e4c830c0147f7,Increasing,competitors
24,1/22/2025 22:31,1/22/2025 22:31,1,1,0,3.6666666666666665,4,678bce747d5530210477b8dd,Decreasing,competitors
343,1/22/2025 22:26,1/22/2025 22:31,2,1,1,4.333333333333333,3,675bcc33d8b8f63130d6568f,Increasing,customers
38,1/22/2025 22:31,1/22/2025 22:32,2,2,2,5,4,672f2a6c663d1c32e522f50f,Decreasing,competitors
192,1/22/2025 22:29,1/22/2025 22:32,-1,-1,-2,1.6666666666666667,4,678807fe229dfba3630cecd2,Decreasing,competitors
100,1/22/2025 22:31,1/22/2025 22:33,1,-1,0,3,3.5,672e731be38d14738a4a1321,Increasing,competitors
17,1/22/2025 22:33,1/22/2025 22:33,1,1,0,3.6666666666666665,4,672e5a63b70948690942e599,Increasing,valuation
58,1/22/2025 22:32,1/22/2025 22:33,1,2,1,4.333333333333333,3.5,667ac4dcd237965bb30cb0d0,Decreasing,valuation
435,1/22/2025 22:26,1/22/2025 22:34,1,-1,-1,2.6666666666666665,3,6718c2e69028ca2b56a87679,Increasing,competitors
46,1/22/2025 22:33,1/22/2025 22:34,1,1,1,4,3.5,674210a69c7d9187ccbd2193,Increasing,competitors
41,1/22/2025 22:33,1/22/2025 22:34,1,1,1,4,3,678beb4407fe6ae23186cd25,Increasing,customers
34,1/22/2025 22:34,1/22/2025 22:34,2,2,1,4.666666666666667,5,669a878ad1cad8cabb0ea7dd,Increasing,valuation
794,1/22/2025 22:21,1/22/2025 22:34,2,2,2,5,2.5,678a07ce3f56c4ccb9301f8f,Decreasing,customers
588,1/22/2025 22:25,1/22/2025 22:35,1,-1,-2,2.3333333333333335,3,675596701cdaa7bdd28b97c1,Decreasing,competitors
801,1/22/2025 22:22,1/22/2025 22:35,2,2,2,5,4,678f5ff32bb579cc77116301,Increasing,valuation
64,1/22/2025 22:34,1/22/2025 22:35,1,1,1,4,3.5,6743c8da977b0d274dad1fc2,Decreasing,customers
27,1/22/2025 22:36,1/22/2025 22:36,1,0,-1,3,2,5d7085f70a426200186bc676,Decreasing,customers
82,1/22/2025 22:36,1/22/2025 22:37,1,1,1,4,4.5,677e3aaac08c3be46695369f,Increasing,competitors
16,1/22/2025 22:37,1/22/2025 22:38,1,2,2,4.666666666666667,3.5,6759f1abce6d8511c99ca95f,Decreasing,valuation
257,1/22/2025 22:34,1/22/2025 22:39,1,1,0,3.6666666666666665,3,5cb5f1e080ba1c0001790399,Increasing,customers
76,1/22/2025 22:37,1/22/2025 22:39,1,1,1,4,3,58d62c1733fef30001189b75,Increasing,valuation
46,1/22/2025 22:39,1/22/2025 22:40,1,1,1,4,5,673487045133bc17c8100d16,Decreasing,competitors
113,1/22/2025 22:39,1/22/2025 22:40,2,1,1,4.333333333333333,3,66ead9e7a8a1d43eed2fac97,Increasing,valuation
19,1/22/2025 22:41,1/22/2025 22:41,2,2,2,5,4,58935d5d4d77be0001689f14,Increasing,competitors
23,1/22/2025 22:43,1/22/2025 22:43,-1,-1,-1,2,3.5,5db4f0b63e33f2000dd54016,Decreasing,valuation
25,1/22/2025 22:44,1/22/2025 22:44,1,1,0,3.6666666666666665,3,599467b55f49420001cafa81,Increasing,customers
73,1/22/2025 22:44,1/22/2025 22:45,1,-1,1,3.3333333333333335,3.5,67791f09fe966e4dc7f4ac58,Decreasing,valuation
27,1/22/2025 22:46,1/22/2025 22:47,1,1,1,4,4.5,675a64a99571ac3d874a9f70,Decreasing,competitors
56,1/22/2025 22:47,1/22/2025 22:48,2,2,2,5,3,6649ffc6e1697a0ffa5be3b7,Decreasing,competitors
61,1/22/2025 22:47,1/22/2025 22:48,1,2,1,4.333333333333333,4.5,677fc8a7ee3675b8e4dd61d1,Decreasing,valuation
54,1/22/2025 22:48,1/22/2025 22:49,1,1,1,4,4.5,673e0f21862638c66615b402,Increasing,valuation
20,1/22/2025 22:50,1/22/2025 22:50,1,1,1,4,3.5,5f79bca83a2eb65c0983816d,Increasing,competitors
27,1/22/2025 22:51,1/22/2025 22:51,0,1,-1,3,3.5,678d9395277ecfbf44f51cc3,Decreasing,valuation
23,1/22/2025 22:51,1/22/2025 22:52,1,1,1,4,3.5,669a90feda82b881fc296656,Increasing,customers
96,1/22/2025 22:50,1/22/2025 22:52,0,-1,-1,2.3333333333333335,4,67675c7c30eda4c1a40986d6,Decreasing,valuation
21,1/22/2025 22:52,1/22/2025 22:52,1,0,1,3.6666666666666665,3.5,67675a39ffbd30658140e02e,Increasing,valuation
18,1/22/2025 22:52,1/22/2025 22:52,-1,1,0,3,2.5,62d6d87d91cf24a3c1c0f10c,Decreasing,valuation
40,1/22/2025 22:52,1/22/2025 22:53,1,1,1,4,3,612adba08b8235b31539c704,Decreasing,customers
19,1/22/2025 22:53,1/22/2025 22:53,2,2,2,5,3,670d59de8acf3a0b20436ebe,Increasing,valuation
44,1/22/2025 22:53,1/22/2025 22:54,1,-1,-1,2.6666666666666665,3,677a89677bd30b06cb24452b,Decreasing,competitors
35,1/22/2025 22:53,1/22/2025 22:54,1,2,1,4.333333333333333,3,641b7a506a5348002798fc03,Increasing,customers
47,1/22/2025 22:54,1/22/2025 22:55,1,1,-1,3.3333333333333335,3.5,671982be472c20e8170bd6a3,Increasing,customers
26,1/22/2025 22:55,1/22/2025 22:55,1,1,1,4,2.5,67849e9a334eaf1d8e0de077,Decreasing,competitors
28,1/22/2025 22:55,1/22/2025 22:55,1,0,0,3.3333333333333335,3,66515d888e25d564976b367c,Decreasing,customers
34,1/22/2025 22:55,1/22/2025 22:55,1,-1,-1,2.6666666666666665,2,6724817cd501041dde952875,Increasing,competitors
71,1/22/2025 22:55,1/22/2025 22:56,0,0,-2,2.3333333333333335,1,62d43cee3d60ac98c1dcacc8,Decreasing,valuation
19,1/22/2025 22:57,1/22/2025 22:58,1,0,1,3.6666666666666665,3,678ab58a42d9c671a9a09c94,Increasing,valuation
27,1/22/2025 22:58,1/22/2025 22:58,1,2,2,4.666666666666667,4,66c0df877e3dd5e2c1966f18,Decreasing,customers
89,1/22/2025 22:57,1/22/2025 22:59,0,1,-1,3,3.5,674f29b63d2d442c568ea8cf,Increasing,competitors
26,1/22/2025 22:59,1/22/2025 22:59,1,-1,-1,2.6666666666666665,2,6296295f57c07906c9052955,Decreasing,customers
44,1/22/2025 23:00,1/22/2025 23:01,1,1,1,4,1,63fa2f029381a13d9f2a36a8,Increasing,competitors
25,1/22/2025 23:04,1/22/2025 23:04,-1,-1,-1,2,3.5,631610af8e747093cd90e00d,Decreasing,valuation
93,1/22/2025 23:03,1/22/2025 23:05,1,2,2,4.666666666666667,3,674f68dde0df9b7d0cc274d9,Increasing,competitors
63,1/22/2025 23:05,1/22/2025 23:06,1,1,1,4,3,675355f5119e42585a9226cf,Decreasing,customers
66,1/22/2025 23:09,1/22/2025 23:10,2,2,1,4.666666666666667,3.5,6763b46518e4b44b2be6c127,Decreasing,valuation
82,1/22/2025 23:08,1/22/2025 23:10,2,2,2,5,4.5,67535345f1d0cdb79560d034,Increasing,customers
66,1/22/2025 23:12,1/22/2025 23:13,2,2,2,5,3.5,6763f1133bd483762829334e,Increasing,competitors
101,1/22/2025 23:17,1/22/2025 23:18,2,2,2,5,3.5,672943f01665b053c5cd5c86,Increasing,competitors
