StartDate,EndDate,Status,Progress,Duration (in seconds),Finished,RecordedDate,ResponseId,DV_1,DV_2,DV_3,DV_4_R,CouldLearn_1,CouldLearn_2,CouldLearn_3,1_Shape,1_Color,1_Size,1_Texture,2_Shape,2_Color,2_Size,2_Texture,EdgeProbability,turkid,condid,replicate
5/8/2024 21:08,5/8/2024 21:09,0,100,74,1,5/8/2024 21:09,R_210dNnKUvEu29UZ,2,2,2,-2,1,0,0,2,2,2,1,0,0,0,0,60,6037cc68160c3e0293ff18c9,0,1
5/8/2024 21:08,5/8/2024 21:11,0,100,146,1,5/8/2024 21:11,R_2aExTeJb3OvOg5U,2,1,1,-2,-1,-1,-2,1,1,2,1,2,2,1,0,75,5c811606aaf2af0001478fc5,0,3
5/8/2024 21:12,5/8/2024 21:14,0,100,90,1,5/8/2024 21:14,R_2NZnnLDEZUJwaWZ,2,2,2,-2,2,2,2,1,0,0,1,2,2,2,0,80,617406b6573d1eadf604330e,1,4
5/8/2024 21:15,5/8/2024 21:16,0,100,94,1,5/8/2024 21:16,R_8mahNczi3RBxgEW,2,2,2,-2,1,0,0,2,1,1,0,1,0,0,1,100,60426dd10e363812ef54edc3,0,1
5/8/2024 21:15,5/8/2024 21:17,0,100,118,1,5/8/2024 21:17,R_24vjPseClF9ZB5p,2,2,1,-2,1,1,-1,1,1,0,1,0,2,2,0,100,662f7d07893426bbdaf94778,1,3
5/8/2024 21:16,5/8/2024 21:19,0,100,151,1,5/8/2024 21:19,R_717sBKFknt99MQJ,2,2,2,-2,0,0,0,0,1,1,0,2,2,2,1,85,613dfb8f6035de19f201561c,0,0
5/8/2024 21:18,5/8/2024 21:19,0,100,89,1,5/8/2024 21:19,R_2PHjLp0wZ7roHPH,2,2,2,-2,2,0,1,2,1,2,0,0,0,0,1,90,610ba4d2fcf0cdcfb8a4e4fb,1,3
5/8/2024 21:19,5/8/2024 21:21,0,100,121,1,5/8/2024 21:21,R_2s12HISc6Tsthxi,2,1,1,-2,-1,-1,-1,0,0,1,0,2,2,2,1,50,5ee0a46b6f43d80354216621,0,4
5/8/2024 21:20,5/8/2024 21:21,0,100,80,1,5/8/2024 21:21,R_2rvjFJEZuXdfzQr,1,1,0,0,-1,-1,-1,2,0,2,0,1,2,0,1,85,5f64b12995d31b00080f3874,0,4
5/8/2024 21:19,5/8/2024 21:21,0,100,97,1,5/8/2024 21:21,R_2xtrzk6iAiqwTSN,2,1,1,-1,0,1,1,1,0,1,0,2,2,0,1,85,5edec1fe543b8816c672b069,1,0
5/8/2024 21:18,5/8/2024 21:21,0,100,200,1,5/8/2024 21:21,R_7ZxcIs2bVPb7Ikx,2,2,2,-2,1,1,1,2,1,1,0,0,2,2,1,90,59cc9fef21454d000194c43c,0,1
5/8/2024 21:19,5/8/2024 21:21,0,100,127,1,5/8/2024 21:21,R_2D5RH8xGEbjYrmA,2,2,0,-2,1,-2,-1,2,0,1,0,0,2,0,1,100,6447abcf5525c01385eda994,1,2
5/8/2024 21:19,5/8/2024 21:22,0,100,149,1,5/8/2024 21:22,R_5kpHtTozlA9pjoQ,1,1,1,-1,-2,-2,-1,1,2,1,1,0,1,2,0,55,5da753d65c6987001335a067,0,0
5/8/2024 21:17,5/8/2024 21:22,0,100,300,1,5/8/2024 21:22,R_23OwKtpLCiazLqN,1,2,1,-1,0,0,0,1,1,1,0,0,0,0,1,100,5ba23e4140fe1a0001ebc61a,1,1
5/8/2024 21:20,5/8/2024 21:23,0,100,172,1,5/8/2024 21:23,R_3fcIt4PIj0b99R5,2,2,2,-2,1,0,1,2,2,0,1,0,1,2,0,100,5aa91bb86475f90001a07cc5,1,2
5/8/2024 21:21,5/8/2024 21:23,0,100,116,1,5/8/2024 21:23,R_2c5SqKWrIrm4ykB,2,2,2,-2,0,0,-1,1,2,2,0,0,0,2,1,90,65c5305ca45f87579b9e33e6,1,3
5/8/2024 21:22,5/8/2024 21:24,0,100,126,1,5/8/2024 21:24,R_3dc04bd0SNxnA9b,2,2,2,-2,2,0,2,0,0,0,0,2,1,1,1,100,60feba6596fcb1e4a5eedc07,0,2
5/8/2024 21:22,5/8/2024 21:24,0,100,127,1,5/8/2024 21:24,R_3D6m4hOTb23tFJH,1,1,1,-2,-2,-2,-2,2,2,1,1,0,2,0,0,55,5f8f130a1eb75f1164083af0,0,2
5/8/2024 21:22,5/8/2024 21:24,0,100,124,1,5/8/2024 21:24,R_24N324xmgJdmmI1,2,2,2,-2,1,1,1,2,1,2,0,0,0,0,1,65,5c923052b788a200017072de,1,0
5/8/2024 21:23,5/8/2024 21:25,0,100,107,1,5/8/2024 21:25,R_8PmCqh0ZOyAmr1c,1,1,1,-1,0,0,0,0,0,0,1,1,2,2,0,65,612f916e59df6cf21323c251,0,3
5/8/2024 21:22,5/8/2024 21:25,0,100,176,1,5/8/2024 21:25,R_4JdRMeYQUA5Jpbb,1,2,1,-1,1,2,1,0,1,2,1,1,0,0,0,90,5d4019460cf8a3001a8d51a1,1,1
5/8/2024 21:23,5/8/2024 21:25,0,100,120,1,5/8/2024 21:25,R_87UxGPJOfRLAEUU,2,2,2,-2,1,1,1,0,2,2,1,1,1,0,0,95,5fb4661ad97d9a1668f07086,1,2
5/8/2024 21:24,5/8/2024 21:26,0,100,80,1,5/8/2024 21:26,R_2luaiS41fMyPWoq,2,2,1,-2,1,0,1,0,2,2,0,0,0,0,1,85,5f144b909ea46823c520eff2,1,3
5/8/2024 21:23,5/8/2024 21:26,0,100,154,1,5/8/2024 21:26,R_8SkosAFDL9ZDftA,2,2,2,-2,1,1,1,2,1,2,1,0,2,0,0,75,62eac3ffee4c4e1ffa6c0b7b,1,4
5/8/2024 21:23,5/8/2024 21:26,0,100,140,1,5/8/2024 21:26,R_3eVEHwevmKtZk8p,2,2,2,-2,1,2,-1,1,1,1,1,0,0,0,0,100,63ceddd2e08a688b3460a248,1,3
5/8/2024 21:23,5/8/2024 21:26,0,100,148,1,5/8/2024 21:26,R_8sbUnHEGx07UCih,2,2,1,-2,1,1,2,2,0,2,1,0,2,0,0,100,5aa8e2fd873cda00012d1f1b,0,1
5/8/2024 21:24,5/8/2024 21:27,0,100,140,1,5/8/2024 21:27,R_2oTimXVqZqI6p6p,2,2,1,-2,-1,-1,-1,1,0,2,1,0,1,0,0,95,5c5a000eb7edc10001a7ee16,1,1
5/8/2024 21:22,5/8/2024 21:27,0,100,283,1,5/8/2024 21:27,R_52lMhP4Zu7dPvvH,2,2,-2,-2,2,1,1,0,1,1,0,1,0,1,1,50,65e4cecfea299ac9d8a2947d,1,0
5/8/2024 21:25,5/8/2024 21:27,0,100,145,1,5/8/2024 21:27,R_2tx0eDgT1y4Q5u9,2,2,2,-2,1,1,1,1,2,0,0,0,0,2,1,70,63203d7490bfb5e4b58956a8,0,0
5/8/2024 21:27,5/8/2024 21:28,0,100,93,1,5/8/2024 21:28,R_2nAfbO1WKyIrBWR,2,2,2,-1,-1,-1,1,1,1,0,0,2,2,1,1,90,65313bdcb9fd825a8c1d4981,0,0
5/8/2024 21:25,5/8/2024 21:28,0,100,162,1,5/8/2024 21:28,R_2viCX0FAoImgt60,2,2,2,-2,2,2,2,0,1,2,1,1,2,0,0,100,5f650058c1e0bf000976f01f,0,2
5/8/2024 21:23,5/8/2024 21:29,0,100,373,1,5/8/2024 21:29,R_7FCzpM3hKTK24Ze,2,2,2,-2,1,1,1,2,1,1,0,1,2,2,1,85,5e1ba4f4e8a6633cb7d29344,0,3
5/8/2024 21:27,5/8/2024 21:29,0,100,143,1,5/8/2024 21:29,R_2zO6mbiWVNPCWyJ,2,2,2,-2,-1,-1,-2,0,0,0,1,1,1,1,1,55,5e263388efffb6000d807f91,0,2
5/8/2024 21:28,5/8/2024 21:30,0,100,115,1,5/8/2024 21:30,R_8xZNx0TXxfRfRgl,2,2,2,-2,2,-1,1,2,2,2,1,0,0,1,0,100,5c0e66f74324e80001c91874,1,0
5/8/2024 21:29,5/8/2024 21:30,0,100,40,1,5/8/2024 21:30,R_2917NU2ussV5hUg,2,2,2,2,2,2,2,1,1,0,0,2,2,2,1,60,6054b8917d12e50e58f01bed,0,1
5/8/2024 21:27,5/8/2024 21:30,0,100,175,1,5/8/2024 21:30,R_3isY0Ki41830KqL,2,2,2,-2,1,0,1,2,0,0,1,1,2,1,0,90,5686a869333cbd000d4e051d,1,1
5/8/2024 21:28,5/8/2024 21:30,0,100,167,1,5/8/2024 21:30,R_2E0twAJtTII9Mqk,2,2,2,-2,1,1,-1,0,1,0,0,0,2,0,1,85,6611c59f31e0f5b4562307f2,0,2
5/8/2024 21:28,5/8/2024 21:31,0,100,141,1,5/8/2024 21:31,R_2YVfCf6p9dP3X9f,1,2,-2,0,0,0,-2,1,0,0,1,2,0,0,0,75,6447c6d1fe85e60f39dedfce,0,1
5/8/2024 21:22,5/8/2024 21:31,0,100,498,1,5/8/2024 21:31,R_2fPKtdvtvlJYChX,2,2,2,-2,1,1,2,2,0,2,1,0,1,0,0,85,653e81e5fde0b1bf3b84a6c3,0,4
5/8/2024 21:30,5/8/2024 21:32,0,100,90,1,5/8/2024 21:32,R_2r2WkXuLngV7ZsJ,2,2,2,-2,1,-1,-1,0,0,0,0,2,2,1,1,50,5f4275b5981d7745acd1f912,0,2
5/8/2024 21:30,5/8/2024 21:32,0,100,97,1,5/8/2024 21:32,R_5LcJunCTngfv7Lm,1,2,-1,-1,1,2,1,1,0,2,0,1,1,1,0,85,63b6e6ab530c4fe8e28adbe6,1,0
5/8/2024 21:29,5/8/2024 21:32,0,100,153,1,5/8/2024 21:32,R_3oconLzWpSRTuUM,2,2,2,-2,0,1,-1,2,1,1,0,0,2,0,1,100,5dcff3985a40f20f62df1f48,1,1
5/8/2024 21:29,5/8/2024 21:33,0,100,203,1,5/8/2024 21:33,R_1ktGN8Y9U9hZoQ1,2,2,1,-2,1,1,1,0,0,1,0,1,2,2,1,85,63bda933c73904ed03687fd5,0,2
5/8/2024 21:31,5/8/2024 21:33,0,100,115,1,5/8/2024 21:33,R_1puquKtkeGw729z,2,2,2,-2,1,1,0,2,2,2,1,0,2,2,1,85,6147213e9333ddd0c65b3ed3,0,0
5/8/2024 21:29,5/8/2024 21:33,0,100,211,1,5/8/2024 21:33,R_1fI9cLfqq2JzBqt,2,2,1,-2,1,0,1,0,2,2,0,2,1,1,1,85,605c935e95a118608636b249,1,4
5/8/2024 21:30,5/8/2024 21:33,0,100,153,1,5/8/2024 21:33,R_8gztu2xUYiDj7gn,2,2,2,-2,2,1,1,0,0,2,1,2,2,0,0,100,5d95043f8e949c001680ef13,1,2
5/8/2024 21:30,5/8/2024 21:33,0,100,191,1,5/8/2024 21:33,R_3Rk5UBCicv0u5lD,2,2,2,-2,0,0,0,1,2,2,1,0,0,0,0,85,6269c1216bc57860c0a02ac3,0,0
5/8/2024 21:29,5/8/2024 21:33,0,100,268,1,5/8/2024 21:33,R_7MDUPJTSweP4Xf7,1,0,1,0,1,0,1,0,2,2,1,0,0,0,0,75,63eb98f4b870ea7b4def6dbb,1,2
5/8/2024 21:31,5/8/2024 21:33,0,100,121,1,5/8/2024 21:33,R_6C2uQbVr8aJeqi5,2,2,0,-2,1,1,1,1,1,2,1,2,2,1,0,85,5f0c9a9c5360b60f4118e168,0,0
5/8/2024 21:30,5/8/2024 21:33,0,100,206,1,5/8/2024 21:33,R_5ZJ3qZl4u0mO3Si,1,2,1,-1,1,1,0,0,0,0,0,1,1,1,1,75,5ee1ab2390b70958c8aa3019,1,0
5/8/2024 21:32,5/8/2024 21:35,0,100,131,1,5/8/2024 21:35,R_7EGQO6gS3iQiYZU,1,2,0,-1,0,0,-1,2,1,1,0,0,2,0,1,65,5c97f7ed18a759001648027a,0,4
5/8/2024 21:32,5/8/2024 21:35,0,100,161,1,5/8/2024 21:35,R_1ihE1Am19lk0g6I,2,2,2,-2,1,1,1,2,2,0,1,0,1,2,0,90,65cc058520a0795a18421ec3,1,1
5/8/2024 21:34,5/8/2024 21:36,0,100,129,1,5/8/2024 21:36,R_8fJbBNgcrGdT3AB,2,2,2,-2,1,1,1,0,0,0,0,1,1,2,1,55,616d8bc4bd45c4a64b3c6734,0,2
5/8/2024 21:35,5/8/2024 21:37,0,100,117,1,5/8/2024 21:37,R_2E2x3kFCq8NbWmd,2,2,2,-2,1,1,1,1,0,1,0,2,2,2,1,60,605e1fc0be766e80d0104df3,0,3
5/8/2024 21:33,5/8/2024 21:37,0,100,244,1,5/8/2024 21:37,R_511vxbJXLurRxSE,1,2,1,-1,1,1,0,0,2,0,0,2,1,1,1,65,5efcf3be07207311b09d14ab,0,3
5/8/2024 21:35,5/8/2024 21:37,0,100,121,1,5/8/2024 21:37,R_44HAXDHB0VGmPGV,1,1,1,-1,0,-1,1,2,2,1,1,0,0,0,0,85,5df519fc67f1703937a9e82f,1,1
5/8/2024 21:36,5/8/2024 21:37,0,100,90,1,5/8/2024 21:37,R_3h1YFtRfEJvHc7D,1,1,-1,-1,0,1,0,1,1,2,1,0,0,1,0,80,5a9a952cf6dfdd0001ea8e9c,0,0
5/8/2024 21:32,5/8/2024 21:37,0,100,326,1,5/8/2024 21:37,R_6QARFq7RadSbtYt,2,2,2,-2,2,2,2,0,0,2,0,1,2,0,0,100,6026c4445810833e0f5f9e3e,0,0
5/8/2024 21:35,5/8/2024 21:37,0,100,171,1,5/8/2024 21:38,R_1IXcgqIdhCgzRjY,2,2,0,-2,-1,-1,-1,0,2,1,0,2,1,2,1,65,663ac2e15e14ead697b3f72f,1,1
5/8/2024 21:36,5/8/2024 21:38,0,100,143,1,5/8/2024 21:38,R_4YkSPLLynxdhaZU,2,2,2,-2,1,1,1,2,2,0,0,0,0,0,0,100,5dc0d311e5dc4108137d7c10,1,1
5/8/2024 21:36,5/8/2024 21:38,0,100,140,1,5/8/2024 21:38,R_82i0G5P0UNtvVk5,2,2,2,-2,1,1,1,2,2,2,1,0,0,0,0,90,662ca217329ec210e02332c5,1,0
5/8/2024 21:36,5/8/2024 21:38,0,100,137,1,5/8/2024 21:38,R_2mwO9JN4GhW5JmC,2,2,2,-1,1,1,1,0,2,2,1,1,1,1,0,60,60e990a445aa4bae855c303f,1,3
5/8/2024 21:36,5/8/2024 21:38,0,100,140,1,5/8/2024 21:38,R_40Mwn4THQ1QLW1j,2,2,2,-2,1,0,0,2,1,2,0,1,0,0,1,85,5d75555c99bf5b0018864ed3,1,2
5/8/2024 21:36,5/8/2024 21:38,0,100,152,1,5/8/2024 21:38,R_2QxQPVJD4zoAbx1,2,2,2,-2,2,-2,1,1,2,1,0,0,0,2,1,100,612faedae9ff56b775e3cee5,0,0
5/8/2024 21:37,5/8/2024 21:39,0,100,102,1,5/8/2024 21:39,R_4ey8GbM0rSIAo6m,2,2,0,-2,1,1,1,0,0,0,0,2,2,1,1,90,61088ce4880184920a0a21b7,1,0
5/8/2024 21:35,5/8/2024 21:39,0,100,224,1,5/8/2024 21:39,R_7iC3wpSaXNjDPIY,2,1,1,-2,0,0,-1,1,0,0,0,2,0,0,0,90,5d6e570e8c129300166dba20,0,4
5/8/2024 21:37,5/8/2024 21:39,0,100,132,1,5/8/2024 21:39,R_22Rhgi5J7K9DGQn,2,2,2,-1,2,1,1,1,2,1,0,0,1,2,0,90,60426445bacd9a10fc89107c,1,4
5/8/2024 21:37,5/8/2024 21:39,0,100,147,1,5/8/2024 21:39,R_4jm6iVSHYB9bD07,2,2,2,-2,1,-1,1,2,0,0,0,0,2,2,1,80,5cb23900ab0dda0001399c94,1,1
5/8/2024 21:38,5/8/2024 21:40,0,100,77,1,5/8/2024 21:40,R_3ptJ1OhMlJAekHd,2,2,1,-1,1,1,0,2,0,1,1,0,1,0,0,80,60fed192ae37691d25db0d6d,1,3
5/8/2024 21:38,5/8/2024 21:40,0,100,79,1,5/8/2024 21:40,R_2Qm61pkKA6BcyAP,2,2,2,-2,2,1,2,0,0,2,0,1,2,0,1,70,5a9f9e14b5e2110001c6f6f5,1,1
5/8/2024 21:38,5/8/2024 21:40,0,100,125,1,5/8/2024 21:40,R_2YQZQBW8nWMEPN3,1,1,1,-1,0,1,-1,2,1,0,0,0,2,2,1,70,5f28fbaf2267a328f3ff4613,0,0
5/8/2024 21:37,5/8/2024 21:40,0,100,166,1,5/8/2024 21:40,R_22SofIVmqCANmXC,1,1,1,-2,1,1,0,1,1,1,0,2,0,0,1,85,63bd826609558e81532cd783,0,0
5/8/2024 21:36,5/8/2024 21:40,0,100,228,1,5/8/2024 21:40,R_1vYSKTiqvJvHTjX,2,2,2,-1,-1,0,1,0,2,2,1,2,1,0,0,60,663b5f86f9747d40cef0f2ec,1,0
5/8/2024 21:36,5/8/2024 21:40,0,100,271,1,5/8/2024 21:40,R_4rJLzX6Pln62NvZ,2,2,2,-2,2,2,2,2,1,1,0,0,0,0,0,95,65b2aa6ff9e672961875b4a6,1,4
5/8/2024 21:37,5/8/2024 21:40,0,100,228,1,5/8/2024 21:40,R_23f3L3aZGu3DRR3,2,2,1,-2,2,2,2,0,2,1,0,1,1,1,0,100,5f6c6f566df913000af123a8,1,1
5/8/2024 21:39,5/8/2024 21:41,0,100,117,1,5/8/2024 21:41,R_3VlrCdEm2HwHzGq,2,2,2,-2,2,2,2,2,2,2,0,1,0,1,1,100,5fd4d10b2f970406fe63ad96,0,2
5/8/2024 21:38,5/8/2024 21:41,0,100,149,1,5/8/2024 21:41,R_8gk6b7IMsBdk6Ax,2,2,2,-2,1,-2,-2,2,1,1,1,2,0,0,1,100,5fefbe11416cbae5ca4295f2,1,2
5/8/2024 21:39,5/8/2024 21:41,0,100,111,1,5/8/2024 21:41,R_2MLJesbfz4lyUXu,2,2,2,-2,2,2,2,2,0,2,1,1,1,0,0,100,57f37e0ce2ba190001eaa231,1,2
5/8/2024 21:39,5/8/2024 21:41,0,100,121,1,5/8/2024 21:41,R_2y9x5PBGWAgPuj7,2,2,2,-2,2,1,2,2,2,2,0,0,0,0,1,85,63c81611b29df444548a099e,1,0
5/8/2024 21:39,5/8/2024 21:41,0,100,122,1,5/8/2024 21:41,R_3IhGJjPkJnt3Iij,1,2,1,-1,1,1,0,2,0,1,1,0,2,0,0,75,552bf9b4fdf99b59afb6c38c,0,1
5/8/2024 21:40,5/8/2024 21:42,0,100,106,1,5/8/2024 21:42,R_4QgB365JSX2W522,2,2,2,-2,1,1,1,2,2,0,0,0,0,2,1,100,5bdeda9109e1b40001df5140,0,1
5/8/2024 21:39,5/8/2024 21:42,0,100,172,1,5/8/2024 21:42,R_7xw8ivQQKfoXSGR,2,2,2,-2,2,2,2,1,2,2,1,0,0,0,0,100,631ab96a9f27876b9e4fe4c0,1,4
5/8/2024 21:40,5/8/2024 21:42,0,100,100,1,5/8/2024 21:42,R_2wd7qBkZKRuESvD,2,2,-1,-1,1,1,1,2,2,2,1,0,1,1,0,100,61732398300543fd6936d9f5,1,3
5/8/2024 21:40,5/8/2024 21:42,0,100,111,1,5/8/2024 21:42,R_1dBhJaOA6XssSEP,2,2,2,-2,2,2,2,2,2,1,1,0,0,0,0,100,660c040de20b3bcf651ad3bb,0,4
5/8/2024 21:41,5/8/2024 21:42,0,100,74,1,5/8/2024 21:42,R_3GTCt81W0PEfrEo,1,2,1,-2,1,1,0,2,1,0,0,0,0,2,1,85,5e9ffaf7e9ea4e000b76917c,0,1
5/8/2024 21:40,5/8/2024 21:42,0,100,102,1,5/8/2024 21:42,R_23g1PIlUhYplH0J,2,2,2,-2,1,1,1,0,0,2,1,2,2,0,0,100,631b41500bed6fddcc87c089,1,2
5/8/2024 21:40,5/8/2024 21:42,0,100,148,1,5/8/2024 21:42,R_2L5ScaQ14tGpamk,1,1,1,-1,0,0,0,2,2,2,1,1,1,0,0,75,5cc369725986a4001b4e9041,0,4
5/8/2024 21:40,5/8/2024 21:42,0,100,167,1,5/8/2024 21:42,R_2hxpNzI7QUhEitK,2,2,2,-2,1,1,0,0,0,0,0,1,2,2,1,100,65ff48ba8866040c0d0649c5,0,1
5/8/2024 21:40,5/8/2024 21:42,0,100,132,1,5/8/2024 21:43,R_50IDgLWJvTK6GEp,2,2,2,-2,1,1,1,0,1,1,1,2,2,0,0,95,5f76884e077186131e17d851,1,4
5/8/2024 21:40,5/8/2024 21:43,0,100,138,1,5/8/2024 21:43,R_4QfKaCTDGsaahL3,2,2,2,-1,1,1,0,2,0,2,0,0,2,1,1,90,5994c52989d01e0001aea32f,1,1
5/8/2024 21:41,5/8/2024 21:43,0,100,90,1,5/8/2024 21:43,R_7L1MXP2AN9gMzT3,2,2,2,-2,1,1,0,0,2,0,0,2,1,2,1,80,5c966ef941172c00165d6fc5,1,4
5/8/2024 21:35,5/8/2024 21:43,0,100,493,1,5/8/2024 21:43,R_2oGzq4eJplZIXgB,2,2,2,-2,-1,-1,-1,1,0,1,1,0,2,1,0,65,6012e3ec177ded0d2a006b92,1,4
5/8/2024 21:42,5/8/2024 21:44,0,100,95,1,5/8/2024 21:44,R_4MXMXcDe2tPfYtS,1,2,2,-1,0,0,-1,2,0,1,0,1,1,2,1,85,61fa93315719bc09cb834c22,1,1
5/8/2024 21:42,5/8/2024 21:44,0,100,99,1,5/8/2024 21:44,R_5C45CGOOVLRxAOJ,2,2,2,-2,2,2,2,2,0,1,1,0,1,0,0,95,614dbfd84002a61c075c791c,1,0
5/8/2024 21:42,5/8/2024 21:44,0,100,107,1,5/8/2024 21:44,R_2ByUUtCWhnirOtA,2,2,1,-1,-1,-1,0,0,1,1,0,1,0,2,1,100,5ed2543942283e0366dadbdc,0,4
5/8/2024 21:43,5/8/2024 21:45,0,100,95,1,5/8/2024 21:45,R_3Yb09mcfcVASBoK,2,2,2,-2,2,1,1,1,1,2,1,0,0,0,0,95,5f5aa9f89a3ef61b0778d49a,1,1
5/8/2024 21:43,5/8/2024 21:45,0,100,80,1,5/8/2024 21:45,R_1Ma6ctYWZblAUT6,2,2,2,-2,1,1,1,0,0,0,0,2,1,1,1,100,63ddab8dd588bd624b534e1a,0,1
5/8/2024 21:40,5/8/2024 21:45,0,100,302,1,5/8/2024 21:45,R_67pQWzvF8TGjxJS,2,2,1,-2,0,0,0,0,0,0,1,1,1,1,0,90,5ebebcf619a604258a233c4f,1,4
5/8/2024 21:44,5/8/2024 21:45,0,100,73,1,5/8/2024 21:45,R_27d0F3ni7OEwwrS,1,1,1,-1,1,-1,1,2,1,0,0,0,0,0,0,85,63ee4510b5613c8ac0ce2ca8,1,0
5/8/2024 21:42,5/8/2024 21:45,0,100,163,1,5/8/2024 21:45,R_4f47JsIgmiX2IbD,-2,-2,-2,2,1,2,1,2,2,1,1,0,0,0,0,90,6638f4e6c322db84b55a1b1d,1,1
5/8/2024 21:42,5/8/2024 21:45,0,100,152,1,5/8/2024 21:45,R_7MLNMxtBafs2utz,2,2,2,-1,1,-1,1,2,2,0,1,1,1,1,0,90,60fd444d04a669e7466c3672,1,3
5/8/2024 21:43,5/8/2024 21:45,0,100,98,1,5/8/2024 21:45,R_2YLkKE8lT2HtQAW,2,2,1,-2,1,2,1,2,2,2,0,0,1,0,1,90,6426124fd4520b59c2330332,0,0
5/8/2024 21:42,5/8/2024 21:45,0,100,180,1,5/8/2024 21:45,R_4EGwx2yUFXbTkFx,2,2,2,-1,1,2,1,2,2,2,0,1,1,0,1,90,578e9a9bfa4465000113f154,1,1
5/8/2024 21:43,5/8/2024 21:45,0,100,147,1,5/8/2024 21:45,R_5EZ6EF3yNQrWOiN,2,2,1,-2,1,1,0,0,0,1,0,2,1,2,1,90,5bd075779afb5b00015b6791,1,0
5/8/2024 21:43,5/8/2024 21:45,0,100,145,1,5/8/2024 21:45,R_20Jo6PWXUjieZX8,1,2,1,-1,-1,0,0,2,0,1,1,0,0,0,0,100,5cf27ad9dac0090015cee0d1,0,2
5/8/2024 21:42,5/8/2024 21:45,0,100,177,1,5/8/2024 21:45,R_2112LyfZlw8iRt8,2,2,2,-2,2,2,2,0,0,2,1,0,1,1,0,100,63ed4ffc9e011d70035477c5,1,0
5/8/2024 21:43,5/8/2024 21:45,0,100,145,1,5/8/2024 21:45,R_7TRvrjW9rMY6yew,2,2,2,-2,1,1,1,0,0,1,1,1,2,2,0,100,5aae797f917b3b00010d4cf5,0,4
5/8/2024 21:44,5/8/2024 21:45,0,100,83,1,5/8/2024 21:45,R_8dXk6eqrAsgdTXL,1,2,1,-1,0,1,1,1,2,1,1,0,1,2,1,75,65a53c6da59f0304609826f1,0,0
5/8/2024 21:43,5/8/2024 21:45,0,100,133,1,5/8/2024 21:46,R_2HXPe2g2tr4DcP7,2,2,0,-1,2,1,1,1,2,1,0,1,1,2,1,70,6128d76bf2f6b1df98035506,0,2
5/8/2024 21:43,5/8/2024 21:46,0,100,153,1,5/8/2024 21:46,R_2BxGPzReBlptZBC,2,2,2,-2,2,1,2,2,1,0,0,1,2,2,1,65,659d27e291eb60fa73173007,0,0
5/8/2024 21:44,5/8/2024 21:46,0,100,109,1,5/8/2024 21:46,R_4PT78ag4PIA35np,2,2,2,-2,1,1,2,1,1,2,0,2,2,1,1,100,58584aa98604ae000165e633,0,3
5/8/2024 21:43,5/8/2024 21:46,0,100,153,1,5/8/2024 21:46,R_7hrOUZIcAWHlHYq,1,2,1,0,1,0,0,2,2,1,0,1,1,2,1,85,63874f631a1cdae0188d4e7a,0,0
5/8/2024 21:42,5/8/2024 21:46,0,100,212,1,5/8/2024 21:46,R_5m8LnJlDc7hK0ET,1,1,1,-1,1,1,1,0,0,2,0,2,2,1,1,90,60089c477baa6b3fba6dbe80,1,4
5/8/2024 21:43,5/8/2024 21:46,0,100,159,1,5/8/2024 21:46,R_1awPzImdIxsLBwX,2,2,2,-2,2,2,2,2,1,2,1,0,0,0,0,100,65ccfa53de506510669b3b4b,1,0
5/8/2024 21:44,5/8/2024 21:46,0,100,104,1,5/8/2024 21:46,R_2dAKX0iHNryviaB,2,2,2,-1,1,-1,1,0,0,0,0,2,2,1,0,90,59d949cf8fd07a000184247e,0,2
5/8/2024 21:42,5/8/2024 21:46,0,100,229,1,5/8/2024 21:46,R_5GeZ0FvDflh5aIF,2,2,2,-2,2,2,2,2,1,1,1,1,2,2,0,95,5e85ab2b4fc4231a0781facb,0,0
5/8/2024 21:44,5/8/2024 21:46,0,100,119,1,5/8/2024 21:46,R_21krSgVRqOtvsXL,2,2,1,-1,-1,0,-1,0,2,2,0,1,1,1,1,75,5788d88416a091000112be18,1,1
5/8/2024 21:42,5/8/2024 21:46,0,100,233,1,5/8/2024 21:46,R_5wMlmyDlv4basYM,2,2,2,-2,1,1,1,2,0,2,0,0,1,0,1,75,60fdab5109f28669ffadb847,0,3
5/8/2024 21:43,5/8/2024 21:46,0,100,231,1,5/8/2024 21:46,R_4OBwUiYclBhq1Xy,2,2,2,-2,-1,-2,-1,1,2,2,0,0,0,0,1,90,564a08bc6902220012c4b1a1,0,4
5/8/2024 21:40,5/8/2024 21:47,0,100,374,1,5/8/2024 21:47,R_75alS9mU5ZIsXW9,2,2,1,-2,0,1,0,2,0,0,0,0,1,1,1,70,5a5a6ed7f6c517000195029e,0,1
5/8/2024 21:45,5/8/2024 21:47,0,100,112,1,5/8/2024 21:47,R_2rHZSjDXrzp8liS,2,2,2,-2,-2,-1,-1,1,0,1,1,0,2,0,0,90,616186ef404351c2ab1abdd6,0,1
5/8/2024 21:43,5/8/2024 21:47,0,100,209,1,5/8/2024 21:47,R_2kOhedBLSfQLZpQ,1,0,1,-2,1,1,1,2,2,2,1,0,1,0,0,85,5b59a51fca6d01000157a8c3,1,1
5/8/2024 21:44,5/8/2024 21:47,0,100,154,1,5/8/2024 21:47,R_2D80QndMAcmKkQO,1,2,1,-1,-1,-2,-2,1,0,0,1,0,1,1,0,55,5b7c0430c4e6ad0001d35067,1,2
5/8/2024 21:43,5/8/2024 21:47,0,100,252,1,5/8/2024 21:47,R_1sByntOQ0zMVtO1,2,2,2,-2,2,1,1,0,2,2,0,1,1,1,1,70,659ab50980820849a02c0b5f,1,4
5/8/2024 21:45,5/8/2024 21:47,0,100,108,1,5/8/2024 21:47,R_7GxOfPB2ojVxtdH,2,2,2,-2,2,1,2,2,2,2,1,0,0,0,0,95,5eb4ba4ec885940009ecee48,1,0
5/8/2024 21:42,5/8/2024 21:47,0,100,276,1,5/8/2024 21:47,R_4UrZhEeqJEJvFUR,2,2,2,-2,1,1,1,1,0,0,1,2,1,2,0,100,5f8a08f7ada1650a0096396e,0,4
5/8/2024 21:44,5/8/2024 21:47,0,100,191,1,5/8/2024 21:47,R_8SHKHQNoiOzkYnL,2,2,2,-1,1,1,-1,1,0,1,1,0,1,0,0,80,6303867dca230ef4fb03882b,0,1
5/8/2024 21:45,5/8/2024 21:47,0,100,106,1,5/8/2024 21:47,R_6dlA55Pps55vO6d,2,2,2,-2,1,1,1,0,1,1,1,1,0,2,0,100,62b44b2b8605b06a6eb572b9,0,4
5/8/2024 21:46,5/8/2024 21:47,0,100,78,1,5/8/2024 21:47,R_2dNpHyKPdy47g9w,2,1,0,1,0,1,-1,2,2,2,0,1,0,0,0,80,63d7b5321ace6099e3a83386,1,1
5/8/2024 21:46,5/8/2024 21:47,0,100,90,1,5/8/2024 21:47,R_2QoMN2PU3K86rFO,1,1,1,-1,1,0,0,1,0,2,0,2,1,1,1,50,64135994fa1c09f8a0b91b95,0,4
5/8/2024 21:43,5/8/2024 21:47,0,100,250,1,5/8/2024 21:47,R_4r8NobORXn2AMUA,2,2,2,-2,2,2,2,1,0,1,0,2,1,2,1,90,660eb60b18e5d476791edb62,0,3
5/8/2024 21:44,5/8/2024 21:47,0,100,178,1,5/8/2024 21:47,R_5BWM9QEWToFwN9D,2,2,1,0,1,1,1,1,0,2,0,0,0,0,0,90,646dc9848e53ff1705d8c9c5,1,1
5/8/2024 21:42,5/8/2024 21:47,0,100,355,1,5/8/2024 21:47,R_7ERObVBREn74y7T,2,2,2,-2,1,1,2,1,0,2,1,2,1,0,0,100,65676ffa47a99a86629bc5ab,0,1
5/8/2024 21:45,5/8/2024 21:48,0,100,141,1,5/8/2024 21:48,R_2f1J1QVnXO26n97,2,2,2,-2,1,2,1,2,0,2,1,1,2,0,0,100,5588b2bffdf99b7a7714efd1,1,2
5/8/2024 21:43,5/8/2024 21:48,0,100,265,1,5/8/2024 21:48,R_5HOfGSVD7Bfe95N,0,-2,0,0,0,0,0,0,2,2,1,2,0,1,0,50,5e821bc0c17bb792f3e47326,1,2
5/8/2024 21:45,5/8/2024 21:48,0,100,166,1,5/8/2024 21:48,R_2NxAb5NnX3Yx0Yf,2,2,2,-2,1,1,1,0,2,0,1,1,1,1,0,100,616d8ff5eeb9a8616afa647d,0,4
5/8/2024 21:46,5/8/2024 21:48,0,100,129,1,5/8/2024 21:48,R_4I3q1I8xAUtxxNX,2,2,2,-2,1,1,1,1,1,0,0,2,2,2,1,100,6571d0cf6807ac4024fb68b5,0,4
5/8/2024 21:46,5/8/2024 21:48,0,100,132,1,5/8/2024 21:48,R_2i1XukcplwEoDia,2,2,2,-2,2,2,1,1,1,2,1,0,0,0,0,100,6161c4cc2d4f503e8265038e,1,4
5/8/2024 21:45,5/8/2024 21:48,0,100,205,1,5/8/2024 21:48,R_85QNt4ncOJIbcSn,2,2,2,-2,1,1,1,1,2,2,1,0,0,0,0,85,652ab57b43610c9446896a24,1,0
5/8/2024 21:42,5/8/2024 21:48,0,100,358,1,5/8/2024 21:48,R_5IbBKHA3Bc75NPl,2,2,2,-1,1,1,1,2,0,1,1,0,1,2,0,100,65d0918b2a90e977bb6c69c0,0,1
5/8/2024 21:46,5/8/2024 21:48,0,100,123,1,5/8/2024 21:48,R_77kvJMs0pwp5Uky,2,2,1,-1,1,1,1,1,0,2,1,2,1,1,0,80,5c912cc4833d710012ba013c,1,0
5/8/2024 21:47,5/8/2024 21:48,0,100,67,1,5/8/2024 21:48,R_1mmiBu1saleUut3,1,2,1,-1,1,0,1,2,0,2,1,0,2,0,0,100,56e9c7ac0a5579000d8f7dd4,1,3
5/8/2024 21:46,5/8/2024 21:49,0,100,136,1,5/8/2024 21:49,R_7PLIAEhrm3tiJwJ,2,2,1,-2,1,0,1,2,0,0,0,0,2,2,1,100,62779d95881329faf37ad653,0,4
5/8/2024 21:47,5/8/2024 21:49,0,100,113,1,5/8/2024 21:49,R_2yfzK9NsFgYgmzL,1,0,-1,1,-1,-1,-1,1,1,0,0,2,2,2,1,95,5ff1a553fd725a61862fef1b,0,1
5/8/2024 21:47,5/8/2024 21:49,0,100,95,1,5/8/2024 21:49,R_8ffc42C3GlCX1Xy,2,2,1,0,1,1,1,2,2,1,0,0,0,0,1,90,5ea7e9f15bc7011d31958608,1,3
5/8/2024 21:47,5/8/2024 21:49,0,100,73,1,5/8/2024 21:49,R_138kLHx5PzPujE2,2,2,2,-2,2,2,2,2,2,0,0,0,1,1,1,100,63dbddb434d075a0bff1dbc7,0,0
5/8/2024 21:48,5/8/2024 21:49,0,100,82,1,5/8/2024 21:49,R_1Ea2RAzg06b1eou,2,2,2,-2,1,1,1,0,2,1,1,0,0,0,0,85,62e02c79a168409c22dc09cb,1,0
5/8/2024 21:47,5/8/2024 21:49,0,100,94,1,5/8/2024 21:49,R_1yrCzzR9vDIbmP7,2,2,2,-2,1,1,1,2,0,2,1,1,2,0,0,100,5efb934059dba21145bee143,1,2
5/8/2024 21:48,5/8/2024 21:49,0,100,58,1,5/8/2024 21:49,R_2frwoCmQBy8XqpG,1,1,0,0,0,-1,0,0,0,0,1,1,1,1,0,80,5d834519f00cd300156b5562,0,1
5/8/2024 21:47,5/8/2024 21:49,0,100,131,1,5/8/2024 21:49,R_5pn8zJQWtLNbyzK,2,2,1,1,1,1,1,0,2,1,1,1,1,2,0,95,661542b4d92b4d10e66fe6dd,0,1
5/8/2024 21:47,5/8/2024 21:49,0,100,155,1,5/8/2024 21:49,R_7maV4gcpNFV7b8Y,2,2,2,-2,1,1,0,2,1,2,0,0,0,0,0,95,5b8ab1cffb7d720001b08f06,1,0
5/8/2024 21:48,5/8/2024 21:49,0,100,102,1,5/8/2024 21:49,R_3HeCMdlB3wnkabQ,2,2,2,-2,1,1,1,1,1,2,1,0,2,0,0,90,663bc254f4b7b1bf2cdd0a70,0,1
5/8/2024 21:47,5/8/2024 21:50,0,100,184,1,5/8/2024 21:50,R_8Qb2XGuVreQRLrz,1,2,0,-1,1,1,0,0,1,1,1,1,0,0,0,70,6362aa281270ea7fc6656dc7,1,1
5/8/2024 21:42,5/8/2024 21:50,0,100,489,1,5/8/2024 21:50,R_7SwMOHQ4on9TtyI,2,2,2,-2,1,-1,-1,2,2,1,1,1,0,0,0,90,60e43247dfebfc07a344bae8,0,1
5/8/2024 21:48,5/8/2024 21:50,0,100,108,1,5/8/2024 21:50,R_3H0Kkxxus9WdbAi,1,2,1,-1,0,1,-1,0,1,1,0,1,0,0,1,100,5641c95d17bdbe00102a0b51,1,3
5/8/2024 21:48,5/8/2024 21:50,0,100,103,1,5/8/2024 21:50,R_7vdMRAW6DnKiGI1,2,2,2,-2,1,1,1,2,2,0,1,0,0,1,0,95,5fa9392c0cc79c03b3f4eb58,1,4
5/8/2024 21:48,5/8/2024 21:50,0,100,134,1,5/8/2024 21:50,R_5Q6kGHQYg43qLav,2,2,1,-1,1,1,1,2,2,1,1,1,0,0,0,90,5a4c334121bfa00001081a4e,1,3
5/8/2024 21:49,5/8/2024 21:50,0,100,87,1,5/8/2024 21:50,R_5FLKcBrpOfO7rFM,2,2,0,1,1,1,1,0,1,0,0,2,2,2,1,70,60fd9b084a91f75f655da04f,0,4
5/8/2024 21:48,5/8/2024 21:50,0,100,104,1,5/8/2024 21:50,R_5RQ68JEBI4oG2ta,1,1,1,-1,0,-1,0,1,1,1,0,0,0,2,1,80,59ef9be762637600014a873d,1,0
5/8/2024 21:46,5/8/2024 21:50,0,100,277,1,5/8/2024 21:50,R_2lMPM9VLtYeWGmS,2,2,1,-1,1,1,1,1,1,1,1,0,2,2,0,70,614ae8dbcd4d31f05be56645,1,4
5/8/2024 21:47,5/8/2024 21:50,0,100,220,1,5/8/2024 21:50,R_8ILbEbZVO8B1UeL,2,2,1,1,1,1,1,1,1,1,0,2,2,2,1,60,645aad7d0f6aa5bf2c11cd71,0,3
5/8/2024 21:48,5/8/2024 21:50,0,100,139,1,5/8/2024 21:50,R_8f9ID47atUZZytL,1,1,0,-1,1,0,0,1,2,0,1,0,0,1,0,90,57fa6c8b07d709000141ad46,1,1
5/8/2024 21:49,5/8/2024 21:51,0,100,107,1,5/8/2024 21:51,R_8zPjfJydTRr95tl,1,1,0,0,0,-1,0,0,1,0,0,1,0,1,1,80,5d4c06c6a8d9fb001a1470d5,0,1
5/8/2024 21:49,5/8/2024 21:51,0,100,117,1,5/8/2024 21:51,R_8BnuAEjSwYtOpoG,2,2,0,-2,1,1,1,1,1,2,1,0,2,2,0,100,5be9fd84271bf10001525264,1,3
5/8/2024 21:48,5/8/2024 21:51,0,100,152,1,5/8/2024 21:51,R_8FleaAYuKjg5ViV,2,2,2,-2,1,1,0,0,1,1,0,2,2,0,1,85,5d49bae2428aab001910c21f,1,4
5/8/2024 21:49,5/8/2024 21:51,0,100,117,1,5/8/2024 21:51,R_5SwdfdIeOuUUgnL,2,2,2,-2,2,2,2,0,0,0,0,2,2,2,1,50,60e4c4029f0061acfc5feb1d,0,2
5/8/2024 21:48,5/8/2024 21:51,0,100,191,1,5/8/2024 21:51,R_2azB7rPcm9hYdJX,2,2,1,-2,1,-1,1,0,2,0,0,2,1,2,1,90,61661cac7d3cc02b3fc1b52b,0,2
5/8/2024 21:50,5/8/2024 21:51,0,100,82,1,5/8/2024 21:51,R_4Jhv98bruX8OK9b,2,2,2,-2,1,1,-2,0,2,2,1,1,0,0,0,100,5ad091dffb109b0001a3120a,0,0
5/8/2024 21:50,5/8/2024 21:51,0,100,90,1,5/8/2024 21:51,R_2ArgRwKg6bjZpfj,2,2,1,-2,1,0,1,2,1,1,1,0,2,2,0,95,63ea53e0ddf55cd04e5fc984,1,4
5/8/2024 21:48,5/8/2024 21:51,0,100,212,1,5/8/2024 21:51,R_70vjGZvC7p2Zyp3,2,2,2,-2,1,0,0,0,2,1,0,2,1,0,1,85,663742d4b6ecce6de34189ad,1,1
5/8/2024 21:48,5/8/2024 21:51,0,100,188,1,5/8/2024 21:51,R_4fDyZGZzm9jwBlH,-2,-2,-2,2,-2,-2,-2,2,0,0,0,1,2,2,1,50,5fdb9774e6b281000aaec58a,0,3
5/8/2024 21:49,5/8/2024 21:52,0,100,150,1,5/8/2024 21:52,R_5rOkqW0Rd3S86xl,2,2,0,0,-1,1,-1,0,1,0,1,0,1,0,1,80,5f5aa75a2cde2b1ac4679a9f,0,3
5/8/2024 21:50,5/8/2024 21:52,0,100,119,1,5/8/2024 21:52,R_37IOv24cexHl1AI,2,2,1,1,-1,0,-1,1,1,2,0,2,1,2,0,85,652d35bf8e2f5c57cf0ceaef,0,2
5/8/2024 21:49,5/8/2024 21:52,0,100,156,1,5/8/2024 21:52,R_6yQ1bXFLQB7ZLi1,2,2,2,-2,2,1,2,2,2,1,1,0,1,0,0,95,651cd578ab8356b73c4b0d30,1,1
5/8/2024 21:48,5/8/2024 21:52,0,100,223,1,5/8/2024 21:52,R_5UbHhwLSTrcchBs,1,2,2,-2,1,2,1,2,0,2,0,1,2,1,1,80,609978fde585cd14ae6a03a2,1,2
5/8/2024 21:50,5/8/2024 21:52,0,100,144,1,5/8/2024 21:52,R_2D6R33uOGWNALHI,2,2,1,-2,-2,-2,-2,2,0,2,1,1,1,1,0,55,5f96cb0772cd93035c5914fb,0,2
5/8/2024 21:48,5/8/2024 21:52,0,100,232,1,5/8/2024 21:52,R_7neBuqVh83YibSr,2,2,2,-2,2,1,1,2,2,2,1,1,1,1,0,90,663b89473b97353826d9d6a7,0,1
5/8/2024 21:50,5/8/2024 21:52,0,100,125,1,5/8/2024 21:52,R_2NKGTVimL4Ayyys,2,2,2,-2,2,2,2,1,1,1,1,0,2,1,0,90,5d7695cc7ae60f001bc4bde6,1,2
5/8/2024 21:49,5/8/2024 21:52,0,100,176,1,5/8/2024 21:52,R_52DTIVZLdeGujeG,2,2,1,-1,0,-1,-1,2,0,1,0,2,2,0,0,80,65240c7431dc54022d9a859e,0,1
5/8/2024 21:50,5/8/2024 21:52,0,100,104,1,5/8/2024 21:52,R_5fDn4Pc8Vl1PoLb,2,2,2,-2,2,1,2,1,2,2,0,2,0,0,0,100,5c01262b8d6776000114f8c6,1,3
5/8/2024 21:51,5/8/2024 21:53,0,100,121,1,5/8/2024 21:53,R_4d5JleExPDQyREQ,1,1,1,-2,-2,-2,-2,0,0,0,1,0,2,2,1,50,65ca2977bc327c60dbc2232c,0,2
5/8/2024 21:52,5/8/2024 21:53,0,100,76,1,5/8/2024 21:53,R_2npScApdhgPMRSF,2,2,2,-2,1,1,1,2,2,1,0,0,0,2,0,85,60def5138b12a023e5ae885c,0,0
5/8/2024 21:51,5/8/2024 21:53,0,100,143,1,5/8/2024 21:53,R_5RscabG6lvltCq7,2,2,1,-2,1,2,2,2,2,0,0,2,1,1,1,90,5d3d9749607ede001a0712df,1,3
5/8/2024 21:52,5/8/2024 21:53,0,100,67,1,5/8/2024 21:53,R_2Pvu4PbAZTYU46h,1,1,1,-2,2,1,1,2,0,2,0,0,1,0,1,85,660d58fae74b8052996b96f0,1,2
5/8/2024 21:50,5/8/2024 21:53,0,100,192,1,5/8/2024 21:53,R_7eKIcrfo56Z8qXH,2,2,2,-1,0,-1,0,1,2,2,1,0,0,0,0,100,609fe745ce68c700663d6339,1,3
5/8/2024 21:51,5/8/2024 21:53,0,100,126,1,5/8/2024 21:53,R_62lXsg9NxgMegBt,2,2,2,-2,1,1,1,2,0,1,0,1,2,2,1,60,5e66b7cc639d1f4320f07bea,0,1
5/8/2024 21:52,5/8/2024 21:53,0,100,93,1,5/8/2024 21:53,R_5n1TU8yX3bbROk2,2,2,2,-2,1,1,1,1,0,1,0,0,2,2,1,90,65e73d9b18c64807e50d2622,0,3
5/8/2024 21:51,5/8/2024 21:53,0,100,146,1,5/8/2024 21:53,R_24CvU5IyPlTt8YN,-1,-1,-1,1,-2,0,-1,2,2,2,1,1,1,1,0,60,596e51b8b174180001756e7a,0,2
5/8/2024 21:52,5/8/2024 21:53,0,100,91,1,5/8/2024 21:53,R_2IGycumqZfdHhc2,2,2,2,-2,1,1,1,2,0,1,0,2,0,0,0,100,63d5decffe6025fec6a381b0,0,3
5/8/2024 21:51,5/8/2024 21:53,0,100,101,1,5/8/2024 21:53,R_7xdHbee5C7qkrkt,2,2,2,-2,-2,-2,-2,1,1,1,1,2,2,0,0,55,58daceccf94de20001fbd84e,1,2
5/8/2024 21:52,5/8/2024 21:53,0,100,90,1,5/8/2024 21:53,R_5N8N3dww5w33y1p,1,2,-1,1,-2,-2,-2,2,2,2,1,0,1,1,0,50,6164701dae20c042120fd305,0,0
5/8/2024 21:52,5/8/2024 21:53,0,100,95,1,5/8/2024 21:53,R_31w5eMOQ7TDzfRT,2,2,2,-1,1,-1,1,0,0,0,0,2,2,2,1,65,60d332d15ea0b41e6603bba3,0,1
5/8/2024 21:50,5/8/2024 21:53,0,100,222,1,5/8/2024 21:53,R_6jVeh3uA1F2oZ79,-1,0,-1,1,-1,-1,-1,2,2,2,1,0,0,0,0,100,5c871ab7de75d4001602869d,1,4
5/8/2024 21:52,5/8/2024 21:53,0,100,75,1,5/8/2024 21:53,R_3G3cBwE4wLM4BrG,2,2,2,-2,2,2,2,1,1,2,1,2,0,1,0,95,5b94d08a41cfe90001c6a249,0,0
5/8/2024 21:53,5/8/2024 21:53,0,100,47,1,5/8/2024 21:53,R_2Qu7Z39jdV10Smh,1,1,0,-1,1,1,1,1,1,2,0,2,0,1,1,85,655a152ea36af682da467b5c,0,4
5/8/2024 21:52,5/8/2024 21:53,0,100,90,1,5/8/2024 21:53,R_2V3JPEbjuZBxAxq,2,2,1,-1,-2,-1,-2,0,0,1,0,2,2,0,1,75,5c71ca9bf6c9fe00013ef0b5,0,3
5/8/2024 21:52,5/8/2024 21:53,0,100,89,1,5/8/2024 21:53,R_8G9RnzKh4GStj61,2,2,2,-2,1,1,1,2,2,2,0,0,1,0,1,90,60bf0f6824fa105c814baabc,1,2
5/8/2024 21:51,5/8/2024 21:54,0,100,153,1,5/8/2024 21:54,R_7q29c11m4hW3pkn,2,2,2,-2,1,1,1,2,2,1,0,1,1,0,1,75,5c7f087e7ce06e0012d9eadc,0,0
5/8/2024 21:52,5/8/2024 21:54,0,100,105,1,5/8/2024 21:54,R_7h9LpKnf17Q4vG3,1,2,1,-2,1,1,1,0,0,0,0,1,2,1,1,95,5e665d52e8177d3de2db564f,0,2
5/8/2024 21:52,5/8/2024 21:54,0,100,133,1,5/8/2024 21:54,R_4TG5Vmb259SGicx,2,2,2,-2,1,2,1,1,1,1,1,0,0,0,0,90,628f6cd7c60d4b705483ba0e,1,0
5/8/2024 21:53,5/8/2024 21:54,0,100,60,1,5/8/2024 21:54,R_3OUptznhVq48v4q,2,2,2,-2,1,1,1,0,0,2,0,1,2,0,1,65,65b3e5b88a5c73ef26fc1ac0,1,0
5/8/2024 21:52,5/8/2024 21:54,0,100,116,1,5/8/2024 21:54,R_4MdB6zTVScJPbvr,2,2,2,-1,-1,1,-1,0,2,0,0,1,1,2,1,100,63eb3891e11552f1afb46066,0,2
5/8/2024 21:54,5/8/2024 21:54,0,100,42,1,5/8/2024 21:54,R_27vTVLplfkvyG1k,1,1,2,-1,-1,1,-1,0,1,2,0,2,0,0,1,70,5b3648e7f726b2000192b3f4,1,4
5/8/2024 21:53,5/8/2024 21:54,0,100,102,1,5/8/2024 21:55,R_8LMuuwmpF3NFdsb,2,2,2,-2,1,0,1,1,1,0,1,2,2,2,0,85,56d84fd94a9be1000553c1d7,1,2
5/8/2024 21:53,5/8/2024 21:55,0,100,92,1,5/8/2024 21:55,R_8zRPGSlznRnjpHH,1,1,1,-1,0,1,1,2,0,1,0,1,2,0,1,80,60eead911e567d29abb34468,0,1
5/8/2024 21:53,5/8/2024 21:55,0,100,100,1,5/8/2024 21:55,R_3egEYcsWqfVQPh7,2,2,2,-2,2,2,2,0,2,2,0,1,1,1,1,70,663afb4c74805516d7983f27,0,3
5/8/2024 21:52,5/8/2024 21:55,0,100,148,1,5/8/2024 21:55,R_4qZFLA60w7Q3gVH,2,2,2,-2,1,1,1,2,2,0,0,0,0,2,0,55,661c50862a6a553cdfbea9b6,0,0
5/8/2024 21:53,5/8/2024 21:55,0,100,108,1,5/8/2024 21:55,R_77rbYeEoO25lS7f,2,1,1,-1,1,0,0,0,0,2,1,2,2,0,0,85,661bd9a8ac3c7e05dc6ba8ec,1,2
5/8/2024 21:51,5/8/2024 21:55,0,100,216,1,5/8/2024 21:55,R_2jWx2cPMuEslMBP,2,2,2,-2,1,2,1,0,0,1,0,2,1,1,1,80,662943409eaeecd5407bfdd1,1,0
5/8/2024 21:53,5/8/2024 21:55,0,100,120,1,5/8/2024 21:55,R_1CQ20VZowC3duc9,2,2,1,-2,-1,-1,-1,2,2,0,0,0,0,1,1,100,6605cdfbb3ab4e6faea5370a,1,0
5/8/2024 21:52,5/8/2024 21:55,0,100,172,1,5/8/2024 21:55,R_42hhyNZoG22iI5L,2,1,2,-2,1,0,1,0,0,0,0,1,1,1,0,100,60867f15c6327e78242c627c,0,2
5/8/2024 21:48,5/8/2024 21:55,0,100,396,1,5/8/2024 21:55,R_239KFfP30k0L4Bt,1,2,2,-1,2,1,1,0,2,2,0,2,1,0,1,90,653e75d85d02e5800a417c12,1,2
5/8/2024 21:53,5/8/2024 21:55,0,100,156,1,5/8/2024 21:55,R_2e9Nepc2ds2WanY,2,2,1,-2,1,1,1,2,2,2,0,0,1,1,1,70,63d148b2255821a940922c1a,1,3
5/8/2024 21:53,5/8/2024 21:55,0,100,133,1,5/8/2024 21:55,R_4pnXWxo4lG0fuiB,1,2,1,-1,0,-1,1,1,0,1,0,2,2,2,1,85,5c55b06b6d0d9100012e204c,0,2
5/8/2024 21:54,5/8/2024 21:55,0,100,76,1,5/8/2024 21:55,R_5y90fqM0fAHrJOC,2,2,2,-1,-1,-1,-1,2,0,2,1,0,2,0,0,80,60fd3dcbeb03070b7de3174f,0,1
5/8/2024 21:54,5/8/2024 21:55,0,100,102,1,5/8/2024 21:55,R_7uq8vKKgdpegOpH,2,2,1,-1,1,1,1,2,1,1,1,0,0,0,0,75,5d9b4d9d6cb1870018ba1a27,1,3
5/8/2024 21:55,5/8/2024 21:55,0,100,53,1,5/8/2024 21:55,R_50u8xn8soYMCsR4,2,2,2,-2,0,-1,0,0,2,0,1,2,2,2,0,85,603ce27fe198adae929342b3,0,4
5/8/2024 21:53,5/8/2024 21:56,0,100,184,1,5/8/2024 21:56,R_2hxyVYVcVaa4A1r,2,2,2,-2,2,1,1,0,1,1,0,1,2,2,1,90,6266fb8ab1af3b362ff835da,0,1
5/8/2024 21:54,5/8/2024 21:56,0,100,103,1,5/8/2024 21:56,R_6hFuunaVcBcDRpU,2,2,2,-2,2,2,2,1,1,0,0,2,2,2,1,100,609720f77227ed736f8426cf,0,4
5/8/2024 21:55,5/8/2024 21:56,0,100,81,1,5/8/2024 21:56,R_3qvWn4FZgtoHRLq,2,2,1,-2,-1,-1,-1,2,2,2,0,0,1,0,1,70,5e8644dc6d54ca0a09510c88,0,3
5/8/2024 21:55,5/8/2024 21:56,0,100,58,1,5/8/2024 21:56,R_3fcwprGkTwiwfqp,1,1,0,-1,0,-1,0,1,0,1,0,0,1,0,1,80,5d6ad36076cca6001a66d89e,0,2
5/8/2024 21:53,5/8/2024 21:56,0,100,166,1,5/8/2024 21:56,R_5BBZuz8L11TSMi5,2,2,2,-2,2,-1,1,0,1,0,0,1,2,1,1,85,663b8b01994bf50119b3137c,0,0
5/8/2024 21:53,5/8/2024 21:56,0,100,164,1,5/8/2024 21:56,R_5NkX8ZvFBWlWsR2,2,2,2,-2,2,2,2,2,0,1,0,1,1,0,1,80,61487601c28ffb5294ccd72c,1,1
5/8/2024 21:53,5/8/2024 21:56,0,100,194,1,5/8/2024 21:56,R_7PZbb33gvrB4hHa,2,2,2,-2,-1,-2,-1,2,1,1,1,0,0,0,0,100,5b65628dcb06ee00015f6c9c,1,3
5/8/2024 21:49,5/8/2024 21:56,0,100,439,1,5/8/2024 21:56,R_62yEJ1F5VA6xcrL,2,2,2,-2,2,2,2,1,2,0,1,2,1,2,0,55,5e986be10e86580585104d60,1,4
5/8/2024 21:52,5/8/2024 21:56,0,100,261,1,5/8/2024 21:56,R_5N3sTWn9vc1w6CY,2,2,2,2,1,1,2,2,2,2,0,1,0,1,1,85,65cb6bd59d023df9be06bf55,1,2
5/8/2024 21:53,5/8/2024 21:57,0,100,203,1,5/8/2024 21:57,R_8PeqPjewLknkzMs,2,2,2,-2,1,1,1,2,2,0,0,0,1,1,1,100,5e67a63dd0697a04fd08ef72,0,0
5/8/2024 21:53,5/8/2024 21:57,0,100,185,1,5/8/2024 21:57,R_4HvK1mNeyYTSvO9,1,0,0,0,-2,-2,-2,1,1,0,0,2,2,2,1,100,63d16b409fc89f6d3a97f281,0,0
5/8/2024 21:55,5/8/2024 21:57,0,100,81,1,5/8/2024 21:57,R_2hoNmmAXYXFDOY4,1,2,1,-1,-2,-1,-1,2,1,1,1,0,2,0,0,70,59fa3f3705d1d60001f149da,1,4
5/8/2024 21:54,5/8/2024 21:57,0,100,136,1,5/8/2024 21:57,R_2n2BqDPOX1mTsw1,2,2,2,-2,1,1,1,1,0,2,1,0,2,0,0,100,637be9ed8005fb3ac639e04f,0,3
5/8/2024 21:54,5/8/2024 21:57,0,100,180,1,5/8/2024 21:57,R_847X1xmcB5zMiMg,2,2,2,-2,2,2,2,1,1,1,1,0,0,0,0,100,5b7e7de287d85f0001bac19a,1,4
5/8/2024 21:55,5/8/2024 21:57,0,100,98,1,5/8/2024 21:57,R_57OUbrlPg1nemAh,2,2,2,-2,1,1,1,2,0,1,0,1,2,2,1,95,64b53cb9f438ca54a2ca5065,0,0
5/8/2024 21:55,5/8/2024 21:57,0,100,129,1,5/8/2024 21:57,R_4E6ju5OHcql1vmh,2,2,2,-2,1,1,1,1,1,2,1,1,2,0,0,100,5ebddfe4903b33131c889c2c,1,3
5/8/2024 21:54,5/8/2024 21:57,0,100,169,1,5/8/2024 21:57,R_2AQlo6ItGUSmlch,2,2,2,-2,1,1,-1,0,1,1,1,2,0,0,0,85,660b4866df837c3787bdd0bc,0,4
5/8/2024 21:55,5/8/2024 21:57,0,100,92,1,5/8/2024 21:57,R_2soasJG6awxPBuJ,0,1,0,1,1,1,1,0,2,2,0,2,0,1,1,75,5b616c251957b60001e286fc,1,2
5/8/2024 21:55,5/8/2024 21:57,0,100,81,1,5/8/2024 21:57,R_31YHbOcecKJB3aO,2,1,2,-1,1,2,2,1,2,1,0,0,0,2,1,90,63d3fc9de67e1179cdf0d080,1,1
5/8/2024 21:54,5/8/2024 21:57,0,100,161,1,5/8/2024 21:57,R_4PXrajWFiqGZjJq,2,2,2,-1,2,1,1,0,2,2,1,2,1,0,0,90,60fd350d588f4b72f733c1ef,1,2
5/8/2024 21:52,5/8/2024 21:57,0,100,319,1,5/8/2024 21:57,R_6ARP8J1DfJpbFaC,2,2,2,-2,1,1,1,0,0,2,1,1,1,1,0,85,65bba95969fb7e58ac83a6ce,0,4
5/8/2024 21:55,5/8/2024 21:57,0,100,111,1,5/8/2024 21:57,R_2ijOHf0VG14zonR,2,2,2,-2,1,1,1,2,1,0,0,1,2,2,1,75,5cc0d590ecd0500001e5eb80,0,0
5/8/2024 21:54,5/8/2024 21:57,0,100,157,1,5/8/2024 21:57,R_4jPQKapMTVQFr8G,1,2,1,-1,1,2,2,1,2,2,0,2,0,0,1,65,6151b29b82509c9a7825c254,0,0
5/8/2024 21:54,5/8/2024 21:57,0,100,208,1,5/8/2024 21:57,R_2m3lzvhViZTgfNM,2,2,2,-2,2,1,1,0,0,0,0,2,2,2,1,90,66267d2dbac5fa5ed69926cc,0,2
5/8/2024 21:55,5/8/2024 21:57,0,100,146,1,5/8/2024 21:57,R_1pXrdzUBoCvPpvF,2,2,2,-2,2,2,2,2,0,0,0,0,1,2,1,95,663a6f456c99ab4830407bdf,0,3
5/8/2024 21:54,5/8/2024 21:57,0,100,174,1,5/8/2024 21:57,R_2Eoe05Z9cJH8U0E,2,2,2,-2,2,2,2,1,0,2,0,0,2,1,0,100,63e530e893c44a3aefe9b29c,1,1
5/8/2024 21:56,5/8/2024 21:57,0,100,92,1,5/8/2024 21:57,R_22b7f2JQE0pNtMr,2,2,2,-2,-1,-1,0,2,1,2,1,0,2,0,0,100,612ce2dc4fe6978901d3ed10,1,3
5/8/2024 21:55,5/8/2024 21:57,0,100,141,1,5/8/2024 21:57,R_7rJHmHZUYxjOXaB,2,2,2,-2,2,1,1,1,1,2,1,0,2,2,1,90,6636dacacb363670ddb95ff7,1,3
5/8/2024 21:55,5/8/2024 21:57,0,100,169,1,5/8/2024 21:57,R_2chkLyoOOGTR1Xb,2,2,2,-2,2,1,2,0,0,1,0,2,1,2,1,100,63d7d24b7c5c14735adffba7,1,1
5/8/2024 21:55,5/8/2024 21:57,0,100,147,1,5/8/2024 21:57,R_7a98gEwVu3OGfu5,2,2,2,-2,2,1,1,0,1,1,1,1,1,2,0,100,5c882fbb42ff490016c7e47b,0,1
5/8/2024 21:56,5/8/2024 21:58,0,100,101,1,5/8/2024 21:58,R_2gwdIH6Q5VgRLdD,2,2,2,-2,1,2,1,2,1,1,0,0,0,0,1,90,60e18fc810d0837bef0f5873,0,0
5/8/2024 21:56,5/8/2024 21:58,0,100,87,1,5/8/2024 21:58,R_2m8M8bHULeRt1Ir,2,2,2,-2,2,1,1,1,1,1,0,0,2,2,1,95,5ed54337dae0c00b3c959aa1,0,1
5/8/2024 21:54,5/8/2024 21:58,0,100,229,1,5/8/2024 21:58,R_3ZItaXji15uWvyp,2,2,2,-2,2,2,2,2,2,2,0,1,1,0,1,100,640a40d65d7d66847e06def9,1,2
5/8/2024 21:55,5/8/2024 21:58,0,100,146,1,5/8/2024 21:58,R_4PQN8x5JiqNc0Gn,1,1,1,-1,0,0,0,1,1,1,1,2,0,0,0,85,6483446c7d1a659e10ffb682,0,1
5/8/2024 21:54,5/8/2024 21:58,0,100,265,1,5/8/2024 21:58,R_7QLBsY1XsIMznAi,2,2,2,-2,1,1,1,2,0,2,1,2,1,0,0,80,5e06389719232d022f392c9a,0,3
5/8/2024 21:56,5/8/2024 21:58,0,100,131,1,5/8/2024 21:58,R_7nH72eqTdhNv6cA,2,2,2,-2,2,2,2,2,2,0,1,0,0,0,0,50,5e3461bd8ec4fc0230fef43a,1,0
5/8/2024 21:56,5/8/2024 21:58,0,100,104,1,5/8/2024 21:58,R_2l9u7bvfL6Zf50O,2,2,2,-2,1,1,0,1,2,2,1,0,0,0,0,95,661fce6b7f8f28823e6c92c0,1,2
5/8/2024 21:55,5/8/2024 21:58,0,100,157,1,5/8/2024 21:58,R_2nqF5RIShhZWsCN,2,2,2,-2,-1,-1,-2,1,2,1,0,0,0,0,0,100,631704dcaef165dee0976041,1,1
5/8/2024 21:57,5/8/2024 21:58,0,100,83,1,5/8/2024 21:58,R_5i9iU8PUnqc9hU0,1,1,1,-1,1,1,0,1,1,1,0,2,2,0,1,50,615b1940d7d710ba9d92e9e0,0,0
5/8/2024 21:52,5/8/2024 21:58,0,100,377,1,5/8/2024 21:58,R_5dmZQUFIccx2mKi,2,2,2,-2,1,1,1,2,2,2,1,0,0,0,0,90,614c1267826bcb89bd92e726,1,3
5/8/2024 21:55,5/8/2024 21:58,0,100,216,1,5/8/2024 21:58,R_4iGIFctGs5Ubpn3,2,2,1,0,1,1,2,2,0,1,1,0,1,0,1,80,62e3b86e93ec657bf1a690b5,0,4
5/8/2024 21:57,5/8/2024 21:58,0,100,79,1,5/8/2024 21:58,R_7j6dqJ8lwkE4WyL,2,2,2,-1,0,0,0,2,1,1,1,0,0,2,0,80,5a4ff22bacc75b000179b0e9,0,0
5/8/2024 21:56,5/8/2024 21:58,0,100,130,1,5/8/2024 21:58,R_4L5UergxwUgxNMG,1,1,1,1,-1,-1,-1,2,0,2,0,1,1,0,1,90,6329e5f4b69d5839344c8d6c,0,3
5/8/2024 21:50,5/8/2024 21:58,0,100,531,1,5/8/2024 21:58,R_3XdsyTuaCYH6oro,2,2,2,-2,1,1,1,2,1,1,1,0,0,0,0,100,59e71b497f3d71000171ddb8,1,0
5/8/2024 21:58,5/8/2024 21:58,0,100,57,1,5/8/2024 21:58,R_3QFcrGWDuViCMhu,2,2,2,-2,1,1,1,2,1,2,0,0,0,0,0,90,5bc84ad6492c6a0001001c58,1,4
5/8/2024 21:57,5/8/2024 21:59,0,100,82,1,5/8/2024 21:59,R_3ek5Xw5OUZzJWXD,2,2,2,-2,1,0,0,0,1,2,1,2,2,0,0,80,60172619600dc1955ba05f5c,1,4
5/8/2024 21:55,5/8/2024 21:59,0,100,241,1,5/8/2024 21:59,R_2NmfyQrZWmFBJHL,2,1,1,-2,-1,-1,-1,2,2,2,1,0,0,0,0,100,62a357313478901b14ca7bb3,1,0
5/8/2024 21:57,5/8/2024 21:59,0,100,106,1,5/8/2024 21:59,R_70f9F2zJ6Sg6FUZ,2,2,2,-2,2,2,2,0,0,0,1,2,2,2,0,90,644a8c25f747d73d9828bee3,1,0
5/8/2024 21:55,5/8/2024 21:59,0,100,228,1,5/8/2024 21:59,R_2rrKDAKe8krSZzo,2,2,2,-1,0,0,1,2,0,1,1,2,0,0,0,70,643ff216b732bb345c8403e2,0,0
5/8/2024 21:57,5/8/2024 21:59,0,100,109,1,5/8/2024 21:59,R_2X4Xp65kImoDVmJ,1,2,1,0,-1,-1,-1,2,1,2,1,1,2,1,0,85,6631082d9e525b8f749aca40,1,2
5/8/2024 21:57,5/8/2024 21:59,0,100,110,1,5/8/2024 21:59,R_6RRnMaZ8QrVsTsq,0,0,0,1,0,1,1,2,1,1,1,0,0,0,0,55,5cb20f2d7c917b00172dfef5,1,1
5/8/2024 21:55,5/8/2024 21:59,0,100,217,1,5/8/2024 21:59,R_3NXu93e0i9Zgm9y,2,2,2,-2,1,0,-1,2,0,2,0,1,2,0,1,70,5629356bc8ffc2001251363b,0,4
5/8/2024 21:55,5/8/2024 21:59,0,100,214,1,5/8/2024 21:59,R_2QSFh1MRXueeUDT,2,2,0,-1,1,1,1,1,1,2,0,0,0,0,1,90,5904f7725dec66000110af5b,1,4
5/8/2024 21:57,5/8/2024 21:59,0,100,145,1,5/8/2024 21:59,R_2L597vdIdfy6GYq,2,2,2,-2,2,1,1,2,0,1,0,1,1,0,1,90,5e0ddcec2e472552e96f014b,1,2
5/8/2024 21:57,5/8/2024 21:59,0,100,119,1,5/8/2024 21:59,R_4kdnDsz2pdoiXhx,2,2,2,-1,2,2,2,2,1,0,1,0,2,1,0,50,5efa8a9b3080998d5ea3fc87,1,1
5/8/2024 21:56,5/8/2024 21:59,0,100,178,1,5/8/2024 21:59,R_2qvrJu9J4y26vyK,2,2,2,-2,1,1,1,0,2,0,0,1,0,1,1,90,5b6965eb28da1b0001b4385e,0,3
5/8/2024 21:58,5/8/2024 21:59,0,100,74,1,5/8/2024 21:59,R_7pEGUicELfwvkgE,2,2,2,-2,2,2,2,1,2,1,0,0,0,0,1,100,5de312201efe513486ed5569,1,2
5/8/2024 21:58,5/8/2024 21:59,0,100,115,1,5/8/2024 22:00,R_33FjeSmDL7IK3El,1,1,1,-1,-1,-1,-1,2,1,1,1,0,0,0,0,80,5bddd64b48428800013061a6,1,3
5/8/2024 21:56,5/8/2024 22:00,0,100,221,1,5/8/2024 22:00,R_2OMFDZ7I5jnvrqD,2,2,2,-2,0,0,0,2,2,1,1,0,0,2,0,80,5f4a8c8347b9fe5082353a3c,1,3
5/8/2024 21:56,5/8/2024 22:00,0,100,185,1,5/8/2024 22:00,R_5xRaR1Xhk9QGksp,1,2,2,1,2,2,2,0,2,0,0,0,1,1,0,90,65cba5290b9dca9291cd76ac,1,0
5/8/2024 21:56,5/8/2024 22:00,0,100,223,1,5/8/2024 22:00,R_32Grqexo87D6MeL,2,2,2,-2,-1,-1,-1,2,2,1,0,0,1,0,1,65,5b30dd61e223e800012bd935,1,2
5/8/2024 21:59,5/8/2024 22:00,0,100,91,1,5/8/2024 22:00,R_8kUiT5eMYFCJsSB,1,2,2,-2,1,1,1,0,0,0,1,2,2,2,0,80,63d3f9a8fa6a2910dcb0d37f,1,3
5/8/2024 21:58,5/8/2024 22:00,0,100,97,1,5/8/2024 22:00,R_2c0eXJl1avFDAZ6,1,1,0,0,-1,-1,-1,0,2,2,0,2,0,0,1,85,663abdca92cba881a7edc36c,1,1
5/8/2024 21:58,5/8/2024 22:00,0,100,128,1,5/8/2024 22:00,R_1rZB7Rt76qIyDip,2,2,2,-2,1,0,0,1,0,1,0,1,2,0,1,90,63c5869714c648472e253347,1,4
5/8/2024 21:58,5/8/2024 22:00,0,100,146,1,5/8/2024 22:00,R_3Eib3WbjnP6hbg0,2,1,1,-1,0,0,0,2,1,2,1,0,2,0,0,65,663a7e0405e0b058c85bd899,1,0
5/8/2024 21:52,5/8/2024 22:00,0,100,473,1,5/8/2024 22:00,R_2F2MTshgltFYpy5,2,2,1,-1,1,1,0,0,2,0,0,1,0,1,1,95,5985966e65326000012c1443,0,4
5/8/2024 21:58,5/8/2024 22:00,0,100,148,1,5/8/2024 22:00,R_2Z2hucgQKJ9l173,2,2,2,-2,2,2,1,2,2,0,1,0,0,2,0,100,663a8e19148b691b0f606bdb,1,4
5/8/2024 21:58,5/8/2024 22:00,0,100,126,1,5/8/2024 22:00,R_35yDH4g8BPcz4LZ,2,2,0,1,1,1,1,0,2,0,0,0,2,0,0,55,5d8dff0be825f000175a14ab,0,3
5/8/2024 21:56,5/8/2024 22:00,0,100,282,1,5/8/2024 22:00,R_2J274VepgvkL5BN,1,2,1,-2,1,1,1,2,1,1,1,0,0,2,0,85,5dc71b96d210e45213e92359,1,3
5/8/2024 21:59,5/8/2024 22:00,0,100,92,1,5/8/2024 22:00,R_23jM49Ic6NfNtWV,1,1,1,0,-1,-1,-1,2,2,2,0,2,2,2,1,85,6500610c8659204538e08e8c,0,3
5/8/2024 21:58,5/8/2024 22:00,0,100,155,1,5/8/2024 22:00,R_2fiNCl46nNlDsdP,1,2,1,-1,1,1,1,1,1,1,0,0,0,0,0,85,5b704c7f4ee52200010f68b0,1,4
5/8/2024 22:00,5/8/2024 22:01,0,100,58,1,5/8/2024 22:01,R_6k0TjOSNGOyVc00,2,2,2,-1,1,2,2,1,2,2,1,2,1,1,0,95,56c6f9efb0b7a1000c5d12d7,0,4
5/8/2024 21:58,5/8/2024 22:01,0,100,148,1,5/8/2024 22:01,R_1QFyqWHPBczrB63,2,2,2,-2,2,1,1,2,1,2,1,0,2,0,0,100,662fc8f6aa3d3b206672e28d,0,2
5/8/2024 21:59,5/8/2024 22:01,0,100,103,1,5/8/2024 22:01,R_2bTSRGbM7o1FKR0,2,2,2,-2,-1,-1,-1,0,2,2,0,2,0,0,1,55,5f7366fe5b5261081e3d6fb8,0,0
5/8/2024 21:57,5/8/2024 22:01,0,100,202,1,5/8/2024 22:01,R_5kdaBCMPBpFydhf,1,2,2,-2,2,1,1,2,2,1,1,0,1,2,0,90,616bf2de1db1777c9dc95548,0,2
5/8/2024 21:59,5/8/2024 22:01,0,100,105,1,5/8/2024 22:01,R_7dVtPEIdHldQX3b,2,2,2,-2,1,1,1,0,0,1,0,2,2,0,1,65,5d9da281c8406d0014d79311,0,3
5/8/2024 22:00,5/8/2024 22:01,0,100,59,1,5/8/2024 22:01,R_6drR5WVMC0YZaCw,2,2,2,-2,1,1,1,0,0,0,0,2,1,1,0,85,64136f616f4202871d6bb12e,0,2
5/8/2024 21:52,5/8/2024 22:01,0,100,515,1,5/8/2024 22:01,R_2PibR7ncsLFwvTB,2,2,2,-2,1,0,1,1,2,1,1,0,1,2,0,75,5fe37f650f62f4ff50d746eb,0,1
5/8/2024 21:59,5/8/2024 22:01,0,100,102,1,5/8/2024 22:01,R_70uT09UjBrPbbkB,2,1,-1,-2,1,-1,1,2,1,1,0,0,2,0,1,90,660e7b22df6f62087f723241,1,0
5/8/2024 21:57,5/8/2024 22:01,0,100,225,1,5/8/2024 22:01,R_4gwn6Vs8PpqoStj,2,2,2,-2,0,0,0,2,0,1,1,0,1,0,0,100,5d0e0c9c312297001a37d0ca,1,0
5/8/2024 21:58,5/8/2024 22:01,0,100,184,1,5/8/2024 22:01,R_24GZ5s1B4uxn3tC,2,2,2,-2,2,2,2,2,2,1,1,0,0,0,0,100,6554e79557e3d6be08e32ceb,1,0
5/8/2024 22:00,5/8/2024 22:01,0,100,63,1,5/8/2024 22:01,R_6OjoX1PIzroheZj,1,2,1,-2,1,0,1,1,2,0,0,1,1,2,0,70,64139e0346c4b91651b69d44,0,0
5/8/2024 21:58,5/8/2024 22:01,0,100,167,1,5/8/2024 22:01,R_8E0E5QCTbSfVPtg,2,2,2,-2,2,2,2,2,2,2,1,0,0,0,0,100,60dd8f37d5f2dcf6204496ea,0,1
5/8/2024 21:59,5/8/2024 22:01,0,100,131,1,5/8/2024 22:01,R_3rCYpgdLNdfTfwl,2,2,1,-2,1,0,0,2,0,0,1,1,1,1,0,95,5d945d41e5ce0a001347e2b5,0,4
5/8/2024 21:57,5/8/2024 22:01,0,100,226,1,5/8/2024 22:01,R_4VTbh67fBlp5cAh,2,2,2,-2,1,2,1,2,1,2,1,1,0,0,0,100,5ee0570bd5e2a93a8e4b3c69,0,0
5/8/2024 21:59,5/8/2024 22:01,0,100,165,1,5/8/2024 22:01,R_2TdWzQ9eDkWiurL,2,2,2,-2,1,1,1,2,2,1,1,1,0,2,0,100,5e5667b3e5cbf4018c99991a,1,3
5/8/2024 21:58,5/8/2024 22:01,0,100,192,1,5/8/2024 22:01,R_1rjWqcVrnv0gsY4,2,2,2,-2,1,1,0,2,1,0,0,2,2,1,1,100,63d80a392c05f6a765d9e63a,0,4
5/8/2024 21:59,5/8/2024 22:01,0,100,121,1,5/8/2024 22:01,R_20CoR5wL5OEpTQo,2,2,2,-2,1,1,1,2,0,2,0,1,2,0,1,90,5e836f61445b1c0761ae6a76,0,1
5/8/2024 21:58,5/8/2024 22:02,0,100,227,1,5/8/2024 22:02,R_4DHCeMRrufzmkr7,0,2,0,-1,-2,-2,-2,2,0,0,0,0,1,1,0,50,5ea4360dd2c7cf012a1f60a7,1,1
5/8/2024 22:00,5/8/2024 22:02,0,100,107,1,5/8/2024 22:02,R_6BPfSCbjjTppsfu,2,2,2,-2,1,1,1,2,1,2,0,0,2,0,1,85,5b97f2375612b30001acc4c9,0,0
5/8/2024 22:00,5/8/2024 22:02,0,100,113,1,5/8/2024 22:02,R_4A0qqUKGMwUofHr,1,2,1,-1,1,0,0,2,2,2,0,1,0,0,0,85,5c8d7e956ca70b0001128dd2,1,3
5/8/2024 21:59,5/8/2024 22:02,0,100,180,1,5/8/2024 22:02,R_22ONSLOMuTnTSWR,-1,-1,-1,1,1,1,1,0,2,2,0,1,0,1,1,95,59a07638bfd73c00010ea394,0,0
5/8/2024 22:00,5/8/2024 22:02,0,100,131,1,5/8/2024 22:02,R_26eTQBg4YOpvU6V,1,2,2,-1,1,1,1,0,0,0,0,1,1,1,1,85,652ef14a9b030a4423aba2b2,0,2
5/8/2024 22:01,5/8/2024 22:02,0,100,72,1,5/8/2024 22:02,R_3gFHfCZYPY5sLp7,2,2,2,-2,1,1,1,0,0,1,0,2,1,0,1,95,5e110747dc265f7d25341439,1,1
5/8/2024 21:59,5/8/2024 22:02,0,100,186,1,5/8/2024 22:02,R_2n2RwUth7Qvf3nM,2,2,2,-1,1,1,1,2,2,2,0,2,0,0,1,85,64416ffb0b2219961e4ce181,0,3
5/8/2024 22:00,5/8/2024 22:02,0,100,89,1,5/8/2024 22:02,R_3JL6D620sstchzC,-2,1,0,2,1,-2,2,1,0,2,0,0,0,0,1,80,663a7dfda4b3d560eb9290c8,0,0
5/8/2024 21:59,5/8/2024 22:02,0,100,193,1,5/8/2024 22:02,R_4wmcYFBd4sVJyNt,2,2,1,-2,2,0,1,0,0,0,0,1,2,2,1,90,5e4a9e0ade1012000aa3de0e,1,1
5/8/2024 21:59,5/8/2024 22:02,0,100,191,1,5/8/2024 22:02,R_22JTjeuwEYVBGuF,2,2,2,-2,1,0,1,1,1,2,0,2,0,1,1,75,63f85b1c3124fd03faff2126,0,4
5/8/2024 21:59,5/8/2024 22:02,0,100,172,1,5/8/2024 22:02,R_2mR6xkUda3rz1dn,2,2,0,-1,0,0,0,2,1,0,0,0,1,1,0,50,5c2004c3da51990001e165b2,1,3
5/8/2024 22:01,5/8/2024 22:02,0,100,100,1,5/8/2024 22:02,R_7lsEdehHmKr4NZD,2,2,2,2,2,2,2,2,2,1,0,0,0,0,1,100,656f6b0949d8c6715cfbafe4,1,2
5/8/2024 22:00,5/8/2024 22:02,0,100,134,1,5/8/2024 22:02,R_393jTpuZFYM8FAB,2,2,2,-2,1,2,1,2,0,0,0,0,1,2,1,100,5e852ca6fdad8f11511558a1,0,1
5/8/2024 22:01,5/8/2024 22:02,0,100,87,1,5/8/2024 22:02,R_1HvIQ50v7R5GQDA,2,2,2,-2,2,2,1,0,1,2,0,2,0,0,1,80,60c715c89bb47f3847a690f0,1,4
5/8/2024 22:00,5/8/2024 22:02,0,100,152,1,5/8/2024 22:02,R_3A8NwQ81pJhbqdr,2,2,1,-2,1,1,1,0,0,1,1,1,1,2,0,90,5d651053afb8f700198459d4,0,0
5/8/2024 22:01,5/8/2024 22:02,0,100,98,1,5/8/2024 22:02,R_5RNWUkiAp06APMG,1,1,1,-1,1,1,1,2,2,1,1,2,0,2,0,100,59f77c1705d1d60001f14563,1,1
5/8/2024 22:00,5/8/2024 22:02,0,100,132,1,5/8/2024 22:02,R_5NwId4rdthc0oOp,2,2,2,-2,-2,-2,-2,0,0,0,0,1,1,0,1,90,5e14d563c4e155ae93907ae1,0,2
5/8/2024 21:59,5/8/2024 22:02,0,100,201,1,5/8/2024 22:02,R_2YehwUVaehgYC1H,2,2,2,-2,2,2,2,0,1,1,1,1,2,2,0,70,614f6acd2f7cb80d4183081b,0,0
5/8/2024 21:57,5/8/2024 22:02,0,100,353,1,5/8/2024 22:02,R_1inJEWA5e53gGjL,2,2,2,-2,1,1,1,2,2,2,1,0,1,0,0,100,5fad44ce8b587c0008f18de1,1,3
5/8/2024 21:59,5/8/2024 22:02,0,100,211,1,5/8/2024 22:02,R_2M3TxzeMibHhQXU,2,1,1,-2,-1,-1,1,2,1,1,0,1,2,2,0,50,644b8b2b8ab902554e307f27,0,2
5/8/2024 22:01,5/8/2024 22:03,0,100,107,1,5/8/2024 22:03,R_2ODh1hAm3jFlbE3,2,2,2,-2,2,1,1,0,1,1,1,1,0,0,0,100,5f668a416b792f26ef5ea974,0,1
5/8/2024 22:01,5/8/2024 22:03,0,100,128,1,5/8/2024 22:03,R_2U2YIXhxMFZBuZY,2,1,1,-1,2,2,2,2,2,1,0,0,0,0,0,75,5c73d2817ed3a70001fc2929,1,1
5/8/2024 22:01,5/8/2024 22:03,0,100,88,1,5/8/2024 22:03,R_5kJCBFmojgPuKEp,2,2,2,-2,1,0,-1,0,0,1,0,2,2,2,0,95,5a8f01d95292b80001235d34,0,3
5/8/2024 21:59,5/8/2024 22:03,0,100,230,1,5/8/2024 22:03,R_7IS2TrmxqJWNgtD,2,2,2,-2,2,2,2,1,0,0,1,1,1,0,1,100,5dd6e8e3e426bd67d5b1c7e0,0,1
5/8/2024 22:02,5/8/2024 22:03,0,100,76,1,5/8/2024 22:03,R_1D60lIKuOEdTIxi,1,1,1,-1,-1,-1,-1,1,0,1,0,2,2,0,0,80,5cc09f7c742632001a7a6e88,0,4
5/8/2024 21:59,5/8/2024 22:03,0,100,237,1,5/8/2024 22:03,R_7iKGa81gclndvFQ,2,2,2,-2,2,2,1,2,0,0,0,0,2,2,1,100,5fff2ff5a3b2586a690ee807,0,1
5/8/2024 22:01,5/8/2024 22:03,0,100,157,1,5/8/2024 22:03,R_7npFnAVayVxjF05,1,1,1,0,1,0,0,2,1,2,1,0,2,1,0,70,5f512e03b3a4953287604eed,0,4
5/8/2024 22:00,5/8/2024 22:03,0,100,177,1,5/8/2024 22:03,R_7rf60eQHzoJmYMT,2,2,2,-2,2,2,2,2,2,2,1,0,1,0,0,85,646cfc663c6a71e2ab992704,0,1
5/8/2024 22:02,5/8/2024 22:03,0,100,98,1,5/8/2024 22:03,R_1K8WCTw0pYrQ9We,2,2,0,-1,-1,-1,-1,0,2,1,0,2,2,2,1,85,5dd012a97b6a661093d36b8e,0,4
5/8/2024 22:00,5/8/2024 22:04,0,100,235,1,5/8/2024 22:04,R_6DM55WanwqGxOEO,1,2,1,-2,1,1,1,0,0,0,0,2,1,1,1,65,605269ed69c7aac84a09dc72,0,2
5/8/2024 22:02,5/8/2024 22:04,0,100,106,1,5/8/2024 22:04,R_4VxnYkM3dyCyBOz,2,2,2,-2,1,-1,-1,1,2,1,1,0,0,0,0,85,5ce1aee8a80ce000014ae0f5,0,4
5/8/2024 22:01,5/8/2024 22:04,0,100,128,1,5/8/2024 22:04,R_2LvqmPmHUrmDJu8,2,2,2,-2,1,1,1,1,2,2,1,0,1,0,0,100,612266e2ea3c172619abba50,1,3
5/8/2024 22:01,5/8/2024 22:04,0,100,139,1,5/8/2024 22:04,R_5dj2cyJ7DbMbipM,2,2,2,-1,2,2,2,2,2,2,0,0,0,1,0,90,64bea5e01789a08686f95dfc,1,0
5/8/2024 22:01,5/8/2024 22:04,0,100,182,1,5/8/2024 22:04,R_5P4rU2Vht0wKTir,2,2,2,-2,2,0,0,0,1,0,0,1,1,2,1,100,628775652a4a95dff424b930,0,0
5/8/2024 22:02,5/8/2024 22:04,0,100,107,1,5/8/2024 22:04,R_5amot9uXX2xzpB6,2,2,-1,0,1,1,1,2,2,1,0,0,0,0,1,55,60098b438497516c56ba4ae1,1,0
5/8/2024 22:03,5/8/2024 22:04,0,100,70,1,5/8/2024 22:04,R_1KHehnG7EVwGPnZ,1,2,0,-1,1,1,0,1,0,1,1,0,1,0,0,70,61362316891827226628509d,1,0
5/8/2024 22:02,5/8/2024 22:04,0,100,117,1,5/8/2024 22:04,R_5dL6xebwEySuT4Y,2,2,2,-2,2,2,1,0,0,1,0,2,2,0,1,100,6638dfd3d4e5aa847b2fea33,0,0
5/8/2024 22:02,5/8/2024 22:04,0,100,129,1,5/8/2024 22:04,R_3AY2L9LCiifhjr3,2,1,1,-1,1,1,1,1,0,2,1,0,1,0,1,80,5f0227129ae0b90b7dad9ee7,1,4
5/8/2024 22:02,5/8/2024 22:04,0,100,170,1,5/8/2024 22:04,R_5lQgj4V6OrYwTW4,2,1,2,-2,1,1,1,0,0,1,1,2,1,0,0,85,615a170c6eca532c6f57e09c,0,2
5/8/2024 22:01,5/8/2024 22:04,0,100,188,1,5/8/2024 22:04,R_32SVFpYxRZmp6I9,2,2,2,-2,1,-2,1,1,1,1,0,2,0,0,1,85,5f7c5706e7a572044cce1f69,1,3
5/8/2024 22:01,5/8/2024 22:04,0,100,206,1,5/8/2024 22:04,R_1jAA7PoeVrm78dP,-2,2,2,-2,1,1,1,1,2,1,0,0,0,0,0,100,5f60fad1438cb2026e428741,1,4
5/8/2024 22:00,5/8/2024 22:04,0,100,237,1,5/8/2024 22:04,R_7dLqQI1w6sclevH,2,2,2,-2,2,2,1,1,1,0,1,2,0,0,0,95,60d285ab0eb4cd1a3c4858cb,0,3
5/8/2024 22:03,5/8/2024 22:05,0,100,81,1,5/8/2024 22:05,R_4Cv4acp1R7Lof5F,2,2,2,-2,2,2,2,1,1,1,1,0,0,0,0,100,5d352f8bb02857001963539a,1,0
5/8/2024 22:02,5/8/2024 22:05,0,100,168,1,5/8/2024 22:05,R_7CCIhvJK68Fbdah,-2,-1,-1,2,1,1,-1,0,1,0,0,2,2,2,1,50,5e838c804a170009da55fd93,0,1
5/8/2024 22:03,5/8/2024 22:05,0,100,120,1,5/8/2024 22:05,R_7lhE2idKt2HlNUB,2,2,2,-2,2,2,2,2,1,2,0,1,0,1,1,100,58dc1373463f960001ba45b3,0,1
5/8/2024 22:02,5/8/2024 22:05,0,100,152,1,5/8/2024 22:05,R_8QFZb4LzefSPD3z,2,1,2,-2,-1,-1,-2,0,0,1,0,1,1,2,1,80,6015bb02728ff80e87ba3e00,0,0
5/8/2024 22:03,5/8/2024 22:05,0,100,138,1,5/8/2024 22:05,R_1K0jaoeNjPLAtqh,2,2,2,-2,1,1,1,2,2,2,0,1,1,0,1,100,59de4ee5d838ae0001850567,1,3
5/8/2024 22:02,5/8/2024 22:05,0,100,194,1,5/8/2024 22:05,R_7PT52ffEbYicMYp,2,2,2,-2,1,1,1,1,0,1,0,0,2,2,1,100,657f030038e31904b66cc81e,0,4
5/8/2024 22:03,5/8/2024 22:05,0,100,107,1,5/8/2024 22:05,R_7S0vYU6OlG14AQU,2,2,2,2,2,2,2,1,2,1,1,0,0,2,0,80,6119301b45955d15644a0e0c,1,3
5/8/2024 22:03,5/8/2024 22:05,0,100,138,1,5/8/2024 22:05,R_1uPNp1r1e2dOM7f,2,-2,2,-2,2,2,2,2,2,1,0,1,1,2,1,100,638e6328cddabb50e84cc8e5,0,4
5/8/2024 22:03,5/8/2024 22:06,0,100,147,1,5/8/2024 22:06,R_1bI4fqIb6ZVFdig,0,0,-1,1,-1,-1,-1,2,1,1,1,0,0,0,0,100,5c7dd8e0665aaa001230a6c7,0,1
5/8/2024 22:04,5/8/2024 22:06,0,100,104,1,5/8/2024 22:06,R_61nd4BNYq26idpv,2,2,2,-2,-2,-2,-2,0,0,1,1,1,0,2,0,100,612b769fef7b5e0dd8896373,0,2
5/8/2024 21:59,5/8/2024 22:06,0,100,386,1,5/8/2024 22:06,R_4et3dEbT91jTFZx,2,2,2,-2,1,1,1,2,2,1,1,0,2,2,0,65,631a030ace0fd33c62501d10,0,1
5/8/2024 22:02,5/8/2024 22:06,0,100,231,1,5/8/2024 22:06,R_2Qg3nAwtwK418li,2,2,2,-2,0,-1,-1,0,0,2,1,2,1,0,0,100,5caccbc4976d010014b9cd9d,0,1
5/8/2024 22:04,5/8/2024 22:06,0,100,153,1,5/8/2024 22:06,R_6DJgjhx5JnOVa0x,2,2,2,-2,2,2,2,2,0,0,0,1,2,1,1,100,650c4f66a2799732bf17bbbc,0,3
5/8/2024 22:05,5/8/2024 22:06,0,100,59,1,5/8/2024 22:06,R_5RGoxd3diJo6YVj,2,2,2,-1,1,1,1,2,2,2,0,1,1,1,1,85,63b748805d0e1d0ccec51d89,1,1
5/8/2024 22:05,5/8/2024 22:06,0,100,85,1,5/8/2024 22:06,R_6d8jC3XlfABwsx3,2,2,2,-2,1,1,1,2,1,0,0,0,0,2,1,90,56a244b1e1e5a6000c8fe091,0,3
5/8/2024 22:04,5/8/2024 22:06,0,100,156,1,5/8/2024 22:06,R_21ieD7Y4EnfkO5j,2,2,2,-2,1,-1,1,1,1,1,0,2,2,2,1,95,5e1f97bb97308b2cf7b254fb,1,2
5/8/2024 22:05,5/8/2024 22:06,0,100,102,1,5/8/2024 22:06,R_124nQgTYBfmG6Kf,2,2,2,-2,1,1,0,1,1,2,1,2,2,0,0,80,661598bfc8a719dae4c239af,1,4
5/8/2024 21:55,5/8/2024 22:06,0,100,708,1,5/8/2024 22:06,R_8dFHo9dYxCTo1vm,1,1,1,-1,1,1,1,2,2,0,1,1,0,2,0,85,6321dd8071382720694df153,0,0
5/8/2024 22:05,5/8/2024 22:06,0,100,102,1,5/8/2024 22:06,R_2HkvWjGa5rsWTWZ,2,2,2,-2,2,2,2,2,2,2,0,0,1,0,0,100,5e1cdd55537fe105f0841be2,1,3
5/8/2024 22:05,5/8/2024 22:07,0,100,111,1,5/8/2024 22:07,R_1KVk7nqccCaIOVG,2,2,2,-2,1,1,1,1,1,0,1,0,2,2,0,80,63d7ab31b392696900786d31,1,4
5/8/2024 22:05,5/8/2024 22:07,0,100,102,1,5/8/2024 22:07,R_2z9W4jxy0GGZMGt,2,2,2,-2,1,1,1,0,1,2,0,1,0,0,1,100,5e8cb92b4fbc6b06bdb8a3d3,0,4
5/8/2024 22:04,5/8/2024 22:07,0,100,142,1,5/8/2024 22:07,R_2wvn14Rlbhnsu3Q,2,2,2,-2,0,1,1,1,0,2,1,0,2,0,0,80,5ce64b4d0226ce0019c49a3f,1,1
5/8/2024 22:02,5/8/2024 22:07,0,100,254,1,5/8/2024 22:07,R_5PzYXmi9tE3WFfr,2,2,2,-2,1,1,1,1,2,1,0,0,0,2,1,100,5bd9580fbeca730001cf339b,1,3
5/8/2024 22:05,5/8/2024 22:07,0,100,103,1,5/8/2024 22:07,R_6kUt6jaHYshpWKJ,2,2,2,-2,2,2,2,2,2,1,0,0,1,0,1,90,60e9e639ca992b3ffc3dee53,1,0
5/8/2024 22:03,5/8/2024 22:07,0,100,252,1,5/8/2024 22:07,R_2RuPAnoLxoNe2S5,1,2,-1,-1,1,0,-1,2,0,2,1,0,1,0,0,55,5d3b65136a4c6d0001cdd8ba,0,0
5/8/2024 22:04,5/8/2024 22:07,0,100,212,1,5/8/2024 22:07,R_7E6QF48ywTsgCOI,2,2,2,-1,1,1,1,2,0,1,1,1,1,2,0,100,6160c3c0d2e99e0e0c625391,0,1
5/8/2024 22:06,5/8/2024 22:07,0,100,55,1,5/8/2024 22:07,R_2PEJw299fb9OK2z,2,1,1,-1,1,1,0,1,1,1,0,2,2,2,1,80,5e12202adc79bd8a6c74499b,0,3
5/8/2024 22:05,5/8/2024 22:07,0,100,151,1,5/8/2024 22:07,R_2kazjNB05ex5DXH,2,2,2,-2,2,2,2,0,0,2,0,1,2,0,1,100,65cc19b4b3d48a22dfc6756d,1,2
5/8/2024 22:05,5/8/2024 22:08,0,100,153,1,5/8/2024 22:08,R_1eOQLaEq47BGK1O,2,2,2,-2,1,1,1,1,2,2,0,0,0,0,0,100,65a5920088672d869713f267,1,4
5/8/2024 22:01,5/8/2024 22:08,0,100,424,1,5/8/2024 22:08,R_5jaaeQ0ZPaucZ4l,2,2,2,-2,2,1,2,2,0,2,1,0,2,1,0,95,606c6599de19c72f1629473c,1,4
5/8/2024 22:05,5/8/2024 22:08,0,100,168,1,5/8/2024 22:08,R_2OYCpApCcvpqumM,2,2,1,-1,0,0,0,0,0,0,0,2,2,1,1,50,5d5988df44609300192e3521,0,1
5/8/2024 22:05,5/8/2024 22:08,0,100,156,1,5/8/2024 22:08,R_2pRiLBCZNMYLi8V,2,2,2,-2,1,-1,1,1,1,1,0,2,0,0,1,100,5e02285cac9e16dcddb845ef,1,1
5/8/2024 22:05,5/8/2024 22:08,0,100,160,1,5/8/2024 22:08,R_5JWqmS2IY5lQg4V,2,2,2,-2,2,2,2,1,2,1,1,0,1,0,0,85,5efa455b7a38f2145071c23e,0,3
5/8/2024 22:05,5/8/2024 22:08,0,100,174,1,5/8/2024 22:08,R_7T5Rk2D6HtaVzkB,2,2,1,-2,-1,-1,-1,2,2,0,0,2,1,1,1,50,5df4ed2eae7b303760a9d47c,0,4
5/8/2024 22:04,5/8/2024 22:08,0,100,242,1,5/8/2024 22:09,R_2tySFiEfRP2shYT,2,2,2,0,1,1,0,0,0,0,1,1,2,0,0,90,62b22949a3d0a8d422573f97,1,3
5/8/2024 22:05,5/8/2024 22:09,0,100,203,1,5/8/2024 22:09,R_4EGznux5iD0E6q4,2,2,2,-2,1,1,1,0,2,0,0,1,0,2,1,100,64417d740541530e34daa2ba,0,2
5/8/2024 22:05,5/8/2024 22:09,0,100,223,1,5/8/2024 22:09,R_2F8L10uC0ppVEe7,2,2,2,-2,1,-1,-1,2,1,2,0,0,2,0,1,50,5e72e05556204e23fe260184,1,3
5/8/2024 21:57,5/8/2024 22:09,0,100,735,1,5/8/2024 22:09,R_2Nb0F8IAiJCaT4o,2,2,2,-2,0,0,0,0,2,1,1,0,2,1,1,50,63dadcb85db62398fa0fd383,1,3
5/8/2024 22:07,5/8/2024 22:09,0,100,118,1,5/8/2024 22:09,R_6Fn79Al0ujSJ7Wg,2,2,2,-2,1,1,1,1,0,0,0,2,2,2,1,95,661d1672f01169fe41f1f001,0,4
5/8/2024 22:07,5/8/2024 22:09,0,100,162,1,5/8/2024 22:09,R_2DqDvI1w6kenBYk,2,2,2,-2,1,2,1,2,0,2,1,1,2,1,0,85,5a82e444aa46dd00016b8fc0,1,0
5/8/2024 22:09,5/8/2024 22:10,0,100,80,1,5/8/2024 22:10,R_27rCVUdBF6piEwx,0,0,0,0,-1,1,0,1,2,2,1,0,0,0,0,75,640ce3e5772a5a2776ccddb5,0,0
5/8/2024 22:08,5/8/2024 22:10,0,100,102,1,5/8/2024 22:10,R_5JylyZAQuRjH2fv,2,2,2,-1,1,-1,1,1,0,2,0,0,2,0,1,95,613a5cffb2911279076b5709,0,2
5/8/2024 22:09,5/8/2024 22:10,0,100,82,1,5/8/2024 22:10,R_2wiMbIJRxmKjsMF,2,2,2,-2,2,2,2,2,2,2,1,1,1,0,0,100,62b224142b613b1ffb985ed2,1,0
5/8/2024 22:08,5/8/2024 22:10,0,100,156,1,5/8/2024 22:10,R_2WwIsoeuJLeQZgC,2,2,2,-2,1,1,1,2,0,0,0,1,1,1,1,60,639c7c2aa1eb6c87d6d91cf7,0,0
5/8/2024 22:07,5/8/2024 22:10,0,100,231,1,5/8/2024 22:10,R_2OuHMQ0S7QgYVff,1,1,1,-1,-1,-1,-1,2,2,2,1,2,1,1,0,85,596e1edd39e9d00001b7bb98,0,3
5/8/2024 22:08,5/8/2024 22:11,0,100,160,1,5/8/2024 22:11,R_4ZNVjrVqImLHTi6,2,2,2,-2,1,1,1,2,2,2,1,0,0,0,0,90,6441204e8a1c0c51415ce0f8,1,2
5/8/2024 22:09,5/8/2024 22:11,0,100,95,1,5/8/2024 22:11,R_4ttfFh0anAkjAiO,2,2,1,-1,1,0,0,1,0,1,0,2,2,0,1,65,615d8a94a76a15626da937c5,0,3
5/8/2024 22:03,5/8/2024 22:11,0,100,496,1,5/8/2024 22:11,R_6WuHISCdFlkZmvL,2,2,2,0,1,-1,1,1,1,1,1,0,0,0,0,95,65312507684ab813603caab9,1,0
5/8/2024 22:09,5/8/2024 22:12,0,100,140,1,5/8/2024 22:12,R_1zGABMvzJ7hmgTH,2,0,0,1,-1,-1,-1,0,0,0,0,2,2,2,1,85,5d64426653ba680017d9f63a,0,2
5/8/2024 22:10,5/8/2024 22:12,0,100,113,1,5/8/2024 22:12,R_1XckbTyYINxkXEh,2,1,1,-1,1,0,0,1,2,2,1,2,0,0,0,90,661fc92a62f9024a3aa5d28d,0,3
5/8/2024 22:07,5/8/2024 22:12,0,100,316,1,5/8/2024 22:12,R_2Gx0p7iouLyahlz,2,2,2,0,0,0,0,2,2,1,0,0,0,2,1,70,5f3869432ee10f387a4ba415,0,2
5/8/2024 22:08,5/8/2024 22:12,0,100,283,1,5/8/2024 22:12,R_3744lN7srgtfmfc,2,2,2,-1,2,1,1,0,0,1,1,2,2,0,0,85,61329a3e3f353940f7fcd042,0,0
5/8/2024 22:00,5/8/2024 22:12,0,100,746,1,5/8/2024 22:12,R_2XoJWke6Q0Z8rqN,2,2,2,-2,2,0,0,0,1,2,0,1,2,1,1,100,5f526f33a80f5b51817cc53c,0,3
5/8/2024 22:05,5/8/2024 22:13,0,100,430,1,5/8/2024 22:13,R_5P7i5NGhH95j46B,2,0,2,-1,1,1,1,2,2,2,1,0,0,0,0,100,597e0d5f37978a00016b4e6a,1,1
5/8/2024 22:08,5/8/2024 22:13,0,100,284,1,5/8/2024 22:13,R_2i5WWMPTJcIxXLX,2,2,2,-2,1,1,1,0,2,1,1,1,0,0,0,100,599786366b939900012da0d2,1,4
5/8/2024 22:10,5/8/2024 22:13,0,100,180,1,5/8/2024 22:13,R_5S7JwdCgtJTJ0R3,2,2,2,-2,2,2,2,1,2,2,1,0,0,0,0,90,5e922781962a2205f6f22c59,1,3
5/8/2024 22:11,5/8/2024 22:13,0,100,124,1,5/8/2024 22:13,R_22KxQYA0k54JEjf,2,2,2,-2,0,0,0,0,1,2,0,1,0,0,1,70,5f0f6ef654ae12126762bd4e,1,2
5/8/2024 22:12,5/8/2024 22:14,0,100,124,1,5/8/2024 22:14,R_2IjhDEiqCYjZZyP,2,2,2,-2,1,0,0,0,2,0,0,2,2,2,1,85,5f0de04a8fbf010a723c826a,0,0
5/8/2024 22:09,5/8/2024 22:14,0,100,306,1,5/8/2024 22:14,R_2ijLeQf3EAhY4Qt,2,2,1,-2,1,1,2,2,1,2,0,0,0,1,1,80,56eb00e515ef53000b46726c,0,2
5/8/2024 22:12,5/8/2024 22:15,0,100,172,1,5/8/2024 22:15,R_3HwHE6QD4bZkEvf,2,2,2,-2,2,2,2,2,2,2,0,0,0,0,0,90,5ea01c7e792cdc00099748d6,1,1
5/8/2024 22:05,5/8/2024 22:15,0,100,617,1,5/8/2024 22:15,R_2dzylSuRMEhi6Sk,2,2,2,-2,2,2,2,0,2,0,0,2,1,2,1,100,60fd310fff5b2600c9d95554,1,0
5/8/2024 22:14,5/8/2024 22:15,0,100,79,1,5/8/2024 22:15,R_2BkYRPMJ3xjxKYr,2,2,2,2,1,1,2,0,2,2,1,2,2,0,0,100,5d2de4db914b6e001877da8f,0,1
5/8/2024 22:13,5/8/2024 22:15,0,100,119,1,5/8/2024 22:15,R_8fxiCSXIvPonNk0,2,2,2,-1,2,2,0,1,2,2,1,1,1,1,0,90,6401000aab3cfc2606de05d1,1,3
5/8/2024 22:12,5/8/2024 22:16,0,100,258,1,5/8/2024 22:16,R_32yKQ67byZRwAHO,2,2,2,-2,2,1,1,2,2,2,1,1,0,1,0,100,63065abd3531d20d3257efdd,1,2
5/8/2024 22:14,5/8/2024 22:16,0,100,134,1,5/8/2024 22:16,R_2f8NDbwIr9s0zRH,2,1,2,-2,1,1,1,0,0,2,0,1,1,0,1,85,5f89bd7ce9a9b50bd4d347c9,0,0
5/8/2024 22:14,5/8/2024 22:17,0,100,204,1,5/8/2024 22:17,R_7oMCgD5Uk8JefRo,2,2,2,-2,1,1,-1,2,2,0,0,0,0,1,1,75,615ded1a0b5ad33384c0326e,1,0
5/8/2024 22:14,5/8/2024 22:19,0,100,277,1,5/8/2024 22:19,R_2iLvdoRCDruTJIW,2,2,2,-2,1,1,1,2,1,1,1,0,0,0,0,95,57dfd8f5631235000138b0e1,1,3
5/8/2024 22:16,5/8/2024 22:19,0,100,164,1,5/8/2024 22:19,R_5YWlJ0wzO0tRh25,2,2,2,-2,2,2,2,2,2,2,0,1,0,0,0,100,64454350de7f8a83ebb0b8f9,1,1
5/8/2024 22:14,5/8/2024 22:20,0,100,330,1,5/8/2024 22:20,R_4PNrbPDCvXUW23j,2,2,2,-2,2,2,2,1,0,0,1,0,0,0,0,90,5d6436ebd989a4001a237107,1,4
5/8/2024 22:19,5/8/2024 22:20,0,100,71,1,5/8/2024 22:20,R_2QG1D1JgfEjnVBc,2,2,1,-2,1,1,0,2,0,2,0,0,0,0,0,85,63468b4dc2726a47dac86511,1,1
5/8/2024 22:18,5/8/2024 22:20,0,100,148,1,5/8/2024 22:20,R_7CTW5xf3UVl8UDH,2,2,1,-1,1,1,1,2,0,0,0,1,2,0,1,80,63d3f9a5b1eff52d97c7c86e,0,0
5/8/2024 22:17,5/8/2024 22:21,0,100,208,1,5/8/2024 22:21,R_2vew8NdtFrQfBAC,2,2,2,-2,2,1,1,2,2,2,0,1,0,0,1,95,5ce9be3a7d69950001cd9959,1,1
5/8/2024 22:19,5/8/2024 22:22,0,100,145,1,5/8/2024 22:22,R_4839UKOKJXjgWBj,1,1,1,-1,2,2,2,0,0,2,1,2,1,1,0,80,6400e5057635b91fbfeafd20,0,4
5/8/2024 22:16,5/8/2024 22:22,0,100,347,1,5/8/2024 22:22,R_2DNaf3H99fMonE3,2,2,2,-2,2,1,2,1,2,2,0,2,2,0,1,95,64136650748e4e17c18e1900,1,4
5/8/2024 22:14,5/8/2024 22:22,0,100,483,1,5/8/2024 22:22,R_7esGavcY97zNXi8,2,1,2,-1,1,-1,-1,2,0,1,1,0,2,0,0,85,656e9ee5741090021252e349,1,1
5/8/2024 22:21,5/8/2024 22:23,0,100,127,1,5/8/2024 22:23,R_2dJTHItixQrJlAj,2,2,2,-2,0,0,0,2,1,2,1,1,1,0,0,90,6159da92fcac01f8c06c327f,1,2
5/8/2024 22:22,5/8/2024 22:27,0,100,287,1,5/8/2024 22:27,R_3mO0HZhA1yjPXgt,2,2,1,0,2,-2,1,2,0,1,1,0,1,2,0,100,6630e8eaedcbd1591f239c9c,0,1
5/8/2024 22:11,5/8/2024 22:27,0,100,974,1,5/8/2024 22:27,R_7MeWScA0amCAMnL,2,2,2,-1,1,0,1,0,2,1,1,1,0,0,0,85,5ce5bcf74caf470001da7c33,1,0
5/8/2024 22:24,5/8/2024 22:30,0,100,355,1,5/8/2024 22:30,R_6lrDxPMM2rrancg,2,2,2,-2,0,0,0,2,1,2,0,1,2,1,1,100,64491afdfd7c9850dbe34166,1,3
5/8/2024 22:26,5/8/2024 22:32,0,100,396,1,5/8/2024 22:32,R_5qdF1fcraunf1ya,2,2,1,-1,1,1,0,0,1,2,0,0,0,0,1,100,6638e801816da06f1cecaa3a,1,4
5/8/2024 22:37,5/8/2024 22:40,0,100,173,1,5/8/2024 22:40,R_2hGNZ0C7TBg9Bo8,2,2,2,-2,1,0,1,2,1,0,1,1,0,1,0,95,56cf6e8d31a5bc0006e1cdf5,1,2
5/8/2024 22:35,5/8/2024 22:40,0,100,297,1,5/8/2024 22:40,R_7kY6d68pLkZzNBm,2,2,2,-2,1,1,1,0,0,2,1,2,2,2,0,55,5d31dc6e42678e001a0bdedd,0,1
5/8/2024 22:41,5/8/2024 22:44,0,100,143,1,5/8/2024 22:44,R_439UkwGdAsBTNMi,2,2,2,-2,1,1,1,1,1,0,0,2,0,2,1,100,5638e8a444e8c8000ee86a35,1,3
5/8/2024 22:41,5/8/2024 22:44,0,100,178,1,5/8/2024 22:44,R_2LcHLjSoMfoEofM,2,2,2,-2,1,-1,1,1,0,0,0,1,2,2,1,100,660fd68733720d48af43d1b3,0,4
5/8/2024 22:42,5/8/2024 22:45,0,100,170,1,5/8/2024 22:45,R_7nF1jFzrL5JNbuF,2,2,2,-2,1,1,1,2,2,0,0,0,1,2,1,90,5a62207c13898300014b1fbb,0,3
5/8/2024 22:43,5/8/2024 22:45,0,100,155,1,5/8/2024 22:45,R_2QgQb4xnfkgmboQ,1,1,1,-1,1,1,1,2,0,1,0,0,1,0,1,90,655237957baf4bc116e5d2b2,1,2
5/8/2024 22:46,5/8/2024 22:48,0,100,115,1,5/8/2024 22:48,R_3zH55Pl1OX2aKdP,2,2,2,-2,1,1,0,0,0,0,0,0,1,0,0,100,5e31a1526ef37a1879a94441,0,2
5/8/2024 22:48,5/8/2024 22:50,0,100,116,1,5/8/2024 22:50,R_2hcNILpryp7fsgV,2,2,2,-2,2,2,2,0,0,0,1,2,1,1,0,100,66216a05c5b9ed68b39e394b,1,0
5/8/2024 22:46,5/8/2024 22:51,0,100,270,1,5/8/2024 22:51,R_54A8HERvfyk5T0y,2,1,1,-2,2,1,1,1,1,2,1,0,0,0,0,60,57dd3b0e91b7fc0001493db9,1,1
5/8/2024 22:48,5/8/2024 22:52,0,100,244,1,5/8/2024 22:52,R_3ZC96jQLz92CMUG,1,2,1,-1,2,1,1,1,2,2,1,2,0,0,0,85,5abc11e6e1099600016a3097,1,3
5/8/2024 22:50,5/8/2024 22:54,0,100,208,1,5/8/2024 22:54,R_35zOQ3kcKgLVhLQ,2,2,1,-2,1,1,1,1,2,1,1,2,0,2,0,80,5b5e0e86902ad10001cfcc59,0,4
5/8/2024 22:55,5/8/2024 22:58,0,100,193,1,5/8/2024 22:58,R_2TntV9YsKyBHzJy,2,2,2,-2,2,2,2,0,0,0,0,2,2,2,1,85,6638d72b0c96b84a0972225b,1,3
5/8/2024 22:58,5/8/2024 23:02,0,100,224,1,5/8/2024 23:02,R_7oAzW5e9RFhcis9,1,1,0,0,1,1,1,1,1,2,0,2,1,1,0,85,6638e099fb3eae53a2724297,0,3
