StartDate,EndDate,RecordedDate,turkid,condid,condition,replicate,included,DV_1,DV_2,DV_3,DV_4,DV_4_R,illusory_beliefs_index,CouldLearn_1,CouldLearn_2,CouldLearn_3,confidence_in_learning_index,best_color,best_shape,best_size,best_texture,worst_color,worst_shape,worst_size,worst_texture,prob_superiority
5/8/2024 21:08,5/8/2024 21:09,5/8/2024 21:09,6037cc68160c3e0293ff18c9,0,Flat,1,TRUE,2,2,2,2,-2,5,1,0,0,0.3333333333333333,2,2,2,1,0,0,0,0,60
5/8/2024 21:08,5/8/2024 21:11,5/8/2024 21:11,5c811606aaf2af0001478fc5,0,Flat,3,TRUE,2,1,1,2,-2,4.5,-1,-1,-2,-1.3333333333333333,1,1,2,1,2,2,1,0,75
5/8/2024 21:12,5/8/2024 21:14,5/8/2024 21:14,617406b6573d1eadf604330e,1,Increasing,4,TRUE,2,2,2,2,-2,5,2,2,2,2,0,1,0,1,2,2,2,0,80
5/8/2024 21:15,5/8/2024 21:16,5/8/2024 21:16,60426dd10e363812ef54edc3,0,Flat,1,TRUE,2,2,2,2,-2,5,1,0,0,0.3333333333333333,1,2,1,0,0,1,0,1,100
5/8/2024 21:15,5/8/2024 21:17,5/8/2024 21:17,662f7d07893426bbdaf94778,1,Increasing,3,TRUE,2,2,1,2,-2,4.75,1,1,-1,0.3333333333333333,1,1,0,1,2,0,2,0,100
5/8/2024 21:16,5/8/2024 21:19,5/8/2024 21:19,613dfb8f6035de19f201561c,0,Flat,0,TRUE,2,2,2,2,-2,5,0,0,0,0,1,0,1,0,2,2,2,1,85
5/8/2024 21:18,5/8/2024 21:19,5/8/2024 21:19,610ba4d2fcf0cdcfb8a4e4fb,1,Increasing,3,TRUE,2,2,2,2,-2,5,2,0,1,1,1,2,2,0,0,0,0,1,90
5/8/2024 21:19,5/8/2024 21:21,5/8/2024 21:21,5ee0a46b6f43d80354216621,0,Flat,4,TRUE,2,1,1,2,-2,4.5,-1,-1,-1,-1,0,0,1,0,2,2,2,1,50
5/8/2024 21:20,5/8/2024 21:21,5/8/2024 21:21,5f64b12995d31b00080f3874,0,Flat,4,TRUE,1,1,0,-0,0,3.5,-1,-1,-1,-1,0,2,2,0,2,1,0,1,85
5/8/2024 21:19,5/8/2024 21:21,5/8/2024 21:21,5edec1fe543b8816c672b069,1,Increasing,0,TRUE,2,1,1,1,-1,4.25,0,1,1,0.6666666666666666,0,1,1,0,2,2,0,1,85
5/8/2024 21:18,5/8/2024 21:21,5/8/2024 21:21,59cc9fef21454d000194c43c,0,Flat,1,TRUE,2,2,2,2,-2,5,1,1,1,1,1,2,1,0,2,0,2,1,90
5/8/2024 21:19,5/8/2024 21:21,5/8/2024 21:21,6447abcf5525c01385eda994,1,Increasing,2,TRUE,2,2,0,2,-2,4.5,1,-2,-1,-0.6666666666666666,0,2,1,0,2,0,0,1,100
5/8/2024 21:19,5/8/2024 21:22,5/8/2024 21:22,5da753d65c6987001335a067,0,Flat,0,TRUE,1,1,1,1,-1,4,-2,-2,-1,-1.6666666666666667,2,1,1,1,1,0,2,0,55
5/8/2024 21:17,5/8/2024 21:22,5/8/2024 21:22,5ba23e4140fe1a0001ebc61a,1,Increasing,1,TRUE,1,2,1,1,-1,4.25,0,0,0,0,1,1,1,0,0,0,0,1,100
5/8/2024 21:20,5/8/2024 21:23,5/8/2024 21:23,5aa91bb86475f90001a07cc5,1,Increasing,2,TRUE,2,2,2,2,-2,5,1,0,1,0.6666666666666666,2,2,0,1,1,0,2,0,100
5/8/2024 21:21,5/8/2024 21:23,5/8/2024 21:23,65c5305ca45f87579b9e33e6,1,Increasing,3,TRUE,2,2,2,2,-2,5,0,0,-1,-0.3333333333333333,2,1,2,0,0,0,2,1,90
5/8/2024 21:22,5/8/2024 21:24,5/8/2024 21:24,60feba6596fcb1e4a5eedc07,0,Flat,2,TRUE,2,2,2,2,-2,5,2,0,2,1.3333333333333333,0,0,0,0,1,2,1,1,100
5/8/2024 21:22,5/8/2024 21:24,5/8/2024 21:24,5f8f130a1eb75f1164083af0,0,Flat,2,TRUE,1,1,1,2,-2,4.25,-2,-2,-2,-2,2,2,1,1,2,0,0,0,55
5/8/2024 21:22,5/8/2024 21:24,5/8/2024 21:24,5c923052b788a200017072de,1,Increasing,0,TRUE,2,2,2,2,-2,5,1,1,1,1,1,2,2,0,0,0,0,1,65
5/8/2024 21:23,5/8/2024 21:25,5/8/2024 21:25,612f916e59df6cf21323c251,0,Flat,3,TRUE,1,1,1,1,-1,4,0,0,0,0,0,0,0,1,2,1,2,0,65
5/8/2024 21:22,5/8/2024 21:25,5/8/2024 21:25,5d4019460cf8a3001a8d51a1,1,Increasing,1,TRUE,1,2,1,1,-1,4.25,1,2,1,1.3333333333333333,1,0,2,1,0,1,0,0,90
5/8/2024 21:23,5/8/2024 21:25,5/8/2024 21:25,5fb4661ad97d9a1668f07086,1,Increasing,2,TRUE,2,2,2,2,-2,5,1,1,1,1,2,0,2,1,1,1,0,0,95
5/8/2024 21:24,5/8/2024 21:26,5/8/2024 21:26,5f144b909ea46823c520eff2,1,Increasing,3,TRUE,2,2,1,2,-2,4.75,1,0,1,0.6666666666666666,2,0,2,0,0,0,0,1,85
5/8/2024 21:23,5/8/2024 21:26,5/8/2024 21:26,62eac3ffee4c4e1ffa6c0b7b,1,Increasing,4,TRUE,2,2,2,2,-2,5,1,1,1,1,1,2,2,1,2,0,0,0,75
5/8/2024 21:23,5/8/2024 21:26,5/8/2024 21:26,63ceddd2e08a688b3460a248,1,Increasing,3,TRUE,2,2,2,2,-2,5,1,2,-1,0.6666666666666666,1,1,1,1,0,0,0,0,100
5/8/2024 21:23,5/8/2024 21:26,5/8/2024 21:26,5aa8e2fd873cda00012d1f1b,0,Flat,1,TRUE,2,2,1,2,-2,4.75,1,1,2,1.3333333333333333,0,2,2,1,2,0,0,0,100
5/8/2024 21:24,5/8/2024 21:27,5/8/2024 21:27,5c5a000eb7edc10001a7ee16,1,Increasing,1,TRUE,2,2,1,2,-2,4.75,-1,-1,-1,-1,0,1,2,1,1,0,0,0,95
5/8/2024 21:22,5/8/2024 21:27,5/8/2024 21:27,65e4cecfea299ac9d8a2947d,1,Increasing,0,TRUE,2,2,-2,2,-2,4,2,1,1,1.3333333333333333,1,0,1,0,0,1,1,1,50
5/8/2024 21:25,5/8/2024 21:27,5/8/2024 21:27,63203d7490bfb5e4b58956a8,0,Flat,0,TRUE,2,2,2,2,-2,5,1,1,1,1,2,1,0,0,0,0,2,1,70
5/8/2024 21:27,5/8/2024 21:28,5/8/2024 21:28,65313bdcb9fd825a8c1d4981,0,Flat,0,TRUE,2,2,2,1,-1,4.75,-1,-1,1,-0.3333333333333333,1,1,0,0,2,2,1,1,90
5/8/2024 21:25,5/8/2024 21:28,5/8/2024 21:28,5f650058c1e0bf000976f01f,0,Flat,2,TRUE,2,2,2,2,-2,5,2,2,2,2,1,0,2,1,2,1,0,0,100
5/8/2024 21:23,5/8/2024 21:29,5/8/2024 21:29,5e1ba4f4e8a6633cb7d29344,0,Flat,3,TRUE,2,2,2,2,-2,5,1,1,1,1,1,2,1,0,2,1,2,1,85
5/8/2024 21:27,5/8/2024 21:29,5/8/2024 21:29,5e263388efffb6000d807f91,0,Flat,2,TRUE,2,2,2,2,-2,5,-1,-1,-2,-1.3333333333333333,0,0,0,1,1,1,1,1,55
5/8/2024 21:28,5/8/2024 21:30,5/8/2024 21:30,5c0e66f74324e80001c91874,1,Increasing,0,TRUE,2,2,2,2,-2,5,2,-1,1,0.6666666666666666,2,2,2,1,0,0,1,0,100
5/8/2024 21:27,5/8/2024 21:30,5/8/2024 21:30,5686a869333cbd000d4e051d,1,Increasing,1,TRUE,2,2,2,2,-2,5,1,0,1,0.6666666666666666,0,2,0,1,2,1,1,0,90
5/8/2024 21:28,5/8/2024 21:30,5/8/2024 21:30,6611c59f31e0f5b4562307f2,0,Flat,2,TRUE,2,2,2,2,-2,5,1,1,-1,0.3333333333333333,1,0,0,0,2,0,0,1,85
5/8/2024 21:28,5/8/2024 21:31,5/8/2024 21:31,6447c6d1fe85e60f39dedfce,0,Flat,1,TRUE,1,2,-2,-0,0,3.25,0,0,-2,-0.6666666666666666,0,1,0,1,0,2,0,0,75
5/8/2024 21:22,5/8/2024 21:31,5/8/2024 21:31,653e81e5fde0b1bf3b84a6c3,0,Flat,4,TRUE,2,2,2,2,-2,5,1,1,2,1.3333333333333333,0,2,2,1,1,0,0,0,85
5/8/2024 21:30,5/8/2024 21:32,5/8/2024 21:32,63b6e6ab530c4fe8e28adbe6,1,Increasing,0,TRUE,1,2,-1,1,-1,3.75,1,2,1,1.3333333333333333,0,1,2,0,1,1,1,0,85
5/8/2024 21:29,5/8/2024 21:32,5/8/2024 21:32,5dcff3985a40f20f62df1f48,1,Increasing,1,TRUE,2,2,2,2,-2,5,0,1,-1,0,1,2,1,0,2,0,0,1,100
5/8/2024 21:29,5/8/2024 21:33,5/8/2024 21:33,63bda933c73904ed03687fd5,0,Flat,2,TRUE,2,2,1,2,-2,4.75,1,1,1,1,0,0,1,0,2,1,2,1,85
5/8/2024 21:31,5/8/2024 21:33,5/8/2024 21:33,6147213e9333ddd0c65b3ed3,0,Flat,0,TRUE,2,2,2,2,-2,5,1,1,0,0.6666666666666666,2,2,2,1,2,0,2,1,85
5/8/2024 21:29,5/8/2024 21:33,5/8/2024 21:33,605c935e95a118608636b249,1,Increasing,4,TRUE,2,2,1,2,-2,4.75,1,0,1,0.6666666666666666,2,0,2,0,1,2,1,1,85
5/8/2024 21:30,5/8/2024 21:33,5/8/2024 21:33,5d95043f8e949c001680ef13,1,Increasing,2,TRUE,2,2,2,2,-2,5,2,1,1,1.3333333333333333,0,0,2,1,2,2,0,0,100
5/8/2024 21:30,5/8/2024 21:33,5/8/2024 21:33,6269c1216bc57860c0a02ac3,0,Flat,0,TRUE,2,2,2,2,-2,5,0,0,0,0,2,1,2,1,0,0,0,0,85
5/8/2024 21:29,5/8/2024 21:33,5/8/2024 21:33,63eb98f4b870ea7b4def6dbb,1,Increasing,2,TRUE,1,0,1,-0,0,3.5,1,0,1,0.6666666666666666,2,0,2,1,0,0,0,0,75
5/8/2024 21:31,5/8/2024 21:33,5/8/2024 21:33,5f0c9a9c5360b60f4118e168,0,Flat,0,TRUE,2,2,0,2,-2,4.5,1,1,1,1,1,1,2,1,2,2,1,0,85
5/8/2024 21:30,5/8/2024 21:33,5/8/2024 21:33,5ee1ab2390b70958c8aa3019,1,Increasing,0,TRUE,1,2,1,1,-1,4.25,1,1,0,0.6666666666666666,0,0,0,0,1,1,1,1,75
5/8/2024 21:32,5/8/2024 21:35,5/8/2024 21:35,5c97f7ed18a759001648027a,0,Flat,4,TRUE,1,2,0,1,-1,4,0,0,-1,-0.3333333333333333,1,2,1,0,2,0,0,1,65
5/8/2024 21:32,5/8/2024 21:35,5/8/2024 21:35,65cc058520a0795a18421ec3,1,Increasing,1,TRUE,2,2,2,2,-2,5,1,1,1,1,2,2,0,1,1,0,2,0,90
5/8/2024 21:34,5/8/2024 21:36,5/8/2024 21:36,616d8bc4bd45c4a64b3c6734,0,Flat,2,TRUE,2,2,2,2,-2,5,1,1,1,1,0,0,0,0,1,1,2,1,55
5/8/2024 21:35,5/8/2024 21:37,5/8/2024 21:37,605e1fc0be766e80d0104df3,0,Flat,3,TRUE,2,2,2,2,-2,5,1,1,1,1,0,1,1,0,2,2,2,1,60
5/8/2024 21:33,5/8/2024 21:37,5/8/2024 21:37,5efcf3be07207311b09d14ab,0,Flat,3,TRUE,1,2,1,1,-1,4.25,1,1,0,0.6666666666666666,2,0,0,0,1,2,1,1,65
5/8/2024 21:35,5/8/2024 21:37,5/8/2024 21:37,5df519fc67f1703937a9e82f,1,Increasing,1,TRUE,1,1,1,1,-1,4,0,-1,1,0,2,2,1,1,0,0,0,0,85
5/8/2024 21:36,5/8/2024 21:37,5/8/2024 21:37,5a9a952cf6dfdd0001ea8e9c,0,Flat,0,TRUE,1,1,-1,1,-1,3.5,0,1,0,0.3333333333333333,1,1,2,1,0,0,1,0,80
5/8/2024 21:32,5/8/2024 21:37,5/8/2024 21:37,6026c4445810833e0f5f9e3e,0,Flat,0,TRUE,2,2,2,2,-2,5,2,2,2,2,0,0,2,0,2,1,0,0,100
5/8/2024 21:35,5/8/2024 21:37,5/8/2024 21:38,663ac2e15e14ead697b3f72f,1,Increasing,1,TRUE,2,2,0,2,-2,4.5,-1,-1,-1,-1,2,0,1,0,1,2,2,1,65
5/8/2024 21:36,5/8/2024 21:38,5/8/2024 21:38,5dc0d311e5dc4108137d7c10,1,Increasing,1,TRUE,2,2,2,2,-2,5,1,1,1,1,2,2,0,0,0,0,0,0,100
5/8/2024 21:36,5/8/2024 21:38,5/8/2024 21:38,662ca217329ec210e02332c5,1,Increasing,0,TRUE,2,2,2,2,-2,5,1,1,1,1,2,2,2,1,0,0,0,0,90
5/8/2024 21:36,5/8/2024 21:38,5/8/2024 21:38,60e990a445aa4bae855c303f,1,Increasing,3,TRUE,2,2,2,1,-1,4.75,1,1,1,1,2,0,2,1,1,1,1,0,60
5/8/2024 21:36,5/8/2024 21:38,5/8/2024 21:38,5d75555c99bf5b0018864ed3,1,Increasing,2,TRUE,2,2,2,2,-2,5,1,0,0,0.3333333333333333,1,2,2,0,0,1,0,1,85
5/8/2024 21:36,5/8/2024 21:38,5/8/2024 21:38,612faedae9ff56b775e3cee5,0,Flat,0,TRUE,2,2,2,2,-2,5,2,-2,1,0.3333333333333333,2,1,1,0,0,0,2,1,100
5/8/2024 21:37,5/8/2024 21:39,5/8/2024 21:39,61088ce4880184920a0a21b7,1,Increasing,0,TRUE,2,2,0,2,-2,4.5,1,1,1,1,0,0,0,0,2,2,1,1,90
5/8/2024 21:35,5/8/2024 21:39,5/8/2024 21:39,5d6e570e8c129300166dba20,0,Flat,4,TRUE,2,1,1,2,-2,4.5,0,0,-1,-0.3333333333333333,0,1,0,0,0,2,0,0,90
5/8/2024 21:37,5/8/2024 21:39,5/8/2024 21:39,60426445bacd9a10fc89107c,1,Increasing,4,TRUE,2,2,2,1,-1,4.75,2,1,1,1.3333333333333333,2,1,1,0,1,0,2,0,90
5/8/2024 21:37,5/8/2024 21:39,5/8/2024 21:39,5cb23900ab0dda0001399c94,1,Increasing,1,TRUE,2,2,2,2,-2,5,1,-1,1,0.3333333333333333,0,2,0,0,2,0,2,1,80
5/8/2024 21:38,5/8/2024 21:40,5/8/2024 21:40,60fed192ae37691d25db0d6d,1,Increasing,3,TRUE,2,2,1,1,-1,4.5,1,1,0,0.6666666666666666,0,2,1,1,1,0,0,0,80
5/8/2024 21:38,5/8/2024 21:40,5/8/2024 21:40,5a9f9e14b5e2110001c6f6f5,1,Increasing,1,TRUE,2,2,2,2,-2,5,2,1,2,1.6666666666666667,0,0,2,0,2,1,0,1,70
5/8/2024 21:38,5/8/2024 21:40,5/8/2024 21:40,5f28fbaf2267a328f3ff4613,0,Flat,0,TRUE,1,1,1,1,-1,4,0,1,-1,0,1,2,0,0,2,0,2,1,70
5/8/2024 21:37,5/8/2024 21:40,5/8/2024 21:40,63bd826609558e81532cd783,0,Flat,0,TRUE,1,1,1,2,-2,4.25,1,1,0,0.6666666666666666,1,1,1,0,0,2,0,1,85
5/8/2024 21:36,5/8/2024 21:40,5/8/2024 21:40,663b5f86f9747d40cef0f2ec,1,Increasing,0,TRUE,2,2,2,1,-1,4.75,-1,0,1,0,2,0,2,1,1,2,0,0,60
5/8/2024 21:36,5/8/2024 21:40,5/8/2024 21:40,65b2aa6ff9e672961875b4a6,1,Increasing,4,TRUE,2,2,2,2,-2,5,2,2,2,2,1,2,1,0,0,0,0,0,95
5/8/2024 21:37,5/8/2024 21:40,5/8/2024 21:40,5f6c6f566df913000af123a8,1,Increasing,1,TRUE,2,2,1,2,-2,4.75,2,2,2,2,2,0,1,0,1,1,1,0,100
5/8/2024 21:39,5/8/2024 21:41,5/8/2024 21:41,5fd4d10b2f970406fe63ad96,0,Flat,2,TRUE,2,2,2,2,-2,5,2,2,2,2,2,2,2,0,0,1,1,1,100
5/8/2024 21:38,5/8/2024 21:41,5/8/2024 21:41,5fefbe11416cbae5ca4295f2,1,Increasing,2,TRUE,2,2,2,2,-2,5,1,-2,-2,-1,1,2,1,1,0,2,0,1,100
5/8/2024 21:39,5/8/2024 21:41,5/8/2024 21:41,57f37e0ce2ba190001eaa231,1,Increasing,2,TRUE,2,2,2,2,-2,5,2,2,2,2,0,2,2,1,1,1,0,0,100
5/8/2024 21:39,5/8/2024 21:41,5/8/2024 21:41,63c81611b29df444548a099e,1,Increasing,0,TRUE,2,2,2,2,-2,5,2,1,2,1.6666666666666667,2,2,2,0,0,0,0,1,85
5/8/2024 21:39,5/8/2024 21:41,5/8/2024 21:41,552bf9b4fdf99b59afb6c38c,0,Flat,1,TRUE,1,2,1,1,-1,4.25,1,1,0,0.6666666666666666,0,2,1,1,2,0,0,0,75
5/8/2024 21:40,5/8/2024 21:42,5/8/2024 21:42,5bdeda9109e1b40001df5140,0,Flat,1,TRUE,2,2,2,2,-2,5,1,1,1,1,2,2,0,0,0,0,2,1,100
5/8/2024 21:39,5/8/2024 21:42,5/8/2024 21:42,631ab96a9f27876b9e4fe4c0,1,Increasing,4,TRUE,2,2,2,2,-2,5,2,2,2,2,2,1,2,1,0,0,0,0,100
5/8/2024 21:40,5/8/2024 21:42,5/8/2024 21:42,61732398300543fd6936d9f5,1,Increasing,3,TRUE,2,2,-1,1,-1,4,1,1,1,1,2,2,2,1,1,0,1,0,100
5/8/2024 21:40,5/8/2024 21:42,5/8/2024 21:42,660c040de20b3bcf651ad3bb,0,Flat,4,TRUE,2,2,2,2,-2,5,2,2,2,2,2,2,1,1,0,0,0,0,100
5/8/2024 21:41,5/8/2024 21:42,5/8/2024 21:42,5e9ffaf7e9ea4e000b76917c,0,Flat,1,TRUE,1,2,1,2,-2,4.5,1,1,0,0.6666666666666666,1,2,0,0,0,0,2,1,85
5/8/2024 21:40,5/8/2024 21:42,5/8/2024 21:42,631b41500bed6fddcc87c089,1,Increasing,2,TRUE,2,2,2,2,-2,5,1,1,1,1,0,0,2,1,2,2,0,0,100
5/8/2024 21:40,5/8/2024 21:42,5/8/2024 21:42,5cc369725986a4001b4e9041,0,Flat,4,TRUE,1,1,1,1,-1,4,0,0,0,0,2,2,2,1,1,1,0,0,75
5/8/2024 21:40,5/8/2024 21:42,5/8/2024 21:42,65ff48ba8866040c0d0649c5,0,Flat,1,TRUE,2,2,2,2,-2,5,1,1,0,0.6666666666666666,0,0,0,0,2,1,2,1,100
5/8/2024 21:40,5/8/2024 21:42,5/8/2024 21:43,5f76884e077186131e17d851,1,Increasing,4,TRUE,2,2,2,2,-2,5,1,1,1,1,1,0,1,1,2,2,0,0,95
5/8/2024 21:40,5/8/2024 21:43,5/8/2024 21:43,5994c52989d01e0001aea32f,1,Increasing,1,TRUE,2,2,2,1,-1,4.75,1,1,0,0.6666666666666666,0,2,2,0,2,0,1,1,90
5/8/2024 21:41,5/8/2024 21:43,5/8/2024 21:43,5c966ef941172c00165d6fc5,1,Increasing,4,TRUE,2,2,2,2,-2,5,1,1,0,0.6666666666666666,2,0,0,0,1,2,2,1,80
5/8/2024 21:35,5/8/2024 21:43,5/8/2024 21:43,6012e3ec177ded0d2a006b92,1,Increasing,4,TRUE,2,2,2,2,-2,5,-1,-1,-1,-1,0,1,1,1,2,0,1,0,65
5/8/2024 21:42,5/8/2024 21:44,5/8/2024 21:44,614dbfd84002a61c075c791c,1,Increasing,0,TRUE,2,2,2,2,-2,5,2,2,2,2,0,2,1,1,1,0,0,0,95
5/8/2024 21:42,5/8/2024 21:44,5/8/2024 21:44,5ed2543942283e0366dadbdc,0,Flat,4,TRUE,2,2,1,1,-1,4.5,-1,-1,0,-0.6666666666666666,1,0,1,0,0,1,2,1,100
5/8/2024 21:43,5/8/2024 21:45,5/8/2024 21:45,5f5aa9f89a3ef61b0778d49a,1,Increasing,1,TRUE,2,2,2,2,-2,5,2,1,1,1.3333333333333333,1,1,2,1,0,0,0,0,95
5/8/2024 21:40,5/8/2024 21:45,5/8/2024 21:45,5ebebcf619a604258a233c4f,1,Increasing,4,TRUE,2,2,1,2,-2,4.75,0,0,0,0,0,0,0,1,1,1,1,0,90
5/8/2024 21:44,5/8/2024 21:45,5/8/2024 21:45,63ee4510b5613c8ac0ce2ca8,1,Increasing,0,TRUE,1,1,1,1,-1,4,1,-1,1,0.3333333333333333,1,2,0,0,0,0,0,0,85
5/8/2024 21:42,5/8/2024 21:45,5/8/2024 21:45,6638f4e6c322db84b55a1b1d,1,Increasing,1,TRUE,-2,-2,-2,-2,2,1,1,2,1,1.3333333333333333,2,2,1,1,0,0,0,0,90
5/8/2024 21:42,5/8/2024 21:45,5/8/2024 21:45,60fd444d04a669e7466c3672,1,Increasing,3,TRUE,2,2,2,1,-1,4.75,1,-1,1,0.3333333333333333,2,2,0,1,1,1,1,0,90
5/8/2024 21:43,5/8/2024 21:45,5/8/2024 21:45,6426124fd4520b59c2330332,0,Flat,0,TRUE,2,2,1,2,-2,4.75,1,2,1,1.3333333333333333,2,2,2,0,1,0,0,1,90
5/8/2024 21:42,5/8/2024 21:45,5/8/2024 21:45,578e9a9bfa4465000113f154,1,Increasing,1,TRUE,2,2,2,1,-1,4.75,1,2,1,1.3333333333333333,2,2,2,0,1,1,0,1,90
5/8/2024 21:43,5/8/2024 21:45,5/8/2024 21:45,5bd075779afb5b00015b6791,1,Increasing,0,TRUE,2,2,1,2,-2,4.75,1,1,0,0.6666666666666666,0,0,1,0,1,2,2,1,90
5/8/2024 21:43,5/8/2024 21:45,5/8/2024 21:45,5cf27ad9dac0090015cee0d1,0,Flat,2,TRUE,1,2,1,1,-1,4.25,-1,0,0,-0.3333333333333333,0,2,1,1,0,0,0,0,100
5/8/2024 21:42,5/8/2024 21:45,5/8/2024 21:45,63ed4ffc9e011d70035477c5,1,Increasing,0,TRUE,2,2,2,2,-2,5,2,2,2,2,0,0,2,1,1,0,1,0,100
5/8/2024 21:43,5/8/2024 21:45,5/8/2024 21:45,5aae797f917b3b00010d4cf5,0,Flat,4,TRUE,2,2,2,2,-2,5,1,1,1,1,0,0,1,1,2,1,2,0,100
5/8/2024 21:44,5/8/2024 21:45,5/8/2024 21:45,65a53c6da59f0304609826f1,0,Flat,0,TRUE,1,2,1,1,-1,4.25,0,1,1,0.6666666666666666,2,1,1,1,1,0,2,1,75
5/8/2024 21:43,5/8/2024 21:45,5/8/2024 21:46,6128d76bf2f6b1df98035506,0,Flat,2,TRUE,2,2,0,1,-1,4.25,2,1,1,1.3333333333333333,2,1,1,0,1,1,2,1,70
5/8/2024 21:43,5/8/2024 21:46,5/8/2024 21:46,659d27e291eb60fa73173007,0,Flat,0,TRUE,2,2,2,2,-2,5,2,1,2,1.6666666666666667,1,2,0,0,2,1,2,1,65
5/8/2024 21:44,5/8/2024 21:46,5/8/2024 21:46,58584aa98604ae000165e633,0,Flat,3,TRUE,2,2,2,2,-2,5,1,1,2,1.3333333333333333,1,1,2,0,2,2,1,1,100
5/8/2024 21:43,5/8/2024 21:46,5/8/2024 21:46,63874f631a1cdae0188d4e7a,0,Flat,0,TRUE,1,2,1,-0,0,4,1,0,0,0.3333333333333333,2,2,1,0,1,1,2,1,85
5/8/2024 21:42,5/8/2024 21:46,5/8/2024 21:46,60089c477baa6b3fba6dbe80,1,Increasing,4,TRUE,1,1,1,1,-1,4,1,1,1,1,0,0,2,0,2,2,1,1,90
5/8/2024 21:43,5/8/2024 21:46,5/8/2024 21:46,65ccfa53de506510669b3b4b,1,Increasing,0,TRUE,2,2,2,2,-2,5,2,2,2,2,1,2,2,1,0,0,0,0,100
5/8/2024 21:44,5/8/2024 21:46,5/8/2024 21:46,59d949cf8fd07a000184247e,0,Flat,2,TRUE,2,2,2,1,-1,4.75,1,-1,1,0.3333333333333333,0,0,0,0,2,2,1,0,90
5/8/2024 21:42,5/8/2024 21:46,5/8/2024 21:46,5e85ab2b4fc4231a0781facb,0,Flat,0,TRUE,2,2,2,2,-2,5,2,2,2,2,1,2,1,1,2,1,2,0,95
5/8/2024 21:44,5/8/2024 21:46,5/8/2024 21:46,5788d88416a091000112be18,1,Increasing,1,TRUE,2,2,1,1,-1,4.5,-1,0,-1,-0.6666666666666666,2,0,2,0,1,1,1,1,75
5/8/2024 21:42,5/8/2024 21:46,5/8/2024 21:46,60fdab5109f28669ffadb847,0,Flat,3,TRUE,2,2,2,2,-2,5,1,1,1,1,0,2,2,0,1,0,0,1,75
5/8/2024 21:43,5/8/2024 21:46,5/8/2024 21:46,564a08bc6902220012c4b1a1,0,Flat,4,TRUE,2,2,2,2,-2,5,-1,-2,-1,-1.3333333333333333,2,1,2,0,0,0,0,1,90
5/8/2024 21:40,5/8/2024 21:47,5/8/2024 21:47,5a5a6ed7f6c517000195029e,0,Flat,1,TRUE,2,2,1,2,-2,4.75,0,1,0,0.3333333333333333,0,2,0,0,1,0,1,1,70
5/8/2024 21:45,5/8/2024 21:47,5/8/2024 21:47,616186ef404351c2ab1abdd6,0,Flat,1,TRUE,2,2,2,2,-2,5,-2,-1,-1,-1.3333333333333333,0,1,1,1,2,0,0,0,90
5/8/2024 21:43,5/8/2024 21:47,5/8/2024 21:47,5b59a51fca6d01000157a8c3,1,Increasing,1,TRUE,1,0,1,2,-2,4,1,1,1,1,2,2,2,1,1,0,0,0,85
5/8/2024 21:44,5/8/2024 21:47,5/8/2024 21:47,5b7c0430c4e6ad0001d35067,1,Increasing,2,TRUE,1,2,1,1,-1,4.25,-1,-2,-2,-1.6666666666666667,0,1,0,1,1,0,1,0,55
5/8/2024 21:43,5/8/2024 21:47,5/8/2024 21:47,659ab50980820849a02c0b5f,1,Increasing,4,TRUE,2,2,2,2,-2,5,2,1,1,1.3333333333333333,2,0,2,0,1,1,1,1,70
5/8/2024 21:45,5/8/2024 21:47,5/8/2024 21:47,5eb4ba4ec885940009ecee48,1,Increasing,0,TRUE,2,2,2,2,-2,5,2,1,2,1.6666666666666667,2,2,2,1,0,0,0,0,95
5/8/2024 21:42,5/8/2024 21:47,5/8/2024 21:47,5f8a08f7ada1650a0096396e,0,Flat,4,TRUE,2,2,2,2,-2,5,1,1,1,1,0,1,0,1,1,2,2,0,100
5/8/2024 21:44,5/8/2024 21:47,5/8/2024 21:47,6303867dca230ef4fb03882b,0,Flat,1,TRUE,2,2,2,1,-1,4.75,1,1,-1,0.3333333333333333,0,1,1,1,1,0,0,0,80
5/8/2024 21:45,5/8/2024 21:47,5/8/2024 21:47,62b44b2b8605b06a6eb572b9,0,Flat,4,TRUE,2,2,2,2,-2,5,1,1,1,1,1,0,1,1,0,1,2,0,100
5/8/2024 21:46,5/8/2024 21:47,5/8/2024 21:47,63d7b5321ace6099e3a83386,1,Increasing,1,TRUE,2,1,0,-1,1,3.5,0,1,-1,0,2,2,2,0,0,1,0,0,80
5/8/2024 21:46,5/8/2024 21:47,5/8/2024 21:47,64135994fa1c09f8a0b91b95,0,Flat,4,TRUE,1,1,1,1,-1,4,1,0,0,0.3333333333333333,0,1,2,0,1,2,1,1,50
5/8/2024 21:43,5/8/2024 21:47,5/8/2024 21:47,660eb60b18e5d476791edb62,0,Flat,3,TRUE,2,2,2,2,-2,5,2,2,2,2,0,1,1,0,1,2,2,1,90
5/8/2024 21:44,5/8/2024 21:47,5/8/2024 21:47,646dc9848e53ff1705d8c9c5,1,Increasing,1,TRUE,2,2,1,-0,0,4.25,1,1,1,1,0,1,2,0,0,0,0,0,90
5/8/2024 21:42,5/8/2024 21:47,5/8/2024 21:47,65676ffa47a99a86629bc5ab,0,Flat,1,TRUE,2,2,2,2,-2,5,1,1,2,1.3333333333333333,0,1,2,1,1,2,0,0,100
5/8/2024 21:45,5/8/2024 21:48,5/8/2024 21:48,5588b2bffdf99b7a7714efd1,1,Increasing,2,TRUE,2,2,2,2,-2,5,1,2,1,1.3333333333333333,0,2,2,1,2,1,0,0,100
5/8/2024 21:43,5/8/2024 21:48,5/8/2024 21:48,5e821bc0c17bb792f3e47326,1,Increasing,2,TRUE,0,-2,0,-0,0,2.5,0,0,0,0,2,0,2,1,0,2,1,0,50
5/8/2024 21:45,5/8/2024 21:48,5/8/2024 21:48,616d8ff5eeb9a8616afa647d,0,Flat,4,TRUE,2,2,2,2,-2,5,1,1,1,1,2,0,0,1,1,1,1,0,100
5/8/2024 21:46,5/8/2024 21:48,5/8/2024 21:48,6571d0cf6807ac4024fb68b5,0,Flat,4,TRUE,2,2,2,2,-2,5,1,1,1,1,1,1,0,0,2,2,2,1,100
5/8/2024 21:46,5/8/2024 21:48,5/8/2024 21:48,6161c4cc2d4f503e8265038e,1,Increasing,4,TRUE,2,2,2,2,-2,5,2,2,1,1.6666666666666667,1,1,2,1,0,0,0,0,100
5/8/2024 21:45,5/8/2024 21:48,5/8/2024 21:48,652ab57b43610c9446896a24,1,Increasing,0,TRUE,2,2,2,2,-2,5,1,1,1,1,2,1,2,1,0,0,0,0,85
5/8/2024 21:42,5/8/2024 21:48,5/8/2024 21:48,65d0918b2a90e977bb6c69c0,0,Flat,1,TRUE,2,2,2,1,-1,4.75,1,1,1,1,0,2,1,1,1,0,2,0,100
5/8/2024 21:46,5/8/2024 21:48,5/8/2024 21:48,5c912cc4833d710012ba013c,1,Increasing,0,TRUE,2,2,1,1,-1,4.5,1,1,1,1,0,1,2,1,1,2,1,0,80
5/8/2024 21:47,5/8/2024 21:48,5/8/2024 21:48,56e9c7ac0a5579000d8f7dd4,1,Increasing,3,TRUE,1,2,1,1,-1,4.25,1,0,1,0.6666666666666666,0,2,2,1,2,0,0,0,100
5/8/2024 21:46,5/8/2024 21:49,5/8/2024 21:49,62779d95881329faf37ad653,0,Flat,4,TRUE,2,2,1,2,-2,4.75,1,0,1,0.6666666666666666,0,2,0,0,2,0,2,1,100
5/8/2024 21:47,5/8/2024 21:49,5/8/2024 21:49,5ff1a553fd725a61862fef1b,0,Flat,1,TRUE,1,0,-1,-1,1,2.75,-1,-1,-1,-1,1,1,0,0,2,2,2,1,95
5/8/2024 21:47,5/8/2024 21:49,5/8/2024 21:49,5ea7e9f15bc7011d31958608,1,Increasing,3,TRUE,2,2,1,-0,0,4.25,1,1,1,1,2,2,1,0,0,0,0,1,90
5/8/2024 21:47,5/8/2024 21:49,5/8/2024 21:49,63dbddb434d075a0bff1dbc7,0,Flat,0,TRUE,2,2,2,2,-2,5,2,2,2,2,2,2,0,0,1,0,1,1,100
5/8/2024 21:48,5/8/2024 21:49,5/8/2024 21:49,62e02c79a168409c22dc09cb,1,Increasing,0,TRUE,2,2,2,2,-2,5,1,1,1,1,2,0,1,1,0,0,0,0,85
5/8/2024 21:47,5/8/2024 21:49,5/8/2024 21:49,5efb934059dba21145bee143,1,Increasing,2,TRUE,2,2,2,2,-2,5,1,1,1,1,0,2,2,1,2,1,0,0,100
5/8/2024 21:47,5/8/2024 21:49,5/8/2024 21:49,661542b4d92b4d10e66fe6dd,0,Flat,1,TRUE,2,2,1,-1,1,4,1,1,1,1,2,0,1,1,1,1,2,0,95
5/8/2024 21:47,5/8/2024 21:49,5/8/2024 21:49,5b8ab1cffb7d720001b08f06,1,Increasing,0,TRUE,2,2,2,2,-2,5,1,1,0,0.6666666666666666,1,2,2,0,0,0,0,0,95
5/8/2024 21:48,5/8/2024 21:49,5/8/2024 21:49,663bc254f4b7b1bf2cdd0a70,0,Flat,1,TRUE,2,2,2,2,-2,5,1,1,1,1,1,1,2,1,2,0,0,0,90
5/8/2024 21:47,5/8/2024 21:50,5/8/2024 21:50,6362aa281270ea7fc6656dc7,1,Increasing,1,TRUE,1,2,0,1,-1,4,1,1,0,0.6666666666666666,1,0,1,1,0,1,0,0,70
5/8/2024 21:42,5/8/2024 21:50,5/8/2024 21:50,60e43247dfebfc07a344bae8,0,Flat,1,TRUE,2,2,2,2,-2,5,1,-1,-1,-0.3333333333333333,2,2,1,1,0,1,0,0,90
5/8/2024 21:48,5/8/2024 21:50,5/8/2024 21:50,5641c95d17bdbe00102a0b51,1,Increasing,3,TRUE,1,2,1,1,-1,4.25,0,1,-1,0,1,0,1,0,0,1,0,1,100
5/8/2024 21:48,5/8/2024 21:50,5/8/2024 21:50,5fa9392c0cc79c03b3f4eb58,1,Increasing,4,TRUE,2,2,2,2,-2,5,1,1,1,1,2,2,0,1,0,0,1,0,95
5/8/2024 21:48,5/8/2024 21:50,5/8/2024 21:50,5a4c334121bfa00001081a4e,1,Increasing,3,TRUE,2,2,1,1,-1,4.5,1,1,1,1,2,2,1,1,0,1,0,0,90
5/8/2024 21:49,5/8/2024 21:50,5/8/2024 21:50,60fd9b084a91f75f655da04f,0,Flat,4,TRUE,2,2,0,-1,1,3.75,1,1,1,1,1,0,0,0,2,2,2,1,70
5/8/2024 21:48,5/8/2024 21:50,5/8/2024 21:50,59ef9be762637600014a873d,1,Increasing,0,TRUE,1,1,1,1,-1,4,0,-1,0,-0.3333333333333333,1,1,1,0,0,0,2,1,80
5/8/2024 21:46,5/8/2024 21:50,5/8/2024 21:50,614ae8dbcd4d31f05be56645,1,Increasing,4,TRUE,2,2,1,1,-1,4.5,1,1,1,1,1,1,1,1,2,0,2,0,70
5/8/2024 21:47,5/8/2024 21:50,5/8/2024 21:50,645aad7d0f6aa5bf2c11cd71,0,Flat,3,TRUE,2,2,1,-1,1,4,1,1,1,1,1,1,1,0,2,2,2,1,60
5/8/2024 21:48,5/8/2024 21:50,5/8/2024 21:50,57fa6c8b07d709000141ad46,1,Increasing,1,TRUE,1,1,0,1,-1,3.75,1,0,0,0.3333333333333333,2,1,0,1,0,0,1,0,90
5/8/2024 21:49,5/8/2024 21:51,5/8/2024 21:51,5d4c06c6a8d9fb001a1470d5,0,Flat,1,TRUE,1,1,0,-0,0,3.5,0,-1,0,-0.3333333333333333,1,0,0,0,0,1,1,1,80
5/8/2024 21:49,5/8/2024 21:51,5/8/2024 21:51,5be9fd84271bf10001525264,1,Increasing,3,TRUE,2,2,0,2,-2,4.5,1,1,1,1,1,1,2,1,2,0,2,0,100
5/8/2024 21:48,5/8/2024 21:51,5/8/2024 21:51,5d49bae2428aab001910c21f,1,Increasing,4,TRUE,2,2,2,2,-2,5,1,1,0,0.6666666666666666,1,0,1,0,2,2,0,1,85
5/8/2024 21:49,5/8/2024 21:51,5/8/2024 21:51,60e4c4029f0061acfc5feb1d,0,Flat,2,TRUE,2,2,2,2,-2,5,2,2,2,2,0,0,0,0,2,2,2,1,50
5/8/2024 21:48,5/8/2024 21:51,5/8/2024 21:51,61661cac7d3cc02b3fc1b52b,0,Flat,2,TRUE,2,2,1,2,-2,4.75,1,-1,1,0.3333333333333333,2,0,0,0,1,2,2,1,90
5/8/2024 21:50,5/8/2024 21:51,5/8/2024 21:51,5ad091dffb109b0001a3120a,0,Flat,0,TRUE,2,2,2,2,-2,5,1,1,-2,0,2,0,2,1,0,1,0,0,100
5/8/2024 21:50,5/8/2024 21:51,5/8/2024 21:51,63ea53e0ddf55cd04e5fc984,1,Increasing,4,TRUE,2,2,1,2,-2,4.75,1,0,1,0.6666666666666666,1,2,1,1,2,0,2,0,95
5/8/2024 21:48,5/8/2024 21:51,5/8/2024 21:51,663742d4b6ecce6de34189ad,1,Increasing,1,TRUE,2,2,2,2,-2,5,1,0,0,0.3333333333333333,2,0,1,0,1,2,0,1,85
5/8/2024 21:48,5/8/2024 21:51,5/8/2024 21:51,5fdb9774e6b281000aaec58a,0,Flat,3,TRUE,-2,-2,-2,-2,2,1,-2,-2,-2,-2,0,2,0,0,2,1,2,1,50
5/8/2024 21:49,5/8/2024 21:52,5/8/2024 21:52,5f5aa75a2cde2b1ac4679a9f,0,Flat,3,TRUE,2,2,0,-0,0,4,-1,1,-1,-0.3333333333333333,1,0,0,1,1,0,0,1,80
5/8/2024 21:50,5/8/2024 21:52,5/8/2024 21:52,652d35bf8e2f5c57cf0ceaef,0,Flat,2,TRUE,2,2,1,-1,1,4,-1,0,-1,-0.6666666666666666,1,1,2,0,1,2,2,0,85
5/8/2024 21:49,5/8/2024 21:52,5/8/2024 21:52,651cd578ab8356b73c4b0d30,1,Increasing,1,TRUE,2,2,2,2,-2,5,2,1,2,1.6666666666666667,2,2,1,1,1,0,0,0,95
5/8/2024 21:48,5/8/2024 21:52,5/8/2024 21:52,609978fde585cd14ae6a03a2,1,Increasing,2,TRUE,1,2,2,2,-2,4.75,1,2,1,1.3333333333333333,0,2,2,0,2,1,1,1,80
5/8/2024 21:50,5/8/2024 21:52,5/8/2024 21:52,5f96cb0772cd93035c5914fb,0,Flat,2,TRUE,2,2,1,2,-2,4.75,-2,-2,-2,-2,0,2,2,1,1,1,1,0,55
5/8/2024 21:48,5/8/2024 21:52,5/8/2024 21:52,663b89473b97353826d9d6a7,0,Flat,1,TRUE,2,2,2,2,-2,5,2,1,1,1.3333333333333333,2,2,2,1,1,1,1,0,90
5/8/2024 21:50,5/8/2024 21:52,5/8/2024 21:52,5d7695cc7ae60f001bc4bde6,1,Increasing,2,TRUE,2,2,2,2,-2,5,2,2,2,2,1,1,1,1,2,0,1,0,90
5/8/2024 21:49,5/8/2024 21:52,5/8/2024 21:52,65240c7431dc54022d9a859e,0,Flat,1,TRUE,2,2,1,1,-1,4.5,0,-1,-1,-0.6666666666666666,0,2,1,0,2,2,0,0,80
5/8/2024 21:50,5/8/2024 21:52,5/8/2024 21:52,5c01262b8d6776000114f8c6,1,Increasing,3,TRUE,2,2,2,2,-2,5,2,1,2,1.6666666666666667,2,1,2,0,0,2,0,0,100
5/8/2024 21:51,5/8/2024 21:53,5/8/2024 21:53,65ca2977bc327c60dbc2232c,0,Flat,2,TRUE,1,1,1,2,-2,4.25,-2,-2,-2,-2,0,0,0,1,2,0,2,1,50
5/8/2024 21:52,5/8/2024 21:53,5/8/2024 21:53,60def5138b12a023e5ae885c,0,Flat,0,TRUE,2,2,2,2,-2,5,1,1,1,1,2,2,1,0,0,0,2,0,85
5/8/2024 21:52,5/8/2024 21:53,5/8/2024 21:53,660d58fae74b8052996b96f0,1,Increasing,2,TRUE,1,1,1,2,-2,4.25,2,1,1,1.3333333333333333,0,2,2,0,1,0,0,1,85
5/8/2024 21:50,5/8/2024 21:53,5/8/2024 21:53,609fe745ce68c700663d6339,1,Increasing,3,TRUE,2,2,2,1,-1,4.75,0,-1,0,-0.3333333333333333,2,1,2,1,0,0,0,0,100
5/8/2024 21:51,5/8/2024 21:53,5/8/2024 21:53,5e66b7cc639d1f4320f07bea,0,Flat,1,TRUE,2,2,2,2,-2,5,1,1,1,1,0,2,1,0,2,1,2,1,60
5/8/2024 21:52,5/8/2024 21:53,5/8/2024 21:53,65e73d9b18c64807e50d2622,0,Flat,3,TRUE,2,2,2,2,-2,5,1,1,1,1,0,1,1,0,2,0,2,1,90
5/8/2024 21:51,5/8/2024 21:53,5/8/2024 21:53,596e51b8b174180001756e7a,0,Flat,2,TRUE,-1,-1,-1,-1,1,2,-2,0,-1,-1,2,2,2,1,1,1,1,0,60
5/8/2024 21:52,5/8/2024 21:53,5/8/2024 21:53,63d5decffe6025fec6a381b0,0,Flat,3,TRUE,2,2,2,2,-2,5,1,1,1,1,0,2,1,0,0,2,0,0,100
5/8/2024 21:51,5/8/2024 21:53,5/8/2024 21:53,58daceccf94de20001fbd84e,1,Increasing,2,TRUE,2,2,2,2,-2,5,-2,-2,-2,-2,1,1,1,1,2,2,0,0,55
5/8/2024 21:52,5/8/2024 21:53,5/8/2024 21:53,6164701dae20c042120fd305,0,Flat,0,TRUE,1,2,-1,-1,1,3.25,-2,-2,-2,-2,2,2,2,1,1,0,1,0,50
5/8/2024 21:52,5/8/2024 21:53,5/8/2024 21:53,60d332d15ea0b41e6603bba3,0,Flat,1,TRUE,2,2,2,1,-1,4.75,1,-1,1,0.3333333333333333,0,0,0,0,2,2,2,1,65
5/8/2024 21:50,5/8/2024 21:53,5/8/2024 21:53,5c871ab7de75d4001602869d,1,Increasing,4,TRUE,-1,0,-1,-1,1,2.25,-1,-1,-1,-1,2,2,2,1,0,0,0,0,100
5/8/2024 21:52,5/8/2024 21:53,5/8/2024 21:53,5b94d08a41cfe90001c6a249,0,Flat,0,TRUE,2,2,2,2,-2,5,2,2,2,2,1,1,2,1,0,2,1,0,95
5/8/2024 21:52,5/8/2024 21:53,5/8/2024 21:53,5c71ca9bf6c9fe00013ef0b5,0,Flat,3,TRUE,2,2,1,1,-1,4.5,-2,-1,-2,-1.6666666666666667,0,0,1,0,2,2,0,1,75
5/8/2024 21:52,5/8/2024 21:53,5/8/2024 21:53,60bf0f6824fa105c814baabc,1,Increasing,2,TRUE,2,2,2,2,-2,5,1,1,1,1,2,2,2,0,1,0,0,1,90
5/8/2024 21:51,5/8/2024 21:54,5/8/2024 21:54,5c7f087e7ce06e0012d9eadc,0,Flat,0,TRUE,2,2,2,2,-2,5,1,1,1,1,2,2,1,0,1,1,0,1,75
5/8/2024 21:52,5/8/2024 21:54,5/8/2024 21:54,5e665d52e8177d3de2db564f,0,Flat,2,TRUE,1,2,1,2,-2,4.5,1,1,1,1,0,0,0,0,2,1,1,1,95
5/8/2024 21:52,5/8/2024 21:54,5/8/2024 21:54,628f6cd7c60d4b705483ba0e,1,Increasing,0,TRUE,2,2,2,2,-2,5,1,2,1,1.3333333333333333,1,1,1,1,0,0,0,0,90
5/8/2024 21:52,5/8/2024 21:54,5/8/2024 21:54,63eb3891e11552f1afb46066,0,Flat,2,TRUE,2,2,2,1,-1,4.75,-1,1,-1,-0.3333333333333333,2,0,0,0,1,1,2,1,100
5/8/2024 21:54,5/8/2024 21:54,5/8/2024 21:54,5b3648e7f726b2000192b3f4,1,Increasing,4,TRUE,1,1,2,1,-1,4.25,-1,1,-1,-0.3333333333333333,1,0,2,0,0,2,0,1,70
5/8/2024 21:53,5/8/2024 21:54,5/8/2024 21:55,56d84fd94a9be1000553c1d7,1,Increasing,2,TRUE,2,2,2,2,-2,5,1,0,1,0.6666666666666666,1,1,0,1,2,2,2,0,85
5/8/2024 21:53,5/8/2024 21:55,5/8/2024 21:55,60eead911e567d29abb34468,0,Flat,1,TRUE,1,1,1,1,-1,4,0,1,1,0.6666666666666666,0,2,1,0,2,1,0,1,80
5/8/2024 21:53,5/8/2024 21:55,5/8/2024 21:55,663afb4c74805516d7983f27,0,Flat,3,TRUE,2,2,2,2,-2,5,2,2,2,2,2,0,2,0,1,1,1,1,70
5/8/2024 21:53,5/8/2024 21:55,5/8/2024 21:55,661bd9a8ac3c7e05dc6ba8ec,1,Increasing,2,TRUE,2,1,1,1,-1,4.25,1,0,0,0.3333333333333333,0,0,2,1,2,2,0,0,85
5/8/2024 21:51,5/8/2024 21:55,5/8/2024 21:55,662943409eaeecd5407bfdd1,1,Increasing,0,TRUE,2,2,2,2,-2,5,1,2,1,1.3333333333333333,0,0,1,0,1,2,1,1,80
5/8/2024 21:53,5/8/2024 21:55,5/8/2024 21:55,6605cdfbb3ab4e6faea5370a,1,Increasing,0,TRUE,2,2,1,2,-2,4.75,-1,-1,-1,-1,2,2,0,0,0,0,1,1,100
5/8/2024 21:52,5/8/2024 21:55,5/8/2024 21:55,60867f15c6327e78242c627c,0,Flat,2,TRUE,2,1,2,2,-2,4.75,1,0,1,0.6666666666666666,0,0,0,0,1,1,1,0,100
5/8/2024 21:48,5/8/2024 21:55,5/8/2024 21:55,653e75d85d02e5800a417c12,1,Increasing,2,TRUE,1,2,2,1,-1,4.5,2,1,1,1.3333333333333333,2,0,2,0,1,2,0,1,90
5/8/2024 21:53,5/8/2024 21:55,5/8/2024 21:55,63d148b2255821a940922c1a,1,Increasing,3,TRUE,2,2,1,2,-2,4.75,1,1,1,1,2,2,2,0,1,0,1,1,70
5/8/2024 21:53,5/8/2024 21:55,5/8/2024 21:55,5c55b06b6d0d9100012e204c,0,Flat,2,TRUE,1,2,1,1,-1,4.25,0,-1,1,0,0,1,1,0,2,2,2,1,85
5/8/2024 21:54,5/8/2024 21:55,5/8/2024 21:55,60fd3dcbeb03070b7de3174f,0,Flat,1,TRUE,2,2,2,1,-1,4.75,-1,-1,-1,-1,0,2,2,1,2,0,0,0,80
5/8/2024 21:53,5/8/2024 21:56,5/8/2024 21:56,6266fb8ab1af3b362ff835da,0,Flat,1,TRUE,2,2,2,2,-2,5,2,1,1,1.3333333333333333,1,0,1,0,2,1,2,1,90
5/8/2024 21:54,5/8/2024 21:56,5/8/2024 21:56,609720f77227ed736f8426cf,0,Flat,4,TRUE,2,2,2,2,-2,5,2,2,2,2,1,1,0,0,2,2,2,1,100
5/8/2024 21:55,5/8/2024 21:56,5/8/2024 21:56,5d6ad36076cca6001a66d89e,0,Flat,2,TRUE,1,1,0,1,-1,3.75,0,-1,0,-0.3333333333333333,0,1,1,0,1,0,0,1,80
5/8/2024 21:53,5/8/2024 21:56,5/8/2024 21:56,663b8b01994bf50119b3137c,0,Flat,0,TRUE,2,2,2,2,-2,5,2,-1,1,0.6666666666666666,1,0,0,0,2,1,1,1,85
5/8/2024 21:53,5/8/2024 21:56,5/8/2024 21:56,61487601c28ffb5294ccd72c,1,Increasing,1,TRUE,2,2,2,2,-2,5,2,2,2,2,0,2,1,0,1,1,0,1,80
5/8/2024 21:53,5/8/2024 21:56,5/8/2024 21:56,5b65628dcb06ee00015f6c9c,1,Increasing,3,TRUE,2,2,2,2,-2,5,-1,-2,-1,-1.3333333333333333,1,2,1,1,0,0,0,0,100
5/8/2024 21:49,5/8/2024 21:56,5/8/2024 21:56,5e986be10e86580585104d60,1,Increasing,4,TRUE,2,2,2,2,-2,5,2,2,2,2,2,1,0,1,1,2,2,0,55
5/8/2024 21:52,5/8/2024 21:56,5/8/2024 21:56,65cb6bd59d023df9be06bf55,1,Increasing,2,TRUE,2,2,2,-2,2,4,1,1,2,1.3333333333333333,2,2,2,0,0,1,1,1,85
5/8/2024 21:53,5/8/2024 21:57,5/8/2024 21:57,5e67a63dd0697a04fd08ef72,0,Flat,0,TRUE,2,2,2,2,-2,5,1,1,1,1,2,2,0,0,1,0,1,1,100
5/8/2024 21:53,5/8/2024 21:57,5/8/2024 21:57,63d16b409fc89f6d3a97f281,0,Flat,0,TRUE,1,0,0,-0,0,3.25,-2,-2,-2,-2,1,1,0,0,2,2,2,1,100
5/8/2024 21:55,5/8/2024 21:57,5/8/2024 21:57,59fa3f3705d1d60001f149da,1,Increasing,4,TRUE,1,2,1,1,-1,4.25,-2,-1,-1,-1.3333333333333333,1,2,1,1,2,0,0,0,70
5/8/2024 21:54,5/8/2024 21:57,5/8/2024 21:57,637be9ed8005fb3ac639e04f,0,Flat,3,TRUE,2,2,2,2,-2,5,1,1,1,1,0,1,2,1,2,0,0,0,100
5/8/2024 21:54,5/8/2024 21:57,5/8/2024 21:57,5b7e7de287d85f0001bac19a,1,Increasing,4,TRUE,2,2,2,2,-2,5,2,2,2,2,1,1,1,1,0,0,0,0,100
5/8/2024 21:55,5/8/2024 21:57,5/8/2024 21:57,64b53cb9f438ca54a2ca5065,0,Flat,0,TRUE,2,2,2,2,-2,5,1,1,1,1,0,2,1,0,2,1,2,1,95
5/8/2024 21:55,5/8/2024 21:57,5/8/2024 21:57,5ebddfe4903b33131c889c2c,1,Increasing,3,TRUE,2,2,2,2,-2,5,1,1,1,1,1,1,2,1,2,1,0,0,100
5/8/2024 21:54,5/8/2024 21:57,5/8/2024 21:57,660b4866df837c3787bdd0bc,0,Flat,4,TRUE,2,2,2,2,-2,5,1,1,-1,0.3333333333333333,1,0,1,1,0,2,0,0,85
5/8/2024 21:55,5/8/2024 21:57,5/8/2024 21:57,5b616c251957b60001e286fc,1,Increasing,2,TRUE,0,1,0,-1,1,3,1,1,1,1,2,0,2,0,0,2,1,1,75
5/8/2024 21:55,5/8/2024 21:57,5/8/2024 21:57,63d3fc9de67e1179cdf0d080,1,Increasing,1,TRUE,2,1,2,1,-1,4.5,1,2,2,1.6666666666666667,2,1,1,0,0,0,2,1,90
5/8/2024 21:54,5/8/2024 21:57,5/8/2024 21:57,60fd350d588f4b72f733c1ef,1,Increasing,2,TRUE,2,2,2,1,-1,4.75,2,1,1,1.3333333333333333,2,0,2,1,1,2,0,0,90
5/8/2024 21:52,5/8/2024 21:57,5/8/2024 21:57,65bba95969fb7e58ac83a6ce,0,Flat,4,TRUE,2,2,2,2,-2,5,1,1,1,1,0,0,2,1,1,1,1,0,85
5/8/2024 21:55,5/8/2024 21:57,5/8/2024 21:57,5cc0d590ecd0500001e5eb80,0,Flat,0,TRUE,2,2,2,2,-2,5,1,1,1,1,1,2,0,0,2,1,2,1,75
5/8/2024 21:54,5/8/2024 21:57,5/8/2024 21:57,6151b29b82509c9a7825c254,0,Flat,0,TRUE,1,2,1,1,-1,4.25,1,2,2,1.6666666666666667,2,1,2,0,0,2,0,1,65
5/8/2024 21:54,5/8/2024 21:57,5/8/2024 21:57,66267d2dbac5fa5ed69926cc,0,Flat,2,TRUE,2,2,2,2,-2,5,2,1,1,1.3333333333333333,0,0,0,0,2,2,2,1,90
5/8/2024 21:55,5/8/2024 21:57,5/8/2024 21:57,663a6f456c99ab4830407bdf,0,Flat,3,TRUE,2,2,2,2,-2,5,2,2,2,2,0,2,0,0,1,0,2,1,95
5/8/2024 21:54,5/8/2024 21:57,5/8/2024 21:57,63e530e893c44a3aefe9b29c,1,Increasing,1,TRUE,2,2,2,2,-2,5,2,2,2,2,0,1,2,0,2,0,1,0,100
5/8/2024 21:56,5/8/2024 21:57,5/8/2024 21:57,612ce2dc4fe6978901d3ed10,1,Increasing,3,TRUE,2,2,2,2,-2,5,-1,-1,0,-0.6666666666666666,1,2,2,1,2,0,0,0,100
5/8/2024 21:55,5/8/2024 21:57,5/8/2024 21:57,6636dacacb363670ddb95ff7,1,Increasing,3,TRUE,2,2,2,2,-2,5,2,1,1,1.3333333333333333,1,1,2,1,2,0,2,1,90
5/8/2024 21:55,5/8/2024 21:57,5/8/2024 21:57,63d7d24b7c5c14735adffba7,1,Increasing,1,TRUE,2,2,2,2,-2,5,2,1,2,1.6666666666666667,0,0,1,0,1,2,2,1,100
5/8/2024 21:55,5/8/2024 21:57,5/8/2024 21:57,5c882fbb42ff490016c7e47b,0,Flat,1,TRUE,2,2,2,2,-2,5,2,1,1,1.3333333333333333,1,0,1,1,1,1,2,0,100
5/8/2024 21:56,5/8/2024 21:58,5/8/2024 21:58,60e18fc810d0837bef0f5873,0,Flat,0,TRUE,2,2,2,2,-2,5,1,2,1,1.3333333333333333,1,2,1,0,0,0,0,1,90
5/8/2024 21:56,5/8/2024 21:58,5/8/2024 21:58,5ed54337dae0c00b3c959aa1,0,Flat,1,TRUE,2,2,2,2,-2,5,2,1,1,1.3333333333333333,1,1,1,0,2,0,2,1,95
5/8/2024 21:54,5/8/2024 21:58,5/8/2024 21:58,640a40d65d7d66847e06def9,1,Increasing,2,TRUE,2,2,2,2,-2,5,2,2,2,2,2,2,2,0,1,1,0,1,100
5/8/2024 21:55,5/8/2024 21:58,5/8/2024 21:58,6483446c7d1a659e10ffb682,0,Flat,1,TRUE,1,1,1,1,-1,4,0,0,0,0,1,1,1,1,0,2,0,0,85
5/8/2024 21:56,5/8/2024 21:58,5/8/2024 21:58,5e3461bd8ec4fc0230fef43a,1,Increasing,0,TRUE,2,2,2,2,-2,5,2,2,2,2,2,2,0,1,0,0,0,0,50
5/8/2024 21:56,5/8/2024 21:58,5/8/2024 21:58,661fce6b7f8f28823e6c92c0,1,Increasing,2,TRUE,2,2,2,2,-2,5,1,1,0,0.6666666666666666,2,1,2,1,0,0,0,0,95
5/8/2024 21:55,5/8/2024 21:58,5/8/2024 21:58,631704dcaef165dee0976041,1,Increasing,1,TRUE,2,2,2,2,-2,5,-1,-1,-2,-1.3333333333333333,2,1,1,0,0,0,0,0,100
5/8/2024 21:57,5/8/2024 21:58,5/8/2024 21:58,615b1940d7d710ba9d92e9e0,0,Flat,0,TRUE,1,1,1,1,-1,4,1,1,0,0.6666666666666666,1,1,1,0,2,2,0,1,50
5/8/2024 21:52,5/8/2024 21:58,5/8/2024 21:58,614c1267826bcb89bd92e726,1,Increasing,3,TRUE,2,2,2,2,-2,5,1,1,1,1,2,2,2,1,0,0,0,0,90
5/8/2024 21:55,5/8/2024 21:58,5/8/2024 21:58,62e3b86e93ec657bf1a690b5,0,Flat,4,TRUE,2,2,1,-0,0,4.25,1,1,2,1.3333333333333333,0,2,1,1,1,0,0,1,80
5/8/2024 21:57,5/8/2024 21:58,5/8/2024 21:58,5a4ff22bacc75b000179b0e9,0,Flat,0,TRUE,2,2,2,1,-1,4.75,0,0,0,0,1,2,1,1,0,0,2,0,80
5/8/2024 21:56,5/8/2024 21:58,5/8/2024 21:58,6329e5f4b69d5839344c8d6c,0,Flat,3,TRUE,1,1,1,-1,1,3.5,-1,-1,-1,-1,0,2,2,0,1,1,0,1,90
5/8/2024 21:50,5/8/2024 21:58,5/8/2024 21:58,59e71b497f3d71000171ddb8,1,Increasing,0,TRUE,2,2,2,2,-2,5,1,1,1,1,1,2,1,1,0,0,0,0,100
5/8/2024 21:57,5/8/2024 21:59,5/8/2024 21:59,60172619600dc1955ba05f5c,1,Increasing,4,TRUE,2,2,2,2,-2,5,1,0,0,0.3333333333333333,1,0,2,1,2,2,0,0,80
5/8/2024 21:55,5/8/2024 21:59,5/8/2024 21:59,62a357313478901b14ca7bb3,1,Increasing,0,TRUE,2,1,1,2,-2,4.5,-1,-1,-1,-1,2,2,2,1,0,0,0,0,100
5/8/2024 21:57,5/8/2024 21:59,5/8/2024 21:59,644a8c25f747d73d9828bee3,1,Increasing,0,TRUE,2,2,2,2,-2,5,2,2,2,2,0,0,0,1,2,2,2,0,90
5/8/2024 21:55,5/8/2024 21:59,5/8/2024 21:59,643ff216b732bb345c8403e2,0,Flat,0,TRUE,2,2,2,1,-1,4.75,0,0,1,0.3333333333333333,0,2,1,1,0,2,0,0,70
5/8/2024 21:57,5/8/2024 21:59,5/8/2024 21:59,6631082d9e525b8f749aca40,1,Increasing,2,TRUE,1,2,1,-0,0,4,-1,-1,-1,-1,1,2,2,1,2,1,1,0,85
5/8/2024 21:57,5/8/2024 21:59,5/8/2024 21:59,5cb20f2d7c917b00172dfef5,1,Increasing,1,TRUE,0,0,0,-1,1,2.75,0,1,1,0.6666666666666666,1,2,1,1,0,0,0,0,55
5/8/2024 21:55,5/8/2024 21:59,5/8/2024 21:59,5629356bc8ffc2001251363b,0,Flat,4,TRUE,2,2,2,2,-2,5,1,0,-1,0,0,2,2,0,2,1,0,1,70
5/8/2024 21:55,5/8/2024 21:59,5/8/2024 21:59,5904f7725dec66000110af5b,1,Increasing,4,TRUE,2,2,0,1,-1,4.25,1,1,1,1,1,1,2,0,0,0,0,1,90
5/8/2024 21:57,5/8/2024 21:59,5/8/2024 21:59,5e0ddcec2e472552e96f014b,1,Increasing,2,TRUE,2,2,2,2,-2,5,2,1,1,1.3333333333333333,0,2,1,0,1,1,0,1,90
5/8/2024 21:57,5/8/2024 21:59,5/8/2024 21:59,5efa8a9b3080998d5ea3fc87,1,Increasing,1,TRUE,2,2,2,1,-1,4.75,2,2,2,2,1,2,0,1,2,0,1,0,50
5/8/2024 21:56,5/8/2024 21:59,5/8/2024 21:59,5b6965eb28da1b0001b4385e,0,Flat,3,TRUE,2,2,2,2,-2,5,1,1,1,1,2,0,0,0,0,1,1,1,90
5/8/2024 21:58,5/8/2024 21:59,5/8/2024 21:59,5de312201efe513486ed5569,1,Increasing,2,TRUE,2,2,2,2,-2,5,2,2,2,2,2,1,1,0,0,0,0,1,100
5/8/2024 21:58,5/8/2024 21:59,5/8/2024 22:00,5bddd64b48428800013061a6,1,Increasing,3,TRUE,1,1,1,1,-1,4,-1,-1,-1,-1,1,2,1,1,0,0,0,0,80
5/8/2024 21:56,5/8/2024 22:00,5/8/2024 22:00,5f4a8c8347b9fe5082353a3c,1,Increasing,3,TRUE,2,2,2,2,-2,5,0,0,0,0,2,2,1,1,0,0,2,0,80
5/8/2024 21:56,5/8/2024 22:00,5/8/2024 22:00,65cba5290b9dca9291cd76ac,1,Increasing,0,TRUE,1,2,2,-1,1,4,2,2,2,2,2,0,0,0,1,0,1,0,90
5/8/2024 21:56,5/8/2024 22:00,5/8/2024 22:00,5b30dd61e223e800012bd935,1,Increasing,2,TRUE,2,2,2,2,-2,5,-1,-1,-1,-1,2,2,1,0,1,0,0,1,65
5/8/2024 21:59,5/8/2024 22:00,5/8/2024 22:00,63d3f9a8fa6a2910dcb0d37f,1,Increasing,3,TRUE,1,2,2,2,-2,4.75,1,1,1,1,0,0,0,1,2,2,2,0,80
5/8/2024 21:58,5/8/2024 22:00,5/8/2024 22:00,663abdca92cba881a7edc36c,1,Increasing,1,TRUE,1,1,0,-0,0,3.5,-1,-1,-1,-1,2,0,2,0,0,2,0,1,85
5/8/2024 21:58,5/8/2024 22:00,5/8/2024 22:00,63c5869714c648472e253347,1,Increasing,4,TRUE,2,2,2,2,-2,5,1,0,0,0.3333333333333333,0,1,1,0,2,1,0,1,90
5/8/2024 21:58,5/8/2024 22:00,5/8/2024 22:00,663a7e0405e0b058c85bd899,1,Increasing,0,TRUE,2,1,1,1,-1,4.25,0,0,0,0,1,2,2,1,2,0,0,0,65
5/8/2024 21:52,5/8/2024 22:00,5/8/2024 22:00,5985966e65326000012c1443,0,Flat,4,TRUE,2,2,1,1,-1,4.5,1,1,0,0.6666666666666666,2,0,0,0,0,1,1,1,95
5/8/2024 21:58,5/8/2024 22:00,5/8/2024 22:00,5d8dff0be825f000175a14ab,0,Flat,3,TRUE,2,2,0,-1,1,3.75,1,1,1,1,2,0,0,0,2,0,0,0,55
5/8/2024 21:56,5/8/2024 22:00,5/8/2024 22:00,5dc71b96d210e45213e92359,1,Increasing,3,TRUE,1,2,1,2,-2,4.5,1,1,1,1,1,2,1,1,0,0,2,0,85
5/8/2024 21:59,5/8/2024 22:00,5/8/2024 22:00,6500610c8659204538e08e8c,0,Flat,3,TRUE,1,1,1,-0,0,3.75,-1,-1,-1,-1,2,2,2,0,2,2,2,1,85
5/8/2024 21:58,5/8/2024 22:00,5/8/2024 22:00,5b704c7f4ee52200010f68b0,1,Increasing,4,TRUE,1,2,1,1,-1,4.25,1,1,1,1,1,1,1,0,0,0,0,0,85
5/8/2024 22:00,5/8/2024 22:01,5/8/2024 22:01,56c6f9efb0b7a1000c5d12d7,0,Flat,4,TRUE,2,2,2,1,-1,4.75,1,2,2,1.6666666666666667,2,1,2,1,1,2,1,0,95
5/8/2024 21:58,5/8/2024 22:01,5/8/2024 22:01,662fc8f6aa3d3b206672e28d,0,Flat,2,TRUE,2,2,2,2,-2,5,2,1,1,1.3333333333333333,1,2,2,1,2,0,0,0,100
5/8/2024 21:59,5/8/2024 22:01,5/8/2024 22:01,5f7366fe5b5261081e3d6fb8,0,Flat,0,TRUE,2,2,2,2,-2,5,-1,-1,-1,-1,2,0,2,0,0,2,0,1,55
5/8/2024 21:57,5/8/2024 22:01,5/8/2024 22:01,616bf2de1db1777c9dc95548,0,Flat,2,TRUE,1,2,2,2,-2,4.75,2,1,1,1.3333333333333333,2,2,1,1,1,0,2,0,90
5/8/2024 21:59,5/8/2024 22:01,5/8/2024 22:01,5d9da281c8406d0014d79311,0,Flat,3,TRUE,2,2,2,2,-2,5,1,1,1,1,0,0,1,0,2,2,0,1,65
5/8/2024 22:00,5/8/2024 22:01,5/8/2024 22:01,64136f616f4202871d6bb12e,0,Flat,2,TRUE,2,2,2,2,-2,5,1,1,1,1,0,0,0,0,1,2,1,0,85
5/8/2024 21:52,5/8/2024 22:01,5/8/2024 22:01,5fe37f650f62f4ff50d746eb,0,Flat,1,TRUE,2,2,2,2,-2,5,1,0,1,0.6666666666666666,2,1,1,1,1,0,2,0,75
5/8/2024 21:59,5/8/2024 22:01,5/8/2024 22:01,660e7b22df6f62087f723241,1,Increasing,0,TRUE,2,1,-1,2,-2,4,1,-1,1,0.3333333333333333,1,2,1,0,2,0,0,1,90
5/8/2024 21:57,5/8/2024 22:01,5/8/2024 22:01,5d0e0c9c312297001a37d0ca,1,Increasing,0,TRUE,2,2,2,2,-2,5,0,0,0,0,0,2,1,1,1,0,0,0,100
5/8/2024 21:58,5/8/2024 22:01,5/8/2024 22:01,6554e79557e3d6be08e32ceb,1,Increasing,0,TRUE,2,2,2,2,-2,5,2,2,2,2,2,2,1,1,0,0,0,0,100
5/8/2024 21:58,5/8/2024 22:01,5/8/2024 22:01,60dd8f37d5f2dcf6204496ea,0,Flat,1,TRUE,2,2,2,2,-2,5,2,2,2,2,2,2,2,1,0,0,0,0,100
5/8/2024 21:59,5/8/2024 22:01,5/8/2024 22:01,5d945d41e5ce0a001347e2b5,0,Flat,4,TRUE,2,2,1,2,-2,4.75,1,0,0,0.3333333333333333,0,2,0,1,1,1,1,0,95
5/8/2024 21:57,5/8/2024 22:01,5/8/2024 22:01,5ee0570bd5e2a93a8e4b3c69,0,Flat,0,TRUE,2,2,2,2,-2,5,1,2,1,1.3333333333333333,1,2,2,1,0,1,0,0,100
5/8/2024 21:59,5/8/2024 22:01,5/8/2024 22:01,5e5667b3e5cbf4018c99991a,1,Increasing,3,TRUE,2,2,2,2,-2,5,1,1,1,1,2,2,1,1,0,1,2,0,100
5/8/2024 21:58,5/8/2024 22:01,5/8/2024 22:01,63d80a392c05f6a765d9e63a,0,Flat,4,TRUE,2,2,2,2,-2,5,1,1,0,0.6666666666666666,1,2,0,0,2,2,1,1,100
5/8/2024 21:59,5/8/2024 22:01,5/8/2024 22:01,5e836f61445b1c0761ae6a76,0,Flat,1,TRUE,2,2,2,2,-2,5,1,1,1,1,0,2,2,0,2,1,0,1,90
5/8/2024 21:58,5/8/2024 22:02,5/8/2024 22:02,5ea4360dd2c7cf012a1f60a7,1,Increasing,1,TRUE,0,2,0,1,-1,3.75,-2,-2,-2,-2,0,2,0,0,1,0,1,0,50
5/8/2024 22:00,5/8/2024 22:02,5/8/2024 22:02,5b97f2375612b30001acc4c9,0,Flat,0,TRUE,2,2,2,2,-2,5,1,1,1,1,1,2,2,0,2,0,0,1,85
5/8/2024 22:00,5/8/2024 22:02,5/8/2024 22:02,5c8d7e956ca70b0001128dd2,1,Increasing,3,TRUE,1,2,1,1,-1,4.25,1,0,0,0.3333333333333333,2,2,2,0,0,1,0,0,85
5/8/2024 21:59,5/8/2024 22:02,5/8/2024 22:02,59a07638bfd73c00010ea394,0,Flat,0,TRUE,-1,-1,-1,-1,1,2,1,1,1,1,2,0,2,0,0,1,1,1,95
5/8/2024 22:00,5/8/2024 22:02,5/8/2024 22:02,652ef14a9b030a4423aba2b2,0,Flat,2,TRUE,1,2,2,1,-1,4.5,1,1,1,1,0,0,0,0,1,1,1,1,85
5/8/2024 22:01,5/8/2024 22:02,5/8/2024 22:02,5e110747dc265f7d25341439,1,Increasing,1,TRUE,2,2,2,2,-2,5,1,1,1,1,0,0,1,0,1,2,0,1,95
5/8/2024 21:59,5/8/2024 22:02,5/8/2024 22:02,64416ffb0b2219961e4ce181,0,Flat,3,TRUE,2,2,2,1,-1,4.75,1,1,1,1,2,2,2,0,0,2,0,1,85
5/8/2024 22:00,5/8/2024 22:02,5/8/2024 22:02,663a7dfda4b3d560eb9290c8,0,Flat,0,TRUE,-2,1,0,-2,2,2.25,1,-2,2,0.3333333333333333,0,1,2,0,0,0,0,1,80
5/8/2024 21:59,5/8/2024 22:02,5/8/2024 22:02,5e4a9e0ade1012000aa3de0e,1,Increasing,1,TRUE,2,2,1,2,-2,4.75,2,0,1,1,0,0,0,0,2,1,2,1,90
5/8/2024 21:59,5/8/2024 22:02,5/8/2024 22:02,63f85b1c3124fd03faff2126,0,Flat,4,TRUE,2,2,2,2,-2,5,1,0,1,0.6666666666666666,1,1,2,0,0,2,1,1,75
5/8/2024 21:59,5/8/2024 22:02,5/8/2024 22:02,5c2004c3da51990001e165b2,1,Increasing,3,TRUE,2,2,0,1,-1,4.25,0,0,0,0,1,2,0,0,1,0,1,0,50
5/8/2024 22:01,5/8/2024 22:02,5/8/2024 22:02,656f6b0949d8c6715cfbafe4,1,Increasing,2,TRUE,2,2,2,-2,2,4,2,2,2,2,2,2,1,0,0,0,0,1,100
5/8/2024 22:00,5/8/2024 22:02,5/8/2024 22:02,5e852ca6fdad8f11511558a1,0,Flat,1,TRUE,2,2,2,2,-2,5,1,2,1,1.3333333333333333,0,2,0,0,1,0,2,1,100
5/8/2024 22:01,5/8/2024 22:02,5/8/2024 22:02,60c715c89bb47f3847a690f0,1,Increasing,4,TRUE,2,2,2,2,-2,5,2,2,1,1.6666666666666667,1,0,2,0,0,2,0,1,80
5/8/2024 22:00,5/8/2024 22:02,5/8/2024 22:02,5d651053afb8f700198459d4,0,Flat,0,TRUE,2,2,1,2,-2,4.75,1,1,1,1,0,0,1,1,1,1,2,0,90
5/8/2024 22:01,5/8/2024 22:02,5/8/2024 22:02,59f77c1705d1d60001f14563,1,Increasing,1,TRUE,1,1,1,1,-1,4,1,1,1,1,2,2,1,1,0,2,2,0,100
5/8/2024 22:00,5/8/2024 22:02,5/8/2024 22:02,5e14d563c4e155ae93907ae1,0,Flat,2,TRUE,2,2,2,2,-2,5,-2,-2,-2,-2,0,0,0,0,1,1,0,1,90
5/8/2024 21:59,5/8/2024 22:02,5/8/2024 22:02,614f6acd2f7cb80d4183081b,0,Flat,0,TRUE,2,2,2,2,-2,5,2,2,2,2,1,0,1,1,2,1,2,0,70
5/8/2024 21:57,5/8/2024 22:02,5/8/2024 22:02,5fad44ce8b587c0008f18de1,1,Increasing,3,TRUE,2,2,2,2,-2,5,1,1,1,1,2,2,2,1,1,0,0,0,100
5/8/2024 21:59,5/8/2024 22:02,5/8/2024 22:02,644b8b2b8ab902554e307f27,0,Flat,2,TRUE,2,1,1,2,-2,4.5,-1,-1,1,-0.3333333333333333,1,2,1,0,2,1,2,0,50
5/8/2024 22:01,5/8/2024 22:03,5/8/2024 22:03,5f668a416b792f26ef5ea974,0,Flat,1,TRUE,2,2,2,2,-2,5,2,1,1,1.3333333333333333,1,0,1,1,0,1,0,0,100
5/8/2024 22:01,5/8/2024 22:03,5/8/2024 22:03,5c73d2817ed3a70001fc2929,1,Increasing,1,TRUE,2,1,1,1,-1,4.25,2,2,2,2,2,2,1,0,0,0,0,0,75
5/8/2024 22:01,5/8/2024 22:03,5/8/2024 22:03,5a8f01d95292b80001235d34,0,Flat,3,TRUE,2,2,2,2,-2,5,1,0,-1,0,0,0,1,0,2,2,2,0,95
5/8/2024 21:59,5/8/2024 22:03,5/8/2024 22:03,5dd6e8e3e426bd67d5b1c7e0,0,Flat,1,TRUE,2,2,2,2,-2,5,2,2,2,2,0,1,0,1,1,1,0,1,100
5/8/2024 22:02,5/8/2024 22:03,5/8/2024 22:03,5cc09f7c742632001a7a6e88,0,Flat,4,TRUE,1,1,1,1,-1,4,-1,-1,-1,-1,0,1,1,0,2,2,0,0,80
5/8/2024 21:59,5/8/2024 22:03,5/8/2024 22:03,5fff2ff5a3b2586a690ee807,0,Flat,1,TRUE,2,2,2,2,-2,5,2,2,1,1.6666666666666667,0,2,0,0,2,0,2,1,100
5/8/2024 22:01,5/8/2024 22:03,5/8/2024 22:03,5f512e03b3a4953287604eed,0,Flat,4,TRUE,1,1,1,-0,0,3.75,1,0,0,0.3333333333333333,1,2,2,1,2,0,1,0,70
5/8/2024 22:00,5/8/2024 22:03,5/8/2024 22:03,646cfc663c6a71e2ab992704,0,Flat,1,TRUE,2,2,2,2,-2,5,2,2,2,2,2,2,2,1,1,0,0,0,85
5/8/2024 22:02,5/8/2024 22:03,5/8/2024 22:03,5dd012a97b6a661093d36b8e,0,Flat,4,TRUE,2,2,0,1,-1,4.25,-1,-1,-1,-1,2,0,1,0,2,2,2,1,85
5/8/2024 22:00,5/8/2024 22:04,5/8/2024 22:04,605269ed69c7aac84a09dc72,0,Flat,2,TRUE,1,2,1,2,-2,4.5,1,1,1,1,0,0,0,0,1,2,1,1,65
5/8/2024 22:02,5/8/2024 22:04,5/8/2024 22:04,5ce1aee8a80ce000014ae0f5,0,Flat,4,TRUE,2,2,2,2,-2,5,1,-1,-1,-0.3333333333333333,2,1,1,1,0,0,0,0,85
5/8/2024 22:01,5/8/2024 22:04,5/8/2024 22:04,612266e2ea3c172619abba50,1,Increasing,3,TRUE,2,2,2,2,-2,5,1,1,1,1,2,1,2,1,1,0,0,0,100
5/8/2024 22:01,5/8/2024 22:04,5/8/2024 22:04,64bea5e01789a08686f95dfc,1,Increasing,0,TRUE,2,2,2,1,-1,4.75,2,2,2,2,2,2,2,0,0,0,1,0,90
5/8/2024 22:01,5/8/2024 22:04,5/8/2024 22:04,628775652a4a95dff424b930,0,Flat,0,TRUE,2,2,2,2,-2,5,2,0,0,0.6666666666666666,1,0,0,0,1,1,2,1,100
5/8/2024 22:02,5/8/2024 22:04,5/8/2024 22:04,60098b438497516c56ba4ae1,1,Increasing,0,TRUE,2,2,-1,-0,0,3.75,1,1,1,1,2,2,1,0,0,0,0,1,55
5/8/2024 22:03,5/8/2024 22:04,5/8/2024 22:04,61362316891827226628509d,1,Increasing,0,TRUE,1,2,0,1,-1,4,1,1,0,0.6666666666666666,0,1,1,1,1,0,0,0,70
5/8/2024 22:02,5/8/2024 22:04,5/8/2024 22:04,6638dfd3d4e5aa847b2fea33,0,Flat,0,TRUE,2,2,2,2,-2,5,2,2,1,1.6666666666666667,0,0,1,0,2,2,0,1,100
5/8/2024 22:02,5/8/2024 22:04,5/8/2024 22:04,5f0227129ae0b90b7dad9ee7,1,Increasing,4,TRUE,2,1,1,1,-1,4.25,1,1,1,1,0,1,2,1,1,0,0,1,80
5/8/2024 22:02,5/8/2024 22:04,5/8/2024 22:04,615a170c6eca532c6f57e09c,0,Flat,2,TRUE,2,1,2,2,-2,4.75,1,1,1,1,0,0,1,1,1,2,0,0,85
5/8/2024 22:01,5/8/2024 22:04,5/8/2024 22:04,5f7c5706e7a572044cce1f69,1,Increasing,3,TRUE,2,2,2,2,-2,5,1,-2,1,0,1,1,1,0,0,2,0,1,85
5/8/2024 22:01,5/8/2024 22:04,5/8/2024 22:04,5f60fad1438cb2026e428741,1,Increasing,4,TRUE,-2,2,2,2,-2,4,1,1,1,1,2,1,1,0,0,0,0,0,100
5/8/2024 22:00,5/8/2024 22:04,5/8/2024 22:04,60d285ab0eb4cd1a3c4858cb,0,Flat,3,TRUE,2,2,2,2,-2,5,2,2,1,1.6666666666666667,1,1,0,1,0,2,0,0,95
5/8/2024 22:03,5/8/2024 22:05,5/8/2024 22:05,5d352f8bb02857001963539a,1,Increasing,0,TRUE,2,2,2,2,-2,5,2,2,2,2,1,1,1,1,0,0,0,0,100
5/8/2024 22:02,5/8/2024 22:05,5/8/2024 22:05,5e838c804a170009da55fd93,0,Flat,1,TRUE,-2,-1,-1,-2,2,1.5,1,1,-1,0.3333333333333333,1,0,0,0,2,2,2,1,50
5/8/2024 22:03,5/8/2024 22:05,5/8/2024 22:05,58dc1373463f960001ba45b3,0,Flat,1,TRUE,2,2,2,2,-2,5,2,2,2,2,1,2,2,0,0,1,1,1,100
5/8/2024 22:02,5/8/2024 22:05,5/8/2024 22:05,6015bb02728ff80e87ba3e00,0,Flat,0,TRUE,2,1,2,2,-2,4.75,-1,-1,-2,-1.3333333333333333,0,0,1,0,1,1,2,1,80
5/8/2024 22:03,5/8/2024 22:05,5/8/2024 22:05,59de4ee5d838ae0001850567,1,Increasing,3,TRUE,2,2,2,2,-2,5,1,1,1,1,2,2,2,0,1,1,0,1,100
5/8/2024 22:02,5/8/2024 22:05,5/8/2024 22:05,657f030038e31904b66cc81e,0,Flat,4,TRUE,2,2,2,2,-2,5,1,1,1,1,0,1,1,0,2,0,2,1,100
5/8/2024 22:03,5/8/2024 22:05,5/8/2024 22:05,6119301b45955d15644a0e0c,1,Increasing,3,TRUE,2,2,2,-2,2,4,2,2,2,2,2,1,1,1,0,0,2,0,80
5/8/2024 22:03,5/8/2024 22:05,5/8/2024 22:05,638e6328cddabb50e84cc8e5,0,Flat,4,TRUE,2,-2,2,2,-2,4,2,2,2,2,2,2,1,0,1,1,2,1,100
5/8/2024 22:03,5/8/2024 22:06,5/8/2024 22:06,5c7dd8e0665aaa001230a6c7,0,Flat,1,TRUE,0,0,-1,-1,1,2.5,-1,-1,-1,-1,1,2,1,1,0,0,0,0,100
5/8/2024 22:04,5/8/2024 22:06,5/8/2024 22:06,612b769fef7b5e0dd8896373,0,Flat,2,TRUE,2,2,2,2,-2,5,-2,-2,-2,-2,0,0,1,1,0,1,2,0,100
5/8/2024 21:59,5/8/2024 22:06,5/8/2024 22:06,631a030ace0fd33c62501d10,0,Flat,1,TRUE,2,2,2,2,-2,5,1,1,1,1,2,2,1,1,2,0,2,0,65
5/8/2024 22:02,5/8/2024 22:06,5/8/2024 22:06,5caccbc4976d010014b9cd9d,0,Flat,1,TRUE,2,2,2,2,-2,5,0,-1,-1,-0.6666666666666666,0,0,2,1,1,2,0,0,100
5/8/2024 22:04,5/8/2024 22:06,5/8/2024 22:06,650c4f66a2799732bf17bbbc,0,Flat,3,TRUE,2,2,2,2,-2,5,2,2,2,2,0,2,0,0,2,1,1,1,100
5/8/2024 22:05,5/8/2024 22:06,5/8/2024 22:06,63b748805d0e1d0ccec51d89,1,Increasing,1,TRUE,2,2,2,1,-1,4.75,1,1,1,1,2,2,2,0,1,1,1,1,85
5/8/2024 22:05,5/8/2024 22:06,5/8/2024 22:06,56a244b1e1e5a6000c8fe091,0,Flat,3,TRUE,2,2,2,2,-2,5,1,1,1,1,1,2,0,0,0,0,2,1,90
5/8/2024 22:04,5/8/2024 22:06,5/8/2024 22:06,5e1f97bb97308b2cf7b254fb,1,Increasing,2,TRUE,2,2,2,2,-2,5,1,-1,1,0.3333333333333333,1,1,1,0,2,2,2,1,95
5/8/2024 22:05,5/8/2024 22:06,5/8/2024 22:06,661598bfc8a719dae4c239af,1,Increasing,4,TRUE,2,2,2,2,-2,5,1,1,0,0.6666666666666666,1,1,2,1,2,2,0,0,80
5/8/2024 21:55,5/8/2024 22:06,5/8/2024 22:06,6321dd8071382720694df153,0,Flat,0,TRUE,1,1,1,1,-1,4,1,1,1,1,2,2,0,1,0,1,2,0,85
5/8/2024 22:05,5/8/2024 22:06,5/8/2024 22:06,5e1cdd55537fe105f0841be2,1,Increasing,3,TRUE,2,2,2,2,-2,5,2,2,2,2,2,2,2,0,1,0,0,0,100
5/8/2024 22:05,5/8/2024 22:07,5/8/2024 22:07,63d7ab31b392696900786d31,1,Increasing,4,TRUE,2,2,2,2,-2,5,1,1,1,1,1,1,0,1,2,0,2,0,80
5/8/2024 22:05,5/8/2024 22:07,5/8/2024 22:07,5e8cb92b4fbc6b06bdb8a3d3,0,Flat,4,TRUE,2,2,2,2,-2,5,1,1,1,1,1,0,2,0,0,1,0,1,100
5/8/2024 22:04,5/8/2024 22:07,5/8/2024 22:07,5ce64b4d0226ce0019c49a3f,1,Increasing,1,TRUE,2,2,2,2,-2,5,0,1,1,0.6666666666666666,0,1,2,1,2,0,0,0,80
5/8/2024 22:02,5/8/2024 22:07,5/8/2024 22:07,5bd9580fbeca730001cf339b,1,Increasing,3,TRUE,2,2,2,2,-2,5,1,1,1,1,2,1,1,0,0,0,2,1,100
5/8/2024 22:05,5/8/2024 22:07,5/8/2024 22:07,60e9e639ca992b3ffc3dee53,1,Increasing,0,TRUE,2,2,2,2,-2,5,2,2,2,2,2,2,1,0,1,0,0,1,90
5/8/2024 22:03,5/8/2024 22:07,5/8/2024 22:07,5d3b65136a4c6d0001cdd8ba,0,Flat,0,TRUE,1,2,-1,1,-1,3.75,1,0,-1,0,0,2,2,1,1,0,0,0,55
5/8/2024 22:04,5/8/2024 22:07,5/8/2024 22:07,6160c3c0d2e99e0e0c625391,0,Flat,1,TRUE,2,2,2,1,-1,4.75,1,1,1,1,0,2,1,1,1,1,2,0,100
5/8/2024 22:06,5/8/2024 22:07,5/8/2024 22:07,5e12202adc79bd8a6c74499b,0,Flat,3,TRUE,2,1,1,1,-1,4.25,1,1,0,0.6666666666666666,1,1,1,0,2,2,2,1,80
5/8/2024 22:05,5/8/2024 22:07,5/8/2024 22:07,65cc19b4b3d48a22dfc6756d,1,Increasing,2,TRUE,2,2,2,2,-2,5,2,2,2,2,0,0,2,0,2,1,0,1,100
5/8/2024 22:05,5/8/2024 22:08,5/8/2024 22:08,65a5920088672d869713f267,1,Increasing,4,TRUE,2,2,2,2,-2,5,1,1,1,1,2,1,2,0,0,0,0,0,100
5/8/2024 22:01,5/8/2024 22:08,5/8/2024 22:08,606c6599de19c72f1629473c,1,Increasing,4,TRUE,2,2,2,2,-2,5,2,1,2,1.6666666666666667,0,2,2,1,2,0,1,0,95
5/8/2024 22:05,5/8/2024 22:08,5/8/2024 22:08,5d5988df44609300192e3521,0,Flat,1,TRUE,2,2,1,1,-1,4.5,0,0,0,0,0,0,0,0,2,2,1,1,50
5/8/2024 22:05,5/8/2024 22:08,5/8/2024 22:08,5e02285cac9e16dcddb845ef,1,Increasing,1,TRUE,2,2,2,2,-2,5,1,-1,1,0.3333333333333333,1,1,1,0,0,2,0,1,100
5/8/2024 22:05,5/8/2024 22:08,5/8/2024 22:08,5efa455b7a38f2145071c23e,0,Flat,3,TRUE,2,2,2,2,-2,5,2,2,2,2,2,1,1,1,1,0,0,0,85
5/8/2024 22:05,5/8/2024 22:08,5/8/2024 22:08,5df4ed2eae7b303760a9d47c,0,Flat,4,TRUE,2,2,1,2,-2,4.75,-1,-1,-1,-1,2,2,0,0,1,2,1,1,50
5/8/2024 22:04,5/8/2024 22:08,5/8/2024 22:09,62b22949a3d0a8d422573f97,1,Increasing,3,TRUE,2,2,2,-0,0,4.5,1,1,0,0.6666666666666666,0,0,0,1,2,1,0,0,90
5/8/2024 22:05,5/8/2024 22:09,5/8/2024 22:09,64417d740541530e34daa2ba,0,Flat,2,TRUE,2,2,2,2,-2,5,1,1,1,1,2,0,0,0,0,1,2,1,100
5/8/2024 22:05,5/8/2024 22:09,5/8/2024 22:09,5e72e05556204e23fe260184,1,Increasing,3,TRUE,2,2,2,2,-2,5,1,-1,-1,-0.3333333333333333,1,2,2,0,2,0,0,1,50
5/8/2024 21:57,5/8/2024 22:09,5/8/2024 22:09,63dadcb85db62398fa0fd383,1,Increasing,3,TRUE,2,2,2,2,-2,5,0,0,0,0,2,0,1,1,2,0,1,1,50
5/8/2024 22:07,5/8/2024 22:09,5/8/2024 22:09,661d1672f01169fe41f1f001,0,Flat,4,TRUE,2,2,2,2,-2,5,1,1,1,1,0,1,0,0,2,2,2,1,95
5/8/2024 22:07,5/8/2024 22:09,5/8/2024 22:09,5a82e444aa46dd00016b8fc0,1,Increasing,0,TRUE,2,2,2,2,-2,5,1,2,1,1.3333333333333333,0,2,2,1,2,1,1,0,85
5/8/2024 22:09,5/8/2024 22:10,5/8/2024 22:10,640ce3e5772a5a2776ccddb5,0,Flat,0,TRUE,0,0,0,-0,0,3,-1,1,0,0,2,1,2,1,0,0,0,0,75
5/8/2024 22:08,5/8/2024 22:10,5/8/2024 22:10,613a5cffb2911279076b5709,0,Flat,2,TRUE,2,2,2,1,-1,4.75,1,-1,1,0.3333333333333333,0,1,2,0,2,0,0,1,95
5/8/2024 22:09,5/8/2024 22:10,5/8/2024 22:10,62b224142b613b1ffb985ed2,1,Increasing,0,TRUE,2,2,2,2,-2,5,2,2,2,2,2,2,2,1,1,1,0,0,100
5/8/2024 22:08,5/8/2024 22:10,5/8/2024 22:10,639c7c2aa1eb6c87d6d91cf7,0,Flat,0,TRUE,2,2,2,2,-2,5,1,1,1,1,0,2,0,0,1,1,1,1,60
5/8/2024 22:07,5/8/2024 22:10,5/8/2024 22:10,596e1edd39e9d00001b7bb98,0,Flat,3,TRUE,1,1,1,1,-1,4,-1,-1,-1,-1,2,2,2,1,1,2,1,0,85
5/8/2024 22:03,5/8/2024 22:11,5/8/2024 22:11,65312507684ab813603caab9,1,Increasing,0,TRUE,2,2,2,-0,0,4.5,1,-1,1,0.3333333333333333,1,1,1,1,0,0,0,0,95
5/8/2024 22:09,5/8/2024 22:12,5/8/2024 22:12,5d64426653ba680017d9f63a,0,Flat,2,TRUE,2,0,0,-1,1,3.25,-1,-1,-1,-1,0,0,0,0,2,2,2,1,85
5/8/2024 22:10,5/8/2024 22:12,5/8/2024 22:12,661fc92a62f9024a3aa5d28d,0,Flat,3,TRUE,2,1,1,1,-1,4.25,1,0,0,0.3333333333333333,2,1,2,1,0,2,0,0,90
5/8/2024 22:07,5/8/2024 22:12,5/8/2024 22:12,5f3869432ee10f387a4ba415,0,Flat,2,TRUE,2,2,2,-0,0,4.5,0,0,0,0,2,2,1,0,0,0,2,1,70
5/8/2024 22:08,5/8/2024 22:12,5/8/2024 22:12,61329a3e3f353940f7fcd042,0,Flat,0,TRUE,2,2,2,1,-1,4.75,2,1,1,1.3333333333333333,0,0,1,1,2,2,0,0,85
5/8/2024 22:00,5/8/2024 22:12,5/8/2024 22:12,5f526f33a80f5b51817cc53c,0,Flat,3,TRUE,2,2,2,2,-2,5,2,0,0,0.6666666666666666,1,0,2,0,2,1,1,1,100
5/8/2024 22:05,5/8/2024 22:13,5/8/2024 22:13,597e0d5f37978a00016b4e6a,1,Increasing,1,TRUE,2,0,2,1,-1,4.25,1,1,1,1,2,2,2,1,0,0,0,0,100
5/8/2024 22:08,5/8/2024 22:13,5/8/2024 22:13,599786366b939900012da0d2,1,Increasing,4,TRUE,2,2,2,2,-2,5,1,1,1,1,2,0,1,1,0,1,0,0,100
5/8/2024 22:10,5/8/2024 22:13,5/8/2024 22:13,5e922781962a2205f6f22c59,1,Increasing,3,TRUE,2,2,2,2,-2,5,2,2,2,2,2,1,2,1,0,0,0,0,90
5/8/2024 22:11,5/8/2024 22:13,5/8/2024 22:13,5f0f6ef654ae12126762bd4e,1,Increasing,2,TRUE,2,2,2,2,-2,5,0,0,0,0,1,0,2,0,0,1,0,1,70
5/8/2024 22:12,5/8/2024 22:14,5/8/2024 22:14,5f0de04a8fbf010a723c826a,0,Flat,0,TRUE,2,2,2,2,-2,5,1,0,0,0.3333333333333333,2,0,0,0,2,2,2,1,85
5/8/2024 22:09,5/8/2024 22:14,5/8/2024 22:14,56eb00e515ef53000b46726c,0,Flat,2,TRUE,2,2,1,2,-2,4.75,1,1,2,1.3333333333333333,1,2,2,0,0,0,1,1,80
5/8/2024 22:12,5/8/2024 22:15,5/8/2024 22:15,5ea01c7e792cdc00099748d6,1,Increasing,1,TRUE,2,2,2,2,-2,5,2,2,2,2,2,2,2,0,0,0,0,0,90
5/8/2024 22:05,5/8/2024 22:15,5/8/2024 22:15,60fd310fff5b2600c9d95554,1,Increasing,0,TRUE,2,2,2,2,-2,5,2,2,2,2,2,0,0,0,1,2,2,1,100
5/8/2024 22:14,5/8/2024 22:15,5/8/2024 22:15,5d2de4db914b6e001877da8f,0,Flat,1,TRUE,2,2,2,-2,2,4,1,1,2,1.3333333333333333,2,0,2,1,2,2,0,0,100
5/8/2024 22:13,5/8/2024 22:15,5/8/2024 22:15,6401000aab3cfc2606de05d1,1,Increasing,3,TRUE,2,2,2,1,-1,4.75,2,2,0,1.3333333333333333,2,1,2,1,1,1,1,0,90
5/8/2024 22:12,5/8/2024 22:16,5/8/2024 22:16,63065abd3531d20d3257efdd,1,Increasing,2,TRUE,2,2,2,2,-2,5,2,1,1,1.3333333333333333,2,2,2,1,0,1,1,0,100
5/8/2024 22:14,5/8/2024 22:16,5/8/2024 22:16,5f89bd7ce9a9b50bd4d347c9,0,Flat,0,TRUE,2,1,2,2,-2,4.75,1,1,1,1,0,0,2,0,1,1,0,1,85
5/8/2024 22:14,5/8/2024 22:17,5/8/2024 22:17,615ded1a0b5ad33384c0326e,1,Increasing,0,TRUE,2,2,2,2,-2,5,1,1,-1,0.3333333333333333,2,2,0,0,0,0,1,1,75
5/8/2024 22:14,5/8/2024 22:19,5/8/2024 22:19,57dfd8f5631235000138b0e1,1,Increasing,3,TRUE,2,2,2,2,-2,5,1,1,1,1,1,2,1,1,0,0,0,0,95
5/8/2024 22:16,5/8/2024 22:19,5/8/2024 22:19,64454350de7f8a83ebb0b8f9,1,Increasing,1,TRUE,2,2,2,2,-2,5,2,2,2,2,2,2,2,0,0,1,0,0,100
5/8/2024 22:14,5/8/2024 22:20,5/8/2024 22:20,5d6436ebd989a4001a237107,1,Increasing,4,TRUE,2,2,2,2,-2,5,2,2,2,2,0,1,0,1,0,0,0,0,90
5/8/2024 22:18,5/8/2024 22:20,5/8/2024 22:20,63d3f9a5b1eff52d97c7c86e,0,Flat,0,TRUE,2,2,1,1,-1,4.5,1,1,1,1,0,2,0,0,2,1,0,1,80
5/8/2024 22:17,5/8/2024 22:21,5/8/2024 22:21,5ce9be3a7d69950001cd9959,1,Increasing,1,TRUE,2,2,2,2,-2,5,2,1,1,1.3333333333333333,2,2,2,0,0,1,0,1,95
5/8/2024 22:19,5/8/2024 22:22,5/8/2024 22:22,6400e5057635b91fbfeafd20,0,Flat,4,TRUE,1,1,1,1,-1,4,2,2,2,2,0,0,2,1,1,2,1,0,80
5/8/2024 22:16,5/8/2024 22:22,5/8/2024 22:22,64136650748e4e17c18e1900,1,Increasing,4,TRUE,2,2,2,2,-2,5,2,1,2,1.6666666666666667,2,1,2,0,2,2,0,1,95
5/8/2024 22:14,5/8/2024 22:22,5/8/2024 22:22,656e9ee5741090021252e349,1,Increasing,1,TRUE,2,1,2,1,-1,4.5,1,-1,-1,-0.3333333333333333,0,2,1,1,2,0,0,0,85
5/8/2024 22:21,5/8/2024 22:23,5/8/2024 22:23,6159da92fcac01f8c06c327f,1,Increasing,2,TRUE,2,2,2,2,-2,5,0,0,0,0,1,2,2,1,1,1,0,0,90
5/8/2024 22:22,5/8/2024 22:27,5/8/2024 22:27,6630e8eaedcbd1591f239c9c,0,Flat,1,TRUE,2,2,1,-0,0,4.25,2,-2,1,0.3333333333333333,0,2,1,1,1,0,2,0,100
5/8/2024 22:11,5/8/2024 22:27,5/8/2024 22:27,5ce5bcf74caf470001da7c33,1,Increasing,0,TRUE,2,2,2,1,-1,4.75,1,0,1,0.6666666666666666,2,0,1,1,0,1,0,0,85
5/8/2024 22:24,5/8/2024 22:30,5/8/2024 22:30,64491afdfd7c9850dbe34166,1,Increasing,3,TRUE,2,2,2,2,-2,5,0,0,0,0,1,2,2,0,2,1,1,1,100
5/8/2024 22:26,5/8/2024 22:32,5/8/2024 22:32,6638e801816da06f1cecaa3a,1,Increasing,4,TRUE,2,2,1,1,-1,4.5,1,1,0,0.6666666666666666,1,0,2,0,0,0,0,1,100
5/8/2024 22:37,5/8/2024 22:40,5/8/2024 22:40,56cf6e8d31a5bc0006e1cdf5,1,Increasing,2,TRUE,2,2,2,2,-2,5,1,0,1,0.6666666666666666,1,2,0,1,0,1,1,0,95
5/8/2024 22:35,5/8/2024 22:40,5/8/2024 22:40,5d31dc6e42678e001a0bdedd,0,Flat,1,TRUE,2,2,2,2,-2,5,1,1,1,1,0,0,2,1,2,2,2,0,55
5/8/2024 22:41,5/8/2024 22:44,5/8/2024 22:44,5638e8a444e8c8000ee86a35,1,Increasing,3,TRUE,2,2,2,2,-2,5,1,1,1,1,1,1,0,0,0,2,2,1,100
5/8/2024 22:41,5/8/2024 22:44,5/8/2024 22:44,660fd68733720d48af43d1b3,0,Flat,4,TRUE,2,2,2,2,-2,5,1,-1,1,0.3333333333333333,0,1,0,0,2,1,2,1,100
5/8/2024 22:42,5/8/2024 22:45,5/8/2024 22:45,5a62207c13898300014b1fbb,0,Flat,3,TRUE,2,2,2,2,-2,5,1,1,1,1,2,2,0,0,1,0,2,1,90
5/8/2024 22:43,5/8/2024 22:45,5/8/2024 22:45,655237957baf4bc116e5d2b2,1,Increasing,2,TRUE,1,1,1,1,-1,4,1,1,1,1,0,2,1,0,1,0,0,1,90
5/8/2024 22:46,5/8/2024 22:48,5/8/2024 22:48,5e31a1526ef37a1879a94441,0,Flat,2,TRUE,2,2,2,2,-2,5,1,1,0,0.6666666666666666,0,0,0,0,1,0,0,0,100
5/8/2024 22:48,5/8/2024 22:50,5/8/2024 22:50,66216a05c5b9ed68b39e394b,1,Increasing,0,TRUE,2,2,2,2,-2,5,2,2,2,2,0,0,0,1,1,2,1,0,100
5/8/2024 22:48,5/8/2024 22:52,5/8/2024 22:52,5abc11e6e1099600016a3097,1,Increasing,3,TRUE,1,2,1,1,-1,4.25,2,1,1,1.3333333333333333,2,1,2,1,0,2,0,0,85
5/8/2024 22:50,5/8/2024 22:54,5/8/2024 22:54,5b5e0e86902ad10001cfcc59,0,Flat,4,TRUE,2,2,1,2,-2,4.75,1,1,1,1,2,1,1,1,0,2,2,0,80
5/8/2024 22:55,5/8/2024 22:58,5/8/2024 22:58,6638d72b0c96b84a0972225b,1,Increasing,3,TRUE,2,2,2,2,-2,5,2,2,2,2,0,0,0,0,2,2,2,1,85
5/8/2024 22:58,5/8/2024 23:02,5/8/2024 23:02,6638e099fb3eae53a2724297,0,Flat,3,TRUE,1,1,0,-0,0,3.5,1,1,1,1,1,1,2,0,1,2,1,0,85
