StartDate,EndDate,Status,Progress,Duration (in seconds),Finished,RecordedDate,ResponseId,DV_1,DV_2,DV_3,DV_4_R,CouldLearn_1,CouldLearn_2,CouldLearn_3,1_Hook,1_Length,1_Tone,1_Content,1_CTA,2_Hook,2_Length,2_Tone,2_Content,2_CTA,EdgeProbability,turkid,condid,replicate
4/24/2024 23:27,4/24/2024 23:29,0,100,112,1,4/24/2024 23:29,R_2zC6G3zk98n9Iyl,1,1,1,0,1,-1,1,2,2,0,2,0,0,0,1,0,1,90,6346f601780d729da84100b8,1,2
4/24/2024 23:29,4/24/2024 23:30,0,100,83,1,4/24/2024 23:30,R_56kwJtuwzRdGRf0,2,2,1,-2,1,1,1,0,2,1,1,0,2,0,0,2,1,60,610303cc518cc9e3899dcbb7,1,1
4/24/2024 23:30,4/24/2024 23:31,0,100,76,1,4/24/2024 23:31,R_5Lo4Yis1vKhQGi9,2,2,1,0,1,1,1,1,1,0,1,0,0,0,0,0,0,90,5dd58453bb28b1545e09189d,1,0
4/24/2024 23:30,4/24/2024 23:31,0,100,110,1,4/24/2024 23:31,R_5aP6rEH4vHjrhgx,2,2,2,-2,2,2,2,2,1,0,1,0,0,2,1,0,1,100,5f2ed247fc40b227293a1a5e,0,0
4/24/2024 23:30,4/24/2024 23:31,0,100,74,1,4/24/2024 23:31,R_5EWK526wFf0tGAB,1,2,1,0,1,2,2,2,0,0,1,1,0,2,1,0,0,90,6266d1937cec5e7a57883e76,0,4
4/24/2024 23:30,4/24/2024 23:34,0,100,207,1,4/24/2024 23:34,R_3QgUtFKjnXGYSEE,2,1,1,-1,1,1,1,0,0,1,1,0,2,2,1,2,1,95,5edf66ed1a0915219e55d5ca,0,0
4/24/2024 23:32,4/24/2024 23:34,0,100,125,1,4/24/2024 23:34,R_2KIPAydmQsvlatN,1,1,1,-1,1,0,0,1,0,0,2,0,2,2,1,0,1,85,63653e8bb62cf485a4716fdb,0,0
4/24/2024 23:32,4/24/2024 23:34,0,100,135,1,4/24/2024 23:34,R_2QHc6IUggRGM43T,2,2,1,0,1,-1,0,2,2,0,2,1,0,0,1,0,0,100,605099303a38aa0618da3feb,1,3
4/24/2024 23:32,4/24/2024 23:34,0,100,123,1,4/24/2024 23:34,R_2P0CxU6xeHyZTKB,2,2,2,-2,1,1,0,1,1,0,1,0,2,2,1,0,1,70,65160029e4cb93dc37b0c5c8,1,1
4/24/2024 23:34,4/24/2024 23:36,0,100,114,1,4/24/2024 23:36,R_2L6Wla68AMyHl1U,2,2,2,-2,1,1,1,2,0,0,0,0,0,2,1,1,1,70,5c5da3b159ec1d0001fe5606,0,1
4/24/2024 23:35,4/24/2024 23:37,0,100,122,1,4/24/2024 23:37,R_46IWpvmaRwPIzg5,1,1,1,-1,1,0,0,2,1,0,0,0,2,0,0,0,1,80,603cc6a69fc1fea96e18a0f0,0,3
4/24/2024 23:36,4/24/2024 23:38,0,100,87,1,4/24/2024 23:38,R_32pCvdTXJFwv7bj,2,2,2,-2,2,2,2,1,1,1,1,1,0,2,0,0,0,85,6452ad03d8f9a716d9d3a0d5,0,3
4/24/2024 23:36,4/24/2024 23:38,0,100,118,1,4/24/2024 23:38,R_5Y5M2tLYXlxxxwC,2,2,2,-2,1,1,1,1,0,0,1,1,2,2,1,0,0,100,62b5dbad85ebc6b09b1a9862,0,0
4/24/2024 23:37,4/24/2024 23:39,0,100,139,1,4/24/2024 23:39,R_5ElJvqoHqJ5icaw,2,2,2,-2,2,2,2,2,1,1,2,1,1,2,0,0,0,90,5d498490ab6774001538905b,0,4
4/24/2024 23:39,4/24/2024 23:40,0,100,60,1,4/24/2024 23:40,R_5sX9bZfwFgXK8oG,2,2,2,-2,1,1,1,0,2,0,1,1,1,0,1,2,0,90,61105071fe05cd89830dcc43,1,3
4/24/2024 23:37,4/24/2024 23:40,0,100,140,1,4/24/2024 23:40,R_81gF6EOufJ2uTuh,2,2,2,-2,2,2,2,1,1,0,2,1,0,0,1,0,0,85,62a1eadf5fb276774bb7bae8,1,3
4/24/2024 23:36,4/24/2024 23:40,0,100,248,1,4/24/2024 23:40,R_2FTNsgL6JIgzWox,2,1,1,-2,1,1,-1,2,1,1,1,0,0,0,0,0,0,60,5c97e1df7aa3c10014bf8c49,1,0
4/24/2024 23:38,4/24/2024 23:40,0,100,114,1,4/24/2024 23:40,R_4fcQRzob36lojBL,2,2,1,-1,1,1,0,1,1,0,1,0,2,2,1,0,1,90,60af86df4ab96f2f83a003ba,0,4
4/24/2024 23:37,4/24/2024 23:40,0,100,207,1,4/24/2024 23:40,R_2FVeegDs69czE8I,2,2,2,-1,1,2,1,0,0,0,2,1,2,2,0,0,0,60,62b2510090c080a481c2c8ef,1,0
4/24/2024 23:36,4/24/2024 23:41,0,100,297,1,4/24/2024 23:41,R_5lg8qe8gfAOigjq,2,2,2,-2,1,1,1,2,1,0,1,0,1,0,1,0,1,90,62c68d9da16361603d54d308,1,4
4/24/2024 23:40,4/24/2024 23:42,0,100,109,1,4/24/2024 23:42,R_2jevWJoFyu5kkiU,1,1,1,-1,-1,1,0,2,1,0,1,1,0,0,1,0,0,80,5aca1b55e1099600016ab6b7,1,3
4/24/2024 23:39,4/24/2024 23:42,0,100,139,1,4/24/2024 23:42,R_8gUFA5HNF4oJtxr,2,2,1,-1,1,1,1,0,0,0,1,0,2,2,0,0,1,80,5adc95a1066c510001d410d7,1,4
4/24/2024 23:40,4/24/2024 23:42,0,100,129,1,4/24/2024 23:42,R_5m3O5CmrXaaT01G,1,1,0,-1,1,0,0,2,1,1,2,0,1,0,0,0,1,95,5de3d4fc1d61c93cd498bb92,1,2
4/24/2024 23:38,4/24/2024 23:42,0,100,242,1,4/24/2024 23:42,R_8xXVtfb7NQxeSpT,2,2,2,-2,2,1,2,2,1,1,2,1,1,0,0,1,0,95,65c6314ad9eab9ead54d1ba2,1,3
4/24/2024 23:41,4/24/2024 23:43,0,100,71,1,4/24/2024 23:43,R_2JrasseVjW86ps5,1,2,2,-2,1,1,1,2,1,1,1,0,1,0,0,0,1,85,5e7253d4e8e2311879d30fce,1,1
4/24/2024 23:41,4/24/2024 23:43,0,100,112,1,4/24/2024 23:43,R_5U6rnTDuf8iFe6Z,1,2,1,-1,1,1,1,0,1,0,2,0,1,2,1,0,1,70,5c61da8590ff4f000109a650,0,1
4/24/2024 23:39,4/24/2024 23:43,0,100,213,1,4/24/2024 23:43,R_27V6URsf0Icb1sJ,2,2,1,-2,1,1,0,0,0,1,2,1,0,0,0,0,0,90,5c5a093738e69b0001dd9343,1,0
4/24/2024 23:40,4/24/2024 23:43,0,100,175,1,4/24/2024 23:43,R_2no8DLX34joM78Z,2,2,2,-2,1,1,1,1,0,1,1,1,0,2,1,2,0,100,66297081cf92682d528ef4b6,1,3
4/24/2024 23:39,4/24/2024 23:43,0,100,228,1,4/24/2024 23:43,R_27UUUlYFZYrIUep,2,2,2,-2,2,1,1,1,1,1,1,1,2,2,0,0,0,100,5fec4bf28fd71dda83c7f34e,1,1
4/24/2024 23:42,4/24/2024 23:43,0,100,80,1,4/24/2024 23:43,R_5LeDdWR1fAJbGrV,2,2,2,-2,2,2,2,2,2,0,1,0,0,0,0,0,1,70,5ef3efcb420ab11a45a0b8a6,1,1
4/24/2024 23:41,4/24/2024 23:43,0,100,153,1,4/24/2024 23:43,R_4QavpD74HmDraKh,2,1,1,-2,1,1,1,2,0,0,1,0,1,2,1,2,1,90,6148ee933093eb6be1edf761,0,3
4/24/2024 23:43,4/24/2024 23:44,0,100,75,1,4/24/2024 23:44,R_5Klt9OLZ7spBDeM,2,2,1,-2,2,1,0,1,2,1,2,1,1,0,0,1,0,85,662709c30570cd731e587591,1,1
4/24/2024 23:42,4/24/2024 23:44,0,100,101,1,4/24/2024 23:44,R_10ubteOV2fFHrWt,1,1,1,0,1,1,1,0,0,1,0,0,2,2,0,2,1,90,5c643f1140c2610001424b7f,0,0
4/24/2024 23:41,4/24/2024 23:44,0,100,179,1,4/24/2024 23:44,R_2s6NVB8508BLZmb,2,1,2,-1,1,1,1,0,0,0,2,1,2,2,1,0,0,95,5e9ffbdcaf81220009abc94f,1,2
4/24/2024 23:42,4/24/2024 23:44,0,100,163,1,4/24/2024 23:44,R_2KqMjB9Tx0lO1fq,1,1,0,-1,1,0,0,0,1,1,1,1,2,2,0,0,0,80,60fc14b7339c9fc0dc0ab317,1,4
4/24/2024 23:43,4/24/2024 23:45,0,100,103,1,4/24/2024 23:45,R_15xpx5fVsDue5qh,2,2,2,-2,2,2,2,0,1,0,0,0,1,2,1,2,1,90,5601ab2ea66d100012d5c38a,0,4
4/24/2024 23:44,4/24/2024 23:45,0,100,94,1,4/24/2024 23:45,R_1flEWuAA1fJCG4Y,2,2,2,-2,2,0,2,2,0,0,1,0,0,0,1,0,0,80,5aa936ec6475f90001a07e59,1,1
4/24/2024 23:43,4/24/2024 23:45,0,100,156,1,4/24/2024 23:45,R_2pxpt1mKbNRbD9E,2,2,2,-2,1,1,1,0,0,1,1,1,1,2,0,0,0,70,5d20e5aea3262d0017af1588,1,0
4/24/2024 23:43,4/24/2024 23:46,0,100,155,1,4/24/2024 23:46,R_1puFbog5LM2rPec,1,2,2,-1,1,2,1,2,1,0,2,1,1,0,1,0,0,90,66297498a5071056d9c6a626,0,1
4/24/2024 23:44,4/24/2024 23:46,0,100,125,1,4/24/2024 23:46,R_6YPU3aSDYRRGllL,2,2,2,-2,2,1,2,2,2,1,2,0,0,0,0,0,0,100,634c48cd5280c359cf6f5721,1,3
4/24/2024 23:44,4/24/2024 23:46,0,100,111,1,4/24/2024 23:46,R_3pARmgfXPNhvBbb,0,0,0,0,-1,-1,0,2,0,0,0,0,2,1,1,0,1,55,55c09e19fdf99b16c1fa925d,0,0
4/24/2024 23:45,4/24/2024 23:46,0,100,82,1,4/24/2024 23:46,R_3KuTIQKjc6WR13b,2,2,2,-2,1,1,2,2,2,1,1,1,0,0,1,2,0,100,60fd385d1d3245d00162023e,1,3
4/24/2024 23:44,4/24/2024 23:47,0,100,230,1,4/24/2024 23:47,R_2ClSwUIZZTiBqP0,2,1,2,-2,1,1,0,2,2,1,2,0,0,0,0,0,1,90,5eff51c5bfbd094cb6252800,1,0
4/24/2024 23:46,4/24/2024 23:48,0,100,117,1,4/24/2024 23:48,R_5HRe5kLtBfDahA1,1,1,0,0,-2,-1,-1,1,2,0,1,0,1,1,1,0,1,70,614ee347a57616853a7b1356,0,0
4/24/2024 23:46,4/24/2024 23:48,0,100,133,1,4/24/2024 23:48,R_1NESsaRB8IrD0ih,2,2,2,-2,1,2,1,1,0,0,2,0,2,2,1,0,1,85,59b58976773f4100014879ec,1,3
4/24/2024 23:42,4/24/2024 23:48,0,100,362,1,4/24/2024 23:48,R_2sbnRR97wWWK8wh,2,2,2,-1,1,1,1,0,1,0,1,1,1,0,1,0,0,70,6017642fbe88ba2b560e16ff,0,2
4/24/2024 23:46,4/24/2024 23:48,0,100,101,1,4/24/2024 23:48,R_2yTIvQJrK3F1TTH,1,2,0,-1,0,-1,0,0,0,0,0,0,2,2,1,2,1,85,5ba41fb90611410001081666,0,2
4/24/2024 23:46,4/24/2024 23:48,0,100,105,1,4/24/2024 23:48,R_2xQQZe7hDgHzm4V,2,2,1,1,1,1,1,1,2,0,0,1,2,0,1,1,0,75,640127622027c81567db087f,0,4
4/24/2024 23:45,4/24/2024 23:48,0,100,155,1,4/24/2024 23:48,R_3PhMS9qUDiM81U0,1,1,1,0,2,1,1,0,0,0,0,0,2,1,1,1,1,95,5dcbfe12d872a4895d4e6919,0,1
4/24/2024 23:47,4/24/2024 23:49,0,100,136,1,4/24/2024 23:49,R_2xR8kg5CkMnmWC0,2,2,2,-2,2,2,1,0,0,1,0,0,1,1,0,1,1,85,614793a7be62637e6a2ccf3e,0,3
4/24/2024 23:48,4/24/2024 23:49,0,100,79,1,4/24/2024 23:49,R_71cuI3DfXtMgmDb,1,1,1,-1,1,1,1,2,1,0,1,0,0,0,1,0,1,100,66295aab7a86d65b9a87447d,1,1
4/24/2024 23:46,4/24/2024 23:49,0,100,156,1,4/24/2024 23:49,R_81MfkURQDfNWx7H,1,1,-1,-1,1,1,1,2,1,1,1,1,1,2,0,0,0,90,59ff8226ab721b0001ef6e61,1,3
4/24/2024 23:46,4/24/2024 23:49,0,100,199,1,4/24/2024 23:49,R_6Xnp63kbxheGBfr,2,2,2,-2,1,1,1,2,2,1,1,1,0,1,0,2,0,100,611004bb14ee1de34195cb04,1,1
4/24/2024 23:48,4/24/2024 23:50,0,100,128,1,4/24/2024 23:50,R_2syqD7Fnm3OI5IA,2,2,2,-2,1,2,2,1,1,1,0,0,0,0,0,0,1,100,660c30d0233d666ddcfd69ad,1,3
4/24/2024 23:48,4/24/2024 23:50,0,100,111,1,4/24/2024 23:50,R_6v5W0rIXpYNOq9H,2,2,2,-2,1,1,1,0,0,0,0,0,1,1,1,1,1,95,57b715b842195e000159f82b,0,2
4/24/2024 23:48,4/24/2024 23:50,0,100,139,1,4/24/2024 23:50,R_2A1qkYoNUEqxxN7,1,1,1,-1,2,2,2,0,0,0,1,1,2,2,1,0,0,100,5a9012adf053610001718912,1,4
4/24/2024 23:47,4/24/2024 23:50,0,100,206,1,4/24/2024 23:50,R_2mJf0YNYECLhxdM,1,1,1,-1,1,1,0,0,1,0,1,1,1,2,1,2,0,75,60a7d8f45174b6633c940a15,0,3
4/24/2024 23:48,4/24/2024 23:51,0,100,142,1,4/24/2024 23:51,R_323dnCs7igxvLjb,1,1,1,-1,1,1,0,2,0,0,0,0,2,1,0,1,1,85,579e352f4d107800016dd96e,0,0
4/24/2024 23:48,4/24/2024 23:51,0,100,149,1,4/24/2024 23:51,R_3HtMGpq7mrIsvTH,2,2,1,-1,1,1,1,2,1,0,1,0,0,2,1,0,1,80,6303c94be7331161d7bb9f19,1,0
4/24/2024 23:49,4/24/2024 23:51,0,100,100,1,4/24/2024 23:51,R_8Y4lbxETkNpZZlS,1,2,1,-1,1,1,1,1,0,0,2,1,0,2,0,0,1,75,63d7a79e2606216262545e75,0,0
4/24/2024 23:48,4/24/2024 23:51,0,100,182,1,4/24/2024 23:51,R_6yf3rhAygkUV7d7,2,1,1,-1,1,1,1,2,2,0,1,1,1,0,1,1,0,80,643af3570582668c2496d536,1,3
4/24/2024 23:47,4/24/2024 23:51,0,100,242,1,4/24/2024 23:51,R_68f9r8xSYqyuehX,2,2,2,-1,1,0,-1,1,2,1,2,1,0,1,0,0,1,100,5d94f81f78648a0018f9c3ed,1,2
4/24/2024 23:49,4/24/2024 23:51,0,100,145,1,4/24/2024 23:51,R_7oNEeC6v9QsuJ6V,2,2,2,-2,1,1,1,1,1,0,2,0,0,0,1,1,1,100,6346921046fa377ce55acbc1,1,4
4/24/2024 23:50,4/24/2024 23:51,0,100,88,1,4/24/2024 23:51,R_2uVCI6WEJZj43gv,1,1,1,-1,1,1,1,1,1,0,1,1,2,2,0,0,0,85,5ff090bc539a38452f1f9a06,1,3
4/24/2024 23:50,4/24/2024 23:51,0,100,79,1,4/24/2024 23:51,R_1OkomNSzAueYHjx,2,2,2,2,1,1,1,0,0,0,1,0,1,2,1,2,1,85,5c4c57609446be00017e6746,0,2
4/24/2024 23:48,4/24/2024 23:52,0,100,197,1,4/24/2024 23:52,R_3Ko3glEV62LFcg9,1,2,0,0,1,1,1,0,0,1,1,1,2,1,1,0,0,65,571fdcb14b8ecc0013c24fcb,0,4
4/24/2024 23:51,4/24/2024 23:52,0,100,63,1,4/24/2024 23:52,R_3QPMtxrXdWJm0gq,2,2,1,-1,2,1,2,2,1,0,1,0,1,2,1,0,1,85,6447b9633f4b280aad385306,1,4
4/24/2024 23:51,4/24/2024 23:52,0,100,78,1,4/24/2024 23:52,R_3Yd4G8Cd3HAK1s5,1,1,1,1,1,1,1,2,2,1,1,0,0,0,0,0,0,75,5f653ce1f8363c0a4165e03d,1,3
4/24/2024 23:48,4/24/2024 23:52,0,100,232,1,4/24/2024 23:52,R_7myFyk7BKRl3tQn,1,1,1,-1,-1,-1,-1,1,0,1,2,0,2,1,1,0,0,75,600de5491d0f333e281263de,1,2
4/24/2024 23:48,4/24/2024 23:52,0,100,227,1,4/24/2024 23:52,R_2aeFt0gml4BpzXh,2,1,1,-2,1,1,1,2,0,0,2,1,0,2,1,0,0,75,63d5568c03e8842910a652c7,1,1
4/24/2024 23:51,4/24/2024 23:52,0,100,84,1,4/24/2024 23:52,R_3plDhVRfVWcinD3,2,2,2,-2,1,2,1,1,1,0,0,0,2,0,1,1,1,80,6400e710846ec9e2eedb0893,1,0
4/24/2024 23:50,4/24/2024 23:52,0,100,135,1,4/24/2024 23:52,R_2Ug8KjSP655x8es,2,1,1,-2,1,1,0,2,1,0,1,0,0,2,1,1,1,80,6323977fbe559b8a0b01aae6,1,3
4/24/2024 23:50,4/24/2024 23:52,0,100,121,1,4/24/2024 23:52,R_2M66ykBDPgCm6Dw,1,1,1,0,1,1,1,2,0,0,2,0,1,2,1,0,1,85,5c86832642ff490015c7e029,0,2
4/24/2024 23:50,4/24/2024 23:52,0,100,104,1,4/24/2024 23:52,R_1Mm0dQDfKKpxwSS,1,2,1,-1,2,2,1,0,0,0,0,0,1,2,1,1,1,80,66293a672ed5c50b4a896bbb,0,0
4/24/2024 23:50,4/24/2024 23:52,0,100,164,1,4/24/2024 23:52,R_2a17lOIVJhYYirL,2,2,2,-1,2,2,1,2,1,1,2,1,0,2,0,0,0,95,6581c0d833f32d42d1790ee1,1,3
4/24/2024 23:50,4/24/2024 23:52,0,100,129,1,4/24/2024 23:52,R_2EiTKMKbojGXwl3,1,1,1,-1,0,0,0,2,0,0,2,0,0,1,1,0,1,65,5b15b176c85dc40001625ce9,1,2
4/24/2024 23:48,4/24/2024 23:52,0,100,243,1,4/24/2024 23:52,R_6K8TZOIik0h7v0B,2,1,1,-1,1,1,1,2,0,1,2,1,1,2,0,0,0,90,660daced2d17c6d02bc3c023,1,3
4/24/2024 23:49,4/24/2024 23:52,0,100,192,1,4/24/2024 23:52,R_4hy8OtmdWHLsZh2,2,2,2,-2,2,1,1,1,0,0,2,0,2,2,1,0,1,100,615c03bf4f12b1e1eb2ace17,0,0
4/24/2024 23:49,4/24/2024 23:53,0,100,220,1,4/24/2024 23:53,R_5DILVlJm9AGVFIp,1,1,1,-1,1,0,1,2,0,0,2,0,0,2,1,0,0,75,61548e103213611528722709,1,1
4/24/2024 23:50,4/24/2024 23:53,0,100,161,1,4/24/2024 23:53,R_3veJgJtRnj6EJ93,2,2,2,-2,1,1,1,1,1,0,2,1,2,0,1,1,0,85,60e6ed09b102ff57a70ca23f,0,3
4/24/2024 23:50,4/24/2024 23:53,0,100,166,1,4/24/2024 23:53,R_2R3mwg1cF2TCNqN,2,2,2,-2,2,1,2,2,0,0,2,1,0,2,0,0,0,75,5ed55fe9a127550e59b690f8,1,3
4/24/2024 23:49,4/24/2024 23:53,0,100,209,1,4/24/2024 23:53,R_4QXrY6D02ySpUhU,1,1,0,1,0,0,0,2,1,0,1,0,1,2,1,1,1,75,55a7d0a1fdf99b65badeeed7,1,3
4/24/2024 23:51,4/24/2024 23:53,0,100,101,1,4/24/2024 23:53,R_5kP1OiM9LtVwZTb,2,1,1,-1,1,0,0,2,0,0,1,0,0,2,1,0,1,85,5e52f052fedced045c73cb72,1,0
4/24/2024 23:50,4/24/2024 23:53,0,100,153,1,4/24/2024 23:53,R_2DNDbbtg4ykEEG6,2,2,2,-2,2,2,1,1,1,1,0,1,0,2,0,1,0,90,5bb7c0a64eae9c0001085b15,1,1
4/24/2024 23:52,4/24/2024 23:53,0,100,91,1,4/24/2024 23:53,R_5si8uLUPbzzHL4l,-1,0,-1,1,0,-1,-1,1,0,0,1,1,2,2,1,0,0,65,640a628b1ee07fd75971fd93,0,0
4/24/2024 23:51,4/24/2024 23:54,0,100,150,1,4/24/2024 23:54,R_2kHvLQ5fxt2tczB,2,2,2,-2,1,1,1,0,0,1,1,0,2,2,0,0,1,95,6104b941b6b6aedf462f393b,0,2
4/24/2024 23:51,4/24/2024 23:54,0,100,180,1,4/24/2024 23:54,R_3kBylnzvVxerqeu,2,2,2,-2,2,1,2,0,2,1,1,0,2,0,0,0,1,75,64860c8cfd693e6467ad6d15,0,4
4/24/2024 23:51,4/24/2024 23:54,0,100,148,1,4/24/2024 23:54,R_3NxKS6IoxZY9ngd,2,2,1,-2,2,2,2,2,2,1,1,0,0,0,0,0,1,80,593ec9b706c3b80001d681c5,0,4
4/24/2024 23:51,4/24/2024 23:54,0,100,179,1,4/24/2024 23:54,R_2plFynKYtHOsBr2,1,1,1,-1,1,1,1,1,1,1,1,0,0,2,1,0,0,80,609a0fa06cfe6658d4c1a4f3,0,0
4/24/2024 23:53,4/24/2024 23:54,0,100,76,1,4/24/2024 23:54,R_2NUOzeAbqb3ZwvZ,2,2,0,-2,1,1,1,2,1,0,1,0,1,2,1,0,1,95,5996f25a05a0e30001f1fd72,0,3
4/24/2024 23:52,4/24/2024 23:54,0,100,118,1,4/24/2024 23:54,R_2zeDydo3TCaWGjp,2,2,2,-1,1,1,1,1,0,1,2,1,0,0,0,0,0,95,65a53ce092b4798f1b1ff5bb,1,4
4/24/2024 23:50,4/24/2024 23:54,0,100,262,1,4/24/2024 23:54,R_2RWg5tZPpgtSxng,2,2,1,-1,1,1,1,2,2,1,2,0,0,0,0,2,0,90,65ce6e580ff7827d2f4d5145,1,3
4/24/2024 23:51,4/24/2024 23:54,0,100,188,1,4/24/2024 23:54,R_6i5kYG3pjfVQ8pJ,2,2,1,-1,1,1,1,1,0,0,0,0,2,2,1,2,1,95,5c5346b553fba80001bc9662,0,4
4/24/2024 23:54,4/24/2024 23:55,0,100,65,1,4/24/2024 23:55,R_1PzKxitzX97jrdF,1,1,1,0,1,-1,0,2,0,1,1,0,0,0,0,0,1,100,5f48f497fae2763d537d2e6b,1,2
4/24/2024 23:50,4/24/2024 23:55,0,100,282,1,4/24/2024 23:55,R_3n2zSFvDUbRNoIu,2,1,1,0,1,0,-1,0,1,0,1,1,2,2,1,2,0,60,6550b7360295466f116b7b32,0,4
4/24/2024 23:52,4/24/2024 23:55,0,100,146,1,4/24/2024 23:55,R_71bCOKV8KE3UN1Z,-1,-1,-1,1,-2,-1,-2,1,1,0,2,0,1,0,0,1,0,85,636548bb10bd3ccc25f4a194,1,1
4/24/2024 23:52,4/24/2024 23:55,0,100,146,1,4/24/2024 23:55,R_2QWWbYAQciMk43A,2,2,2,-1,2,1,1,0,0,0,1,1,2,2,1,0,0,65,5ba6658bad80560001dfb918,1,1
4/24/2024 23:54,4/24/2024 23:55,0,100,79,1,4/24/2024 23:55,R_2PlyV4p8QoRkUkp,2,2,1,-1,1,1,1,2,1,1,1,1,1,0,0,0,0,80,66112bd293acb41880432781,1,3
4/24/2024 23:54,4/24/2024 23:55,0,100,105,1,4/24/2024 23:55,R_1kGOKdjaR7yrvq1,1,2,1,-1,1,1,1,1,2,1,1,1,0,1,0,0,0,85,572b912c3ab9df000dba9eef,1,4
4/24/2024 23:51,4/24/2024 23:55,0,100,250,1,4/24/2024 23:55,R_6q2bWu1OCD7pgEg,2,1,1,-2,1,1,1,1,1,0,1,1,2,2,1,0,0,75,6122a649efda7628c15054cf,1,4
4/24/2024 23:53,4/24/2024 23:55,0,100,162,1,4/24/2024 23:55,R_2WMcGhrckGwvvsY,-1,1,-1,0,-1,-1,-1,0,0,0,1,0,2,2,0,0,1,50,5b75680d976ecb0001b11477,0,2
4/24/2024 23:54,4/24/2024 23:55,0,100,87,1,4/24/2024 23:55,R_5JpVvcKa2LXCpj0,1,1,1,-1,1,1,1,1,2,0,0,0,0,2,1,2,1,100,6608c6d8e5f6d9302c0d9035,1,4
4/24/2024 23:54,4/24/2024 23:56,0,100,109,1,4/24/2024 23:56,R_1gxBkOiKAiTnHP3,2,2,2,-2,1,1,1,2,0,1,2,0,0,2,0,0,1,95,5cd70e7ee8b2070001bc91cb,1,3
4/24/2024 23:55,4/24/2024 23:56,0,100,75,1,4/24/2024 23:56,R_3rqxJqwfujtVk0e,2,2,2,-2,2,2,2,2,0,1,2,1,0,2,0,0,0,95,6010e0dab98c814912076b27,1,3
4/24/2024 23:54,4/24/2024 23:56,0,100,121,1,4/24/2024 23:56,R_2Hcr3jrQBsYexIB,2,2,2,-2,1,1,1,0,0,1,2,0,1,2,0,0,1,100,64401b8dc61551f15637634b,0,0
4/24/2024 23:53,4/24/2024 23:56,0,100,167,1,4/24/2024 23:56,R_216AyKcVoDMbFwM,1,1,0,0,-2,0,1,0,2,0,0,0,1,0,1,1,1,95,61113ad836a1f1b60f4c9389,0,1
4/24/2024 23:54,4/24/2024 23:56,0,100,132,1,4/24/2024 23:56,R_2c0j3IJzhYjjKWn,1,1,1,-1,1,0,1,0,0,0,0,1,1,1,1,1,0,90,65f0291c3911fa46e3bddb55,0,0
4/24/2024 23:53,4/24/2024 23:57,0,100,195,1,4/24/2024 23:57,R_1lF71xlTrPLumDh,2,2,1,-1,1,0,1,0,2,1,1,0,2,0,0,0,0,90,5d546368d39e340001e155c1,1,4
4/24/2024 23:55,4/24/2024 23:57,0,100,105,1,4/24/2024 23:57,R_3sHAFos18EizpaF,1,1,1,-1,0,1,0,0,0,0,1,0,2,2,1,0,1,100,5c609e77044f100001a4bcc7,0,2
4/24/2024 23:54,4/24/2024 23:57,0,100,196,1,4/24/2024 23:57,R_1nW0Z55Z3a4K4ZS,2,2,2,-2,2,1,1,1,2,0,2,1,2,1,1,0,0,100,65a7e34961fd2e2798ac3d26,1,3
4/24/2024 23:54,4/24/2024 23:57,0,100,197,1,4/24/2024 23:57,R_3xXAMZleJxdatuG,1,0,-1,0,-1,-1,-1,2,0,0,1,1,0,2,1,2,0,90,63d8966cb1c8fda2f6006864,0,0
4/24/2024 23:56,4/24/2024 23:57,0,100,91,1,4/24/2024 23:57,R_55ni7YsDcvbDKzT,1,1,1,-1,1,0,1,0,0,0,0,0,2,2,1,1,1,75,65a68e46526514b6a3da0a10,0,4
4/24/2024 23:54,4/24/2024 23:57,0,100,174,1,4/24/2024 23:57,R_1I04fGcyqhGhyR6,2,2,2,-2,1,-1,2,0,0,0,0,0,2,2,1,0,1,100,5da6b2aca2860400146b8ace,1,0
4/24/2024 23:55,4/24/2024 23:57,0,100,110,1,4/24/2024 23:57,R_4XludrFKvjfAqg9,2,2,2,1,1,1,1,1,0,0,1,0,2,2,1,0,1,95,6126441c9c8ec5ea6230ba17,0,4
4/24/2024 23:55,4/24/2024 23:57,0,100,167,1,4/24/2024 23:57,R_4DHWMxj0W5vkFds,1,1,1,-1,0,1,1,2,1,1,1,0,1,0,0,2,1,65,634693369430f49b0c4aced4,1,4
4/24/2024 23:56,4/24/2024 23:57,0,100,70,1,4/24/2024 23:57,R_3HpFU7ZXkT0w7RO,1,2,0,1,-1,-1,-1,1,1,0,1,1,1,2,0,0,1,95,6033aebb7228c70967a3ab43,1,3
4/24/2024 23:54,4/24/2024 23:57,0,100,210,1,4/24/2024 23:57,R_22YzMF5VRMsrmnF,2,2,2,-2,1,1,1,0,1,0,2,0,2,2,1,0,1,85,637f8322729ade58ec7229ba,0,1
4/24/2024 23:55,4/24/2024 23:58,0,100,159,1,4/24/2024 23:58,R_2v0sY65CkxJObHm,1,1,1,-1,0,0,-1,1,0,0,2,0,2,1,1,1,1,75,5f3a7e7b3a55e009ff81175e,0,3
4/24/2024 23:55,4/24/2024 23:58,0,100,141,1,4/24/2024 23:58,R_3Uo0n0yp3ySPazn,2,2,2,-2,1,1,1,2,0,0,2,0,1,2,1,0,1,85,5d08e3676f5dfc0019d57a4c,0,3
4/24/2024 23:56,4/24/2024 23:58,0,100,111,1,4/24/2024 23:58,R_36hYkwxecpMrbj6,1,1,1,0,1,1,1,1,1,0,2,0,2,0,0,0,1,90,5b868b33f7b3ca0001d775c2,0,4
4/24/2024 23:54,4/24/2024 23:58,0,100,198,1,4/24/2024 23:58,R_2SNdI74Oa3HfKa5,1,2,2,-2,1,1,1,2,2,0,0,0,0,2,1,2,1,85,616ebc50ab175a02f59084bb,1,3
4/24/2024 23:56,4/24/2024 23:58,0,100,121,1,4/24/2024 23:58,R_5tvfQK4UKkbeZON,-2,-2,-2,-2,2,2,2,0,0,0,0,0,0,0,0,0,0,50,5c5caabb4cc94200016a451e,0,2
4/24/2024 23:56,4/24/2024 23:58,0,100,86,1,4/24/2024 23:58,R_3bOWX0wdm0sC86j,-1,-1,-1,1,-1,-1,-1,0,0,1,1,1,1,2,0,2,0,70,60ec70718246abeababcc114,0,3
4/24/2024 23:55,4/24/2024 23:58,0,100,187,1,4/24/2024 23:58,R_2JHC7iKrW5QeX9T,2,2,0,-2,2,2,2,0,2,1,2,0,0,1,1,0,1,85,64a03b108e0e40294ba687cf,1,2
4/24/2024 23:54,4/24/2024 23:58,0,100,215,1,4/24/2024 23:58,R_2z2eRBIMzB6Ujmx,2,2,2,-2,2,2,2,2,2,0,1,1,1,0,1,0,0,85,5ee918138ebaec11a52bb459,1,2
4/24/2024 23:57,4/24/2024 23:58,0,100,88,1,4/24/2024 23:58,R_3czrj4r5fsCsYSt,2,2,2,-2,1,1,1,0,0,0,2,0,1,2,0,0,1,85,5e96185ae3d45508abe19a36,0,2
4/24/2024 23:55,4/24/2024 23:58,0,100,168,1,4/24/2024 23:58,R_2uDTXsIq5bWQRxi,2,2,2,-2,2,2,2,2,0,0,1,0,2,2,1,2,1,100,615f0c2cab82bb38958bfd7f,1,4
4/24/2024 23:56,4/24/2024 23:58,0,100,135,1,4/24/2024 23:58,R_4kB5a57VWHmXDdI,1,1,1,-1,1,1,1,0,0,1,1,0,2,2,0,2,1,85,5cd1a622fa7c8b0001a48044,0,1
4/24/2024 23:56,4/24/2024 23:58,0,100,120,1,4/24/2024 23:58,R_3rP6LnqRqg6KWS9,-1,1,0,0,1,-1,0,0,0,0,0,1,2,2,1,2,1,85,60241d8be372010009703f80,0,0
4/24/2024 23:54,4/24/2024 23:58,0,100,253,1,4/24/2024 23:58,R_8mhcBqCYTVCR9oR,2,2,1,-2,1,1,0,0,1,1,1,0,1,0,0,0,1,80,5efcb50255a06b097b8d5d29,1,1
4/24/2024 23:56,4/24/2024 23:58,0,100,162,1,4/24/2024 23:58,R_20UItpe2LukFvQQ,1,2,0,1,1,1,-1,1,0,1,1,0,1,2,1,0,1,85,62a71f84d2f2f15e6cefae40,0,1
4/24/2024 23:57,4/24/2024 23:58,0,100,100,1,4/24/2024 23:58,R_5R9dV8kDhiY9tWX,2,2,1,-2,1,1,2,0,1,0,1,1,2,2,1,0,0,100,595e7974af78da0001a21c3a,1,0
4/24/2024 23:52,4/24/2024 23:59,0,100,389,1,4/24/2024 23:59,R_1gp76pOjmFQUn0N,2,2,2,-2,2,1,1,1,0,1,1,1,2,2,0,0,1,85,5c617b872026f300018082d1,1,0
4/24/2024 23:57,4/24/2024 23:59,0,100,121,1,4/24/2024 23:59,R_2FbCuA7m73dxS25,1,1,1,-1,1,1,1,0,2,1,1,0,2,0,1,2,1,60,60a56db43083c0ff59dded00,0,4
4/24/2024 23:55,4/24/2024 23:59,0,100,231,1,4/24/2024 23:59,R_3aPuBsQLsJpyxeV,1,2,1,-1,1,0,-1,0,0,0,2,1,1,0,0,0,0,100,60fda785ba353da3e8c16df7,0,2
4/24/2024 23:56,4/24/2024 23:59,0,100,191,1,4/24/2024 23:59,R_6b2H6NtuVEPjeil,1,2,1,-1,1,1,1,0,1,0,1,1,2,2,1,0,0,85,63d5624d4f5f004787f5680e,0,4
4/24/2024 23:55,4/24/2024 23:59,0,100,242,1,4/24/2024 23:59,R_4tniJs4wASnHIfO,2,1,2,-2,1,2,2,2,0,0,2,0,1,2,1,0,1,100,659ada02ac94d554396360f9,0,4
4/24/2024 23:58,4/24/2024 23:59,0,100,104,1,4/24/2024 23:59,R_54hOcey6VjoevqR,2,2,1,-1,2,1,1,0,0,1,2,0,1,1,0,0,1,85,5bc1f23763221a00019fe607,1,0
4/24/2024 23:58,4/25/2024 0:00,0,100,114,1,4/25/2024 0:00,R_3EhWlNHezMAyx0d,1,2,2,-2,2,2,2,2,1,0,1,0,0,0,1,1,0,90,66296835c463e433fd2611f6,1,0
4/24/2024 23:57,4/25/2024 0:00,0,100,129,1,4/25/2024 0:00,R_2AZKJaY2NkUyKnN,2,2,2,-2,1,1,1,0,1,0,1,0,2,2,1,0,1,95,5982ffdb06cd1f0001f8dda6,0,0
4/24/2024 23:58,4/25/2024 0:00,0,100,87,1,4/25/2024 0:00,R_5Clkt8Febwqa0TE,1,2,1,-2,1,1,1,0,0,0,2,1,1,2,1,0,0,95,595d3afcdd044900012ce78a,0,1
4/24/2024 23:57,4/25/2024 0:00,0,100,162,1,4/25/2024 0:00,R_316ruVYwjIj05Zn,2,2,2,-2,2,2,2,2,1,0,1,0,1,2,1,0,1,100,5e7cd24ec2ca3306c380b2e1,1,4
4/24/2024 23:58,4/25/2024 0:00,0,100,123,1,4/25/2024 0:00,R_2txSLdzD6cwwrBA,2,2,2,-2,1,1,0,2,1,0,1,0,1,2,1,0,1,85,5e9c46d915d7e7164112c649,1,1
4/24/2024 23:58,4/25/2024 0:00,0,100,130,1,4/25/2024 0:00,R_7gSnznV4EpJbnuC,2,2,2,-2,2,2,2,2,2,0,2,0,0,0,1,0,1,100,63039f41fa5c21d483996be2,1,0
4/24/2024 23:57,4/25/2024 0:00,0,100,182,1,4/25/2024 0:00,R_1P5U6pQuHQ9akfV,1,1,1,-1,1,1,1,1,1,0,1,0,0,0,1,0,1,85,5f7b3e3d831aa60b4c16d6d7,0,0
4/24/2024 23:59,4/25/2024 0:00,0,100,99,1,4/25/2024 0:00,R_2fwSLufJnAjkerB,1,1,1,-1,1,1,1,2,0,0,1,0,1,1,1,0,1,70,5ef40a3ceb5b661c164551c4,0,3
4/24/2024 23:58,4/25/2024 0:01,0,100,178,1,4/25/2024 0:01,R_7P4ZC1azsA4miZt,1,1,2,-2,1,1,1,1,0,0,1,0,2,2,1,0,1,85,609ead232ea62ae4a66e760c,1,1
4/24/2024 23:59,4/25/2024 0:01,0,100,111,1,4/25/2024 0:01,R_2Fqmm6bQzBROHkt,2,2,1,-2,1,1,1,0,0,0,2,0,2,1,1,0,1,85,5bc0b1bb63cb210001cf55ba,0,2
4/24/2024 23:59,4/25/2024 0:01,0,100,108,1,4/25/2024 0:01,R_2MUC3xnLLla2nAZ,2,1,1,-1,1,1,1,0,0,0,0,0,2,2,1,1,1,70,5a52961c76d1c60001aaafa7,0,4
4/24/2024 23:58,4/25/2024 0:01,0,100,173,1,4/25/2024 0:01,R_3mDE0joEOK9Eg6F,1,2,-1,1,1,1,1,1,2,1,1,1,0,0,0,2,0,100,613e495d5991ed54f860fe9d,0,0
4/24/2024 23:58,4/25/2024 0:01,0,100,208,1,4/25/2024 0:01,R_25zEaEk95cOvYhb,2,2,2,-2,1,1,1,2,2,0,1,0,1,0,1,0,1,100,5a46cc1f817d1800018d1b67,0,4
4/24/2024 23:57,4/25/2024 0:01,0,100,241,1,4/25/2024 0:01,R_8OjEB2MvqF2dzRZ,2,2,2,-2,1,1,1,1,1,0,1,0,2,0,0,0,0,90,5c60571b0112a60001a2b034,0,1
4/24/2024 23:57,4/25/2024 0:01,0,100,268,1,4/25/2024 0:01,R_72imxqhlOa26LrE,2,2,2,-2,2,1,1,0,0,0,1,0,1,1,1,2,1,90,66150c54bb1306f316893368,0,2
4/24/2024 23:59,4/25/2024 0:01,0,100,156,1,4/25/2024 0:01,R_4JIz12zScjUMMfk,2,2,1,-2,1,1,1,1,0,0,0,0,2,2,1,1,1,80,5b9e90661641f90001d857ff,0,1
4/24/2024 23:59,4/25/2024 0:01,0,100,137,1,4/25/2024 0:01,R_8cyMO1iHy8XMS1X,1,1,-1,-1,-1,-1,-1,0,0,1,1,1,2,2,1,0,0,70,65e08ec9bc7091341c78ded8,0,2
4/24/2024 23:57,4/25/2024 0:01,0,100,274,1,4/25/2024 0:01,R_3Jw2nCUwbjxZiUx,1,1,1,1,0,0,-1,0,0,0,1,1,1,1,1,2,0,85,61115c17d75288988478680d,0,0
4/24/2024 23:59,4/25/2024 0:01,0,100,121,1,4/25/2024 0:01,R_3pgmE0c4z2C9lNH,1,1,0,1,0,1,1,1,0,0,1,1,2,2,1,0,0,95,5ae1e99638df950001454b0e,0,0
4/24/2024 23:59,4/25/2024 0:02,0,100,142,1,4/25/2024 0:02,R_82PueanWlu6zd6P,1,1,1,-1,0,0,1,2,2,0,2,0,1,0,0,0,0,70,5adef952f6b58c0001fa755b,1,4
4/24/2024 23:55,4/25/2024 0:02,0,100,393,1,4/25/2024 0:02,R_4JwHCypwFyNTvDr,1,1,1,-1,1,1,1,2,0,0,0,1,1,2,1,1,0,100,5e14f72f557425b04528df9a,0,1
4/24/2024 23:59,4/25/2024 0:02,0,100,174,1,4/25/2024 0:02,R_2ff918nDy6A6Vuq,2,2,2,-2,1,1,0,0,0,1,1,1,2,1,0,2,0,70,5f0e0f586b19351132514f4d,0,3
4/25/2024 0:00,4/25/2024 0:02,0,100,120,1,4/25/2024 0:02,R_5GEd5F4bKtzKHY4,2,2,2,-2,1,1,2,2,1,0,2,1,0,0,1,0,0,100,5ccf41c9bd0d3e001593ce92,1,3
4/25/2024 0:01,4/25/2024 0:02,0,100,64,1,4/25/2024 0:02,R_5uDqoXyI1gkAGJw,2,1,1,1,-1,-1,-1,0,0,0,0,0,1,2,1,2,1,80,61fa936e5719bc09cb834cbe,0,4
4/25/2024 0:01,4/25/2024 0:02,0,100,104,1,4/25/2024 0:02,R_5TuY2AH91gnOBka,2,0,1,-1,0,0,0,0,0,0,0,0,2,2,1,1,1,80,5973751522e11b0001f3edf3,0,2
4/25/2024 0:01,4/25/2024 0:02,0,100,97,1,4/25/2024 0:02,R_52wghxRYHuA7Ag9,2,2,2,-1,1,1,1,0,1,0,1,1,2,2,1,2,1,80,63da39331b43547d3a71dc77,1,1
4/25/2024 0:01,4/25/2024 0:03,0,100,118,1,4/25/2024 0:03,R_7Y9tDzteuEt637E,-2,-2,-1,2,-1,-1,-1,0,0,0,1,0,2,2,1,0,1,80,659837b1f90f267591820ae4,0,2
4/24/2024 23:58,4/25/2024 0:03,0,100,285,1,4/25/2024 0:03,R_2dKZ0DUNpSYSuyV,2,2,2,-2,2,2,2,0,0,0,1,1,2,2,1,2,0,70,65de30b34b701c678a13c75b,1,0
4/25/2024 0:02,4/25/2024 0:03,0,100,75,1,4/25/2024 0:03,R_2ZKckdnRG5HGeBE,2,2,2,-1,1,1,1,0,2,0,0,0,2,0,1,2,1,85,65cb86f5d66c449d8c8f69af,0,1
4/25/2024 0:01,4/25/2024 0:03,0,100,111,1,4/25/2024 0:03,R_7ebDL7LU6YSYxHA,2,2,1,-2,1,1,1,2,2,1,2,0,0,0,0,0,1,95,57754d57ca706f000190eaf1,1,2
4/25/2024 0:02,4/25/2024 0:03,0,100,75,1,4/25/2024 0:03,R_5uUosrGJurLkzVT,1,1,1,-1,1,1,1,2,2,1,1,1,0,0,0,0,0,100,5d1b5bb2e24a990001f3247d,1,0
4/25/2024 0:01,4/25/2024 0:03,0,100,114,1,4/25/2024 0:03,R_5lXkWWxzHrAeZ6E,2,2,1,-2,1,1,0,1,1,0,1,0,2,2,1,0,1,85,5fd21274613f3b25add257d5,0,0
4/25/2024 0:01,4/25/2024 0:03,0,100,133,1,4/25/2024 0:03,R_5l9mXV45FYI6k7Q,2,2,1,-1,1,1,1,0,1,0,0,1,2,0,1,2,0,70,65b3c4568eff49e5a76269da,1,4
4/25/2024 0:00,4/25/2024 0:03,0,100,201,1,4/25/2024 0:03,R_5UdKJNbMeQBehGN,2,2,2,-2,2,1,1,2,1,0,1,1,0,2,1,0,0,75,65e06828f8952ed833dbb0f8,0,3
4/24/2024 23:59,4/25/2024 0:03,0,100,257,1,4/25/2024 0:03,R_8WxTuniuMXqY9ZT,2,1,2,-1,2,1,1,1,1,0,1,0,2,2,1,0,0,85,647f87dfe5161fce9adc1b97,1,4
4/24/2024 23:59,4/25/2024 0:03,0,100,249,1,4/25/2024 0:03,R_8scaf2eRdIHjDLQ,0,0,0,0,0,0,0,0,0,1,1,1,2,1,1,2,0,50,62b5fea64b239d91783414ff,0,2
4/25/2024 0:01,4/25/2024 0:04,0,100,175,1,4/25/2024 0:04,R_3iDtr8Ndg3Tiud5,2,1,0,-1,1,0,0,0,0,0,1,0,1,2,1,0,1,85,5e909d9ac9ce2503b2650797,1,4
4/25/2024 0:02,4/25/2024 0:04,0,100,119,1,4/25/2024 0:04,R_3sWNk9KitZPmAAq,1,1,1,-1,1,1,0,0,0,1,1,0,1,1,0,0,1,85,5d62e42406ed5a001a2084f3,1,4
4/25/2024 0:02,4/25/2024 0:04,0,100,126,1,4/25/2024 0:04,R_41hXgEiiCrR3wvD,1,1,1,-1,1,1,1,1,0,1,1,0,2,2,0,0,1,100,63d79eee3050f200940fd28d,0,0
4/25/2024 0:00,4/25/2024 0:04,0,100,208,1,4/25/2024 0:04,R_7rBN33reha7aec0,1,1,1,-1,1,1,1,0,0,0,1,0,2,2,1,1,0,50,5c5d36bc034e280001644c3b,0,2
4/25/2024 0:03,4/25/2024 0:04,0,100,63,1,4/25/2024 0:04,R_1gUatEmsk4hu6bv,1,2,1,-1,1,0,1,1,2,1,1,0,2,0,0,2,1,80,60ffab237175046262b2c88f,0,0
4/25/2024 0:01,4/25/2024 0:04,0,100,158,1,4/25/2024 0:04,R_5O7gazBPmERCbHm,2,2,2,-2,2,1,1,1,2,1,2,0,0,0,0,0,1,95,65c656902030452cad69ec42,1,1
4/25/2024 0:03,4/25/2024 0:04,0,100,86,1,4/25/2024 0:04,R_3Hp2mDBNr2WjLin,2,1,1,-2,1,1,1,0,0,0,2,0,1,2,1,0,1,95,5a8ad2082a842c0001fce0f2,0,3
4/25/2024 0:02,4/25/2024 0:04,0,100,141,1,4/25/2024 0:04,R_14tBozAKN7CJibT,1,2,2,-2,1,1,0,1,2,1,1,1,2,0,0,2,0,70,5a496776f7b7bc00014e1150,1,0
4/25/2024 0:02,4/25/2024 0:04,0,100,148,1,4/25/2024 0:04,R_3hXwnkSYsncc53j,2,2,1,-2,1,1,1,0,1,0,0,0,2,0,1,1,0,80,6137e32367aae15b0156bd7e,0,3
4/24/2024 23:55,4/25/2024 0:04,0,100,534,1,4/25/2024 0:04,R_4XCfb7FSWNjsmyZ,2,1,1,2,0,0,1,1,1,0,1,0,2,2,1,2,1,90,5cc4969c3b1b1c0018f9da36,0,1
4/25/2024 0:02,4/25/2024 0:04,0,100,118,1,4/25/2024 0:04,R_2cwKGh7gwFWRc4e,2,2,2,-2,1,1,1,2,2,0,1,1,0,0,0,0,0,90,63cffdbf780f8b199748645b,1,1
4/25/2024 0:03,4/25/2024 0:04,0,100,64,1,4/25/2024 0:04,R_2h8XTPIKvgOXFQZ,1,1,1,0,1,1,1,0,0,1,1,0,2,2,0,0,1,90,5da09f733c3367001a72dec6,0,4
4/25/2024 0:02,4/25/2024 0:05,0,100,153,1,4/25/2024 0:05,R_2qqBAD3UXOVD1wv,2,2,2,-2,1,1,1,2,2,1,2,0,1,1,0,1,1,100,5992f3b9004c4f0001cc81ac,1,2
4/25/2024 0:02,4/25/2024 0:05,0,100,185,1,4/25/2024 0:05,R_41HlrwVYApo8B9r,2,2,2,0,2,1,1,0,1,1,1,0,1,2,1,0,1,90,63b3377ca1ccdfc7cc567503,1,3
4/25/2024 0:01,4/25/2024 0:05,0,100,207,1,4/25/2024 0:05,R_7BhzMRLDJtWVhsY,2,2,1,-2,0,1,-1,0,2,0,1,0,2,0,1,0,1,85,5fa8030f008edf5d07a3ab8b,0,4
4/25/2024 0:02,4/25/2024 0:05,0,100,168,1,4/25/2024 0:05,R_2gezdOEgErblTgt,1,1,1,-1,1,1,1,0,2,0,1,1,1,2,1,0,0,75,5ee0a3bc2f43f70568e950a3,0,4
4/25/2024 0:02,4/25/2024 0:05,0,100,140,1,4/25/2024 0:05,R_2bJaTlcHxfbkEwN,2,2,2,-2,1,2,2,2,0,0,0,1,0,2,1,1,0,90,6542617070afd2731d6bd018,1,4
4/25/2024 0:03,4/25/2024 0:05,0,100,93,1,4/25/2024 0:05,R_2WFouaeCixFJKCd,2,2,2,-2,1,1,1,2,1,0,1,0,1,2,1,0,1,85,57c975a8648ff40001666439,1,2
4/25/2024 0:02,4/25/2024 0:05,0,100,206,1,4/25/2024 0:05,R_6FPbRUol7w3Y2SV,2,2,2,-2,1,1,1,1,0,0,2,1,2,2,1,0,0,65,60bf7a684146647df3cfecf4,0,4
4/25/2024 0:03,4/25/2024 0:05,0,100,117,1,4/25/2024 0:05,R_1rwEUeSnax5WNTs,2,2,2,-2,2,1,2,2,2,0,2,0,0,2,1,0,1,85,66293e32ed9df06f4c46a69b,1,3
4/25/2024 0:03,4/25/2024 0:05,0,100,123,1,4/25/2024 0:05,R_5rdJ5j3BY0tGIZ3,2,2,1,-2,1,1,1,0,0,1,1,0,1,2,0,0,1,95,66297a5ec5162507298c00e8,0,3
4/25/2024 0:02,4/25/2024 0:05,0,100,185,1,4/25/2024 0:05,R_62eUUKwEVIwfnce,1,1,0,0,1,1,1,1,0,0,2,0,0,0,0,0,1,80,6629598876266c6b82f285f1,0,0
4/25/2024 0:03,4/25/2024 0:06,0,100,134,1,4/25/2024 0:06,R_2Ffu2gMRAvh1UPr,1,1,1,-1,-1,-1,-1,0,0,0,1,0,2,2,1,0,1,80,55e1ea6dac274f0012e95ab7,0,4
4/25/2024 0:02,4/25/2024 0:06,0,100,236,1,4/25/2024 0:06,R_1waB834DV3nH1CZ,2,2,2,-2,2,2,2,2,0,1,0,0,0,1,1,0,1,75,5f1c2ebf1d8b7c48ad3ec3db,1,3
4/25/2024 0:02,4/25/2024 0:06,0,100,214,1,4/25/2024 0:06,R_2wcr2dJd74lKdza,1,0,0,1,1,1,1,1,1,0,1,0,2,2,1,2,1,80,60e845f301f5a5901200baf4,0,0
4/25/2024 0:03,4/25/2024 0:06,0,100,145,1,4/25/2024 0:06,R_5hiPVN8wAdzqXjX,1,2,1,-1,1,1,2,0,0,0,1,0,2,2,1,0,1,65,5b68c9eb87af310001584803,0,0
4/25/2024 0:05,4/25/2024 0:06,0,100,72,1,4/25/2024 0:06,R_1wV6UFbYZalXtaF,2,2,2,-1,1,1,1,1,1,1,1,0,2,0,0,0,1,85,58497529bd87380001552f71,1,2
4/25/2024 0:03,4/25/2024 0:06,0,100,213,1,4/25/2024 0:06,R_2cA9KZrebMzLLWx,2,2,2,-2,2,2,2,2,0,1,2,0,1,1,0,0,1,85,63d46d8a90e399cfb7d022a5,1,4
4/25/2024 0:04,4/25/2024 0:06,0,100,113,1,4/25/2024 0:06,R_169LbowMrTXqTHx,2,2,2,-2,2,2,2,1,0,0,1,0,0,2,1,0,1,100,662941283d9839356784b96a,1,0
4/25/2024 0:03,4/25/2024 0:06,0,100,181,1,4/25/2024 0:06,R_7lLIOfDQK9UgOjq,1,1,1,0,0,0,-1,1,0,0,1,0,2,2,1,0,1,80,5ee4c4b42c280d1cd26cfe3d,0,0
4/24/2024 23:57,4/25/2024 0:06,0,100,566,1,4/25/2024 0:06,R_2FdBNXBorXjyZcB,1,1,-1,1,-1,-1,-1,1,1,0,1,0,0,1,1,1,0,60,65b3c1c066f67784312a946b,0,3
4/25/2024 0:05,4/25/2024 0:06,0,100,97,1,4/25/2024 0:06,R_3et3Bi7nc0qBlJL,2,1,2,-2,1,1,1,2,1,0,2,0,1,2,1,0,1,85,5a4aaa1866e7880001de64be,1,3
4/25/2024 0:04,4/25/2024 0:06,0,100,113,1,4/25/2024 0:06,R_5TGaVvpBEKN6j9d,2,2,2,-2,2,2,2,2,2,1,1,0,0,0,0,0,1,95,60919018ce223dc3906d7a7e,1,2
4/25/2024 0:04,4/25/2024 0:06,0,100,119,1,4/25/2024 0:06,R_2X6VVLAyKsiaZhr,2,2,1,-2,1,1,-1,0,1,0,0,1,1,0,1,1,0,75,627e76bb2480c4afd9c52715,0,4
4/25/2024 0:04,4/25/2024 0:06,0,100,124,1,4/25/2024 0:06,R_2reLkmjQUhBsuvn,1,1,1,-1,2,1,2,2,2,0,2,0,0,0,1,0,1,95,5810dfccaba80400016f13ea,1,3
4/25/2024 0:04,4/25/2024 0:07,0,100,141,1,4/25/2024 0:07,R_1fw6ftEYdAgCd5c,2,2,2,-2,1,1,1,2,2,0,1,1,0,0,1,0,0,85,5ba0181462e04c0001f76d2b,1,0
4/25/2024 0:04,4/25/2024 0:07,0,100,133,1,4/25/2024 0:07,R_7wt3DPOG2ZYJDrI,2,2,2,-2,-1,0,-1,2,0,1,1,0,0,2,0,0,1,100,62c97799bd8ab72a531abde0,1,2
4/25/2024 0:03,4/25/2024 0:07,0,100,205,1,4/25/2024 0:07,R_2LFo6V9Zn4Ocupx,1,2,1,-1,1,1,0,1,1,0,1,0,2,2,1,0,1,90,574b73a65e5491000e3c5470,0,0
4/25/2024 0:05,4/25/2024 0:07,0,100,107,1,4/25/2024 0:07,R_8H059GzL92035VT,2,2,2,-2,2,2,2,2,2,0,2,0,1,0,1,0,1,90,6056ce526d44926aef7c906f,1,0
4/25/2024 0:05,4/25/2024 0:07,0,100,114,1,4/25/2024 0:07,R_5gsuOzb9CUkjzSV,1,1,1,-1,1,1,1,1,0,1,2,1,0,2,0,1,0,90,5cafc17ace1fa80017a20d6b,1,0
4/25/2024 0:05,4/25/2024 0:07,0,100,97,1,4/25/2024 0:07,R_1j0jeTbmyQH3jHP,2,2,2,-2,2,2,1,1,0,0,1,0,2,2,1,0,1,100,5ab87be55cd105000161a5a8,0,0
4/25/2024 0:05,4/25/2024 0:07,0,100,133,1,4/25/2024 0:07,R_5gBEnL9pQwTqCAh,2,1,1,-1,1,1,1,2,2,0,1,1,0,2,1,0,0,85,607e6b63e4ede68b0f1778ad,1,3
4/25/2024 0:06,4/25/2024 0:07,0,100,85,1,4/25/2024 0:07,R_8xLTkgYNDtFNElz,1,1,1,1,1,0,0,2,0,0,2,0,0,2,1,0,1,85,56f1aced99423f000c9d8897,0,1
4/25/2024 0:05,4/25/2024 0:07,0,100,129,1,4/25/2024 0:07,R_232YECGK5kTjT0C,2,2,2,-2,1,1,1,1,1,0,1,1,2,0,1,0,0,95,5d9ca4eff93dba0013e68c11,0,0
4/25/2024 0:05,4/25/2024 0:07,0,100,145,1,4/25/2024 0:07,R_2fdc6itLtPsWsAi,2,1,1,-1,2,1,1,2,1,0,1,0,1,2,1,2,1,70,6087dd9f8bd2ba7a4217314f,0,1
4/25/2024 0:06,4/25/2024 0:07,0,100,93,1,4/25/2024 0:07,R_8V9fXShrVNGATgW,2,2,1,-1,1,1,1,1,1,1,2,0,0,0,0,0,0,90,5e88fe6f9fb1af0009d1294a,1,0
4/25/2024 0:04,4/25/2024 0:08,0,100,188,1,4/25/2024 0:08,R_2Ynq5wHAk4sNkII,1,2,0,1,0,1,1,1,0,0,2,0,0,2,1,0,1,90,656897caca89afd234ccf730,1,4
4/25/2024 0:04,4/25/2024 0:08,0,100,229,1,4/25/2024 0:08,R_34YvUq6Uny5dCXT,2,2,2,-2,1,0,1,1,1,0,1,0,2,0,1,2,1,90,65bba50f57f05c7489082a7e,0,3
4/25/2024 0:06,4/25/2024 0:08,0,100,124,1,4/25/2024 0:08,R_2fHXbB3VtPBLi6y,1,1,1,-1,1,1,0,1,1,0,1,0,2,2,1,2,1,100,54f4e2d1fdf99b4e913fdf01,0,0
4/25/2024 0:05,4/25/2024 0:08,0,100,164,1,4/25/2024 0:08,R_8KIYqEVxhNgmFc5,-2,-2,2,-1,-2,1,-2,0,0,0,0,0,2,2,1,2,1,75,6445b13023ac3b3eb202881f,0,1
4/25/2024 0:07,4/25/2024 0:08,0,100,66,1,4/25/2024 0:08,R_3G4PzwXvYTFmvXX,2,2,2,-2,2,2,2,1,0,0,0,0,2,2,1,2,1,100,65a3e928f0287bdcaf292d7d,1,2
4/25/2024 0:07,4/25/2024 0:08,0,100,50,1,4/25/2024 0:08,R_3aOJapNb4y4I9gZ,2,2,0,0,0,0,0,2,0,0,1,0,2,2,1,0,1,75,5ec267e5d4cb3e02f37e3ea0,1,3
4/25/2024 0:06,4/25/2024 0:08,0,100,108,1,4/25/2024 0:08,R_2rqCS7HkgK2eqjZ,2,2,2,-2,2,2,2,0,1,0,1,0,2,2,1,0,0,100,57f08d467f43070001c3a606,0,2
4/25/2024 0:06,4/25/2024 0:08,0,100,103,1,4/25/2024 0:08,R_6dPVUP40ZoiH31M,1,1,0,-1,1,1,1,2,2,1,1,0,0,0,0,0,1,90,652be9f9d752bd810dc7d243,1,1
4/25/2024 0:07,4/25/2024 0:08,0,100,61,1,4/25/2024 0:08,R_5pOLTXASJ71oVJ7,2,2,1,-1,1,1,1,1,0,0,0,1,2,2,1,0,0,80,61fa945e5719bc09cb834f15,0,4
4/25/2024 0:07,4/25/2024 0:08,0,100,58,1,4/25/2024 0:08,R_3FQi5FjbpRauOx4,1,1,0,0,1,1,1,1,0,1,1,0,2,2,0,0,1,90,5e426dbfbc27ad10220a4cb3,0,0
4/25/2024 0:03,4/25/2024 0:08,0,100,349,1,4/25/2024 0:08,R_1ZVqW4ezyc3EFNZ,2,2,2,-2,2,2,2,2,2,1,2,1,0,0,0,0,0,85,5ace82e135eccf0001a11c96,1,4
4/25/2024 0:07,4/25/2024 0:09,0,100,104,1,4/25/2024 0:09,R_2Ehqho2wlodwrD7,2,2,2,-2,1,1,1,1,1,0,0,0,0,1,0,1,0,95,642d3dfffb72e4b748b211fd,0,3
4/25/2024 0:05,4/25/2024 0:09,0,100,225,1,4/25/2024 0:09,R_2nsv1gX2NMXEtTb,1,1,1,-1,1,1,1,2,0,0,1,0,0,2,1,0,1,70,60af9bae67a5ae86b0c4bd68,0,0
4/25/2024 0:05,4/25/2024 0:09,0,100,214,1,4/25/2024 0:09,R_8PdpR1VSCXx5H3Z,1,2,2,-2,1,1,1,1,0,0,2,0,0,2,0,0,1,100,5fb835372b02f05267811822,1,3
4/25/2024 0:06,4/25/2024 0:09,0,100,136,1,4/25/2024 0:09,R_2El0zRXl2mvBMYN,2,2,2,-1,1,1,1,2,0,0,1,0,1,2,1,0,1,95,65ad38a1b4da5762a8907fe5,0,3
4/25/2024 0:07,4/25/2024 0:09,0,100,122,1,4/25/2024 0:09,R_2PrfMioP2BNmZQR,1,1,1,-1,1,0,1,1,1,0,1,0,2,2,1,0,1,90,5c18c5e2dd82cf00013549b4,1,1
4/25/2024 0:07,4/25/2024 0:09,0,100,99,1,4/25/2024 0:09,R_5GxjdCOm6Thd8uV,2,2,1,-2,1,-1,-1,0,1,0,2,0,1,1,1,0,0,90,5c1d232074ad0b0001531eea,1,2
4/25/2024 0:06,4/25/2024 0:09,0,100,166,1,4/25/2024 0:09,R_2AR96OkgBPmGU0t,2,1,1,-1,0,1,0,1,1,1,1,0,0,0,0,0,1,75,61479ed0d0f07687537f23a5,1,0
4/25/2024 0:07,4/25/2024 0:09,0,100,106,1,4/25/2024 0:09,R_3YnlkYICLds1lyp,2,2,1,-1,1,1,1,2,0,0,1,0,1,2,1,2,0,80,59d4fb316cc82800013e32d3,0,3
4/25/2024 0:06,4/25/2024 0:09,0,100,196,1,4/25/2024 0:09,R_58H6y8augOQfNas,2,2,1,-2,2,2,2,2,1,0,1,0,0,2,1,0,1,85,5f2c2b2e4d46190913d07955,1,1
4/25/2024 0:07,4/25/2024 0:09,0,100,120,1,4/25/2024 0:09,R_3JEQHBDfaSAALXI,2,1,1,0,1,1,1,0,1,1,1,0,1,0,0,0,1,85,6629478c6ce273dfb1ae8a53,0,2
4/25/2024 0:08,4/25/2024 0:10,0,100,109,1,4/25/2024 0:10,R_40ZPL8oMYTMJdWm,2,2,1,-1,1,1,1,2,2,1,1,0,0,0,0,2,1,100,6367a6adb376bcde64f98559,1,2
4/25/2024 0:08,4/25/2024 0:10,0,100,67,1,4/25/2024 0:10,R_7yNB4kcSS9UoqRz,1,1,1,-1,0,-1,-1,0,0,0,0,0,2,2,1,1,1,100,660a670d8bd881c603b01082,0,1
4/25/2024 0:06,4/25/2024 0:10,0,100,211,1,4/25/2024 0:10,R_5plPHbOjgYQ2QOb,2,1,1,-1,1,1,0,2,0,1,1,1,0,2,0,0,0,90,60b7c64c7288ae3ffb2e234c,1,0
4/25/2024 0:08,4/25/2024 0:10,0,100,115,1,4/25/2024 0:10,R_3Sc0NzfbH39vNeb,2,2,2,-2,2,2,2,0,0,0,1,0,2,2,1,0,1,70,661f84bf573acf3a4825c023,0,0
4/25/2024 0:08,4/25/2024 0:10,0,100,163,1,4/25/2024 0:10,R_7MQpqsJ9psoyCmM,2,2,0,-1,1,1,1,2,1,1,1,1,0,2,0,2,0,100,65c14027646a9bbfa89584c8,0,0
4/25/2024 0:05,4/25/2024 0:10,0,100,305,1,4/25/2024 0:10,R_8gtYUmT7UJBUFe9,2,2,2,-2,1,1,1,2,0,1,2,1,0,2,0,0,0,95,60ebbdd7a4f2acdb9a9769e5,1,1
4/25/2024 0:09,4/25/2024 0:10,0,100,99,1,4/25/2024 0:10,R_8dEVPtbYZAEsxOm,2,2,2,-2,2,2,2,2,1,1,1,0,0,0,0,0,0,100,62962018b1bef67edfd5718e,1,1
4/25/2024 0:09,4/25/2024 0:11,0,100,73,1,4/25/2024 0:11,R_2OfTSLrzJArMWWt,2,2,2,-2,1,1,1,1,0,1,1,0,0,2,0,0,1,85,6500656dce83949db89baeec,0,4
4/25/2024 0:09,4/25/2024 0:11,0,100,95,1,4/25/2024 0:11,R_1YcG11rceOuQNtT,1,1,1,-1,1,1,1,1,1,1,1,0,0,0,0,0,0,85,63ed0d97a93096d3dbfe8a3f,1,4
4/25/2024 0:09,4/25/2024 0:11,0,100,98,1,4/25/2024 0:11,R_5SdC4C1JfQf2ZSQ,2,2,2,-1,2,2,2,1,1,0,1,0,2,2,1,0,1,95,62d138e361857aef127c9e8b,0,4
4/25/2024 0:09,4/25/2024 0:11,0,100,99,1,4/25/2024 0:11,R_7JW2DyC1vT05vse,1,2,1,0,1,1,1,0,0,0,2,0,1,2,1,0,1,95,65cc15c070acf45f0b89b8a9,1,4
4/25/2024 0:09,4/25/2024 0:11,0,100,103,1,4/25/2024 0:11,R_3pD6wM7p0RXCcsF,2,2,2,-2,2,2,2,1,0,0,2,0,2,2,1,1,1,90,662958669e94db4e055ef422,0,4
4/25/2024 0:09,4/25/2024 0:11,0,100,108,1,4/25/2024 0:11,R_7nHQkn7oxvCc3EQ,2,2,2,-2,1,1,1,1,1,0,1,0,0,2,1,0,1,90,5eaadc0a7adeb404eea9c3c0,1,2
4/25/2024 0:10,4/25/2024 0:11,0,100,76,1,4/25/2024 0:11,R_22VN2zq3CdsGW83,2,1,2,-2,1,1,1,0,0,0,1,0,2,2,1,0,1,55,5ea047d315537303f1e60ef9,1,4
4/25/2024 0:09,4/25/2024 0:11,0,100,142,1,4/25/2024 0:11,R_8NyWZCXgCmHBDgV,2,2,2,-2,2,2,2,0,2,0,2,0,2,0,1,0,1,95,64136457f1327294ffb3fef9,1,2
4/25/2024 0:10,4/25/2024 0:11,0,100,63,1,4/25/2024 0:11,R_1KDfj1V9i5lEIP7,2,1,1,0,1,1,1,2,0,0,1,0,1,2,0,0,0,90,5dc161a2ce6a9d0cf9814d5b,0,4
4/25/2024 0:08,4/25/2024 0:11,0,100,188,1,4/25/2024 0:11,R_465iHtmr5hz9qr7,2,1,2,-1,1,1,1,0,0,0,1,0,2,2,1,0,1,75,5bc690392885710001a0bb76,0,4
4/25/2024 0:08,4/25/2024 0:11,0,100,218,1,4/25/2024 0:11,R_7IXUPRROVZ21NgB,2,0,1,0,1,0,1,1,0,0,1,0,0,1,0,0,1,85,5a1980eb5d06850001b00d84,1,1
4/25/2024 0:08,4/25/2024 0:11,0,100,194,1,4/25/2024 0:11,R_47xwIeWXy1dr7aG,2,2,2,-2,1,1,0,1,0,0,0,1,2,2,1,0,0,90,5ead61a2df23cb3ff64ed751,0,4
4/25/2024 0:10,4/25/2024 0:11,0,100,103,1,4/25/2024 0:11,R_2h5bbIWte1iadHa,1,1,2,-1,1,1,1,0,0,1,1,1,1,2,0,0,0,85,5c79211f477abb00168f7f72,1,0
4/25/2024 0:09,4/25/2024 0:11,0,100,127,1,4/25/2024 0:11,R_3nqoUjpjEpsx4xX,2,2,2,-2,1,1,1,0,0,0,2,0,1,2,1,0,1,95,654170f6b0b43e68a832928f,0,2
4/25/2024 0:10,4/25/2024 0:11,0,100,95,1,4/25/2024 0:11,R_2fjxTmEEMajyZ7c,2,2,2,-2,1,1,1,2,2,1,1,0,0,0,0,0,1,75,5f43f7980ce1236cd3d256e5,1,3
4/25/2024 0:10,4/25/2024 0:12,0,100,120,1,4/25/2024 0:12,R_3a8INrkdKBZjVhp,1,1,1,-1,1,1,1,1,1,0,1,0,0,0,1,0,1,85,5d0fc2558cf933001663c77b,0,0
4/25/2024 0:09,4/25/2024 0:12,0,100,140,1,4/25/2024 0:12,R_8eEwBjLSAinyaGd,2,1,2,-2,0,-1,-1,1,1,0,1,0,2,2,1,2,1,85,5dd05d80b2204f1487f7812c,1,2
4/25/2024 0:10,4/25/2024 0:12,0,100,119,1,4/25/2024 0:12,R_4KVEY8ezTttVpHb,1,1,0,-1,1,0,1,1,0,1,2,1,2,2,0,0,0,70,5b9e9390864aa900018eb8f0,0,1
4/25/2024 0:09,4/25/2024 0:12,0,100,147,1,4/25/2024 0:12,R_7whncy8nsRRRGZw,1,2,1,-2,1,1,1,2,0,0,2,0,1,0,0,1,1,95,58a0e48c3968420001373e77,1,0
4/25/2024 0:11,4/25/2024 0:12,0,100,88,1,4/25/2024 0:12,R_82VN4kw39neCy9r,2,2,2,-2,1,2,1,0,0,1,1,0,1,2,0,2,0,95,56fe5e95e0f9ff000f19e040,1,3
4/25/2024 0:11,4/25/2024 0:12,0,100,99,1,4/25/2024 0:12,R_2aOExjc2l8fHrPt,2,1,2,0,-1,1,-1,2,1,1,1,0,1,2,0,0,0,85,5e7d790c0d34ae3fef75c74e,0,4
4/25/2024 0:10,4/25/2024 0:12,0,100,136,1,4/25/2024 0:12,R_2kT7KMxP40AFGz0,2,1,1,-1,1,2,2,0,0,1,1,0,2,2,1,2,1,85,62c5d77b4eacc0065ba43fe7,0,1
4/25/2024 0:07,4/25/2024 0:13,0,100,311,1,4/25/2024 0:13,R_3JQvruc6BFxFwcO,2,2,1,-1,1,1,1,2,0,0,1,0,1,2,1,2,1,90,570570eb61ab6a0010d484d0,1,4
4/25/2024 0:12,4/25/2024 0:13,0,100,63,1,4/25/2024 0:13,R_6w14EW9SRx7OyEF,1,2,0,-1,0,1,1,0,1,0,2,1,2,0,1,0,0,80,60ce098bcb083fa9958aa4e8,1,0
4/25/2024 0:10,4/25/2024 0:13,0,100,145,1,4/25/2024 0:13,R_2NCEMQyBj71XPtM,1,2,2,-2,2,2,2,2,1,0,1,0,0,2,1,0,1,100,6567ae0e8905da3905e013bf,1,4
4/25/2024 0:11,4/25/2024 0:13,0,100,94,1,4/25/2024 0:13,R_2AMeI9GA11vFjkh,1,2,1,1,2,2,2,1,1,1,1,0,0,2,0,0,1,90,5eec48a2a0a86044492efa67,1,4
4/25/2024 0:11,4/25/2024 0:13,0,100,103,1,4/25/2024 0:13,R_10qqmK1dDarML4G,2,1,2,-1,0,1,0,2,1,0,1,0,1,2,1,0,1,70,6569e7519041c82b4d8d3026,0,2
4/25/2024 0:10,4/25/2024 0:13,0,100,163,1,4/25/2024 0:13,R_1g5DfbJxqTNbKLb,2,2,2,-2,1,1,1,1,0,0,0,0,0,2,0,2,0,75,63a799cde6527ca4f11bc7b2,0,0
4/25/2024 0:12,4/25/2024 0:13,0,100,48,1,4/25/2024 0:13,R_2gz6OcbMj5VSCVr,1,1,2,1,2,1,1,0,0,0,1,0,1,0,0,1,0,80,6624ce7cc643b94a35c5bf42,0,1
4/25/2024 0:10,4/25/2024 0:13,0,100,167,1,4/25/2024 0:13,R_2PemfjSOXVX9D7I,2,2,1,-2,1,1,1,0,2,1,1,0,1,0,0,0,1,100,6413a4a1a6e064ffb173f1ce,1,1
4/25/2024 0:11,4/25/2024 0:13,0,100,141,1,4/25/2024 0:13,R_6rqFrFGz5qSWBJF,1,1,1,-1,1,1,1,0,2,0,0,0,1,1,1,1,1,85,5f1f680d643ad300084c7e93,0,1
4/25/2024 0:11,4/25/2024 0:13,0,100,92,1,4/25/2024 0:13,R_4kGgcNK3XdlOsAH,2,2,2,-2,1,1,1,2,1,0,1,0,0,2,1,0,1,65,65ddee04a68d4dff669e845a,1,0
4/25/2024 0:10,4/25/2024 0:13,0,100,163,1,4/25/2024 0:13,R_6ni1sNUSTWYkeUq,2,2,2,-2,2,2,2,2,1,1,1,0,0,0,0,0,0,100,5e18cb66f113e81a01237bf5,1,4
4/25/2024 0:11,4/25/2024 0:13,0,100,111,1,4/25/2024 0:13,R_5nDDXWbsjjl1xZZ,2,2,2,0,1,1,1,2,2,0,2,0,1,0,0,0,0,100,65ef17ca20d1e0ac997315d0,1,2
4/25/2024 0:12,4/25/2024 0:13,0,100,99,1,4/25/2024 0:13,R_5g0H32mUudV6dD7,2,2,2,-2,2,2,2,2,0,0,1,1,2,2,1,2,0,90,6626d337d7cc945a71e31ed8,0,0
4/25/2024 0:07,4/25/2024 0:13,0,100,356,1,4/25/2024 0:13,R_3m3Od3mf79DhRl3,2,2,1,-2,1,1,1,0,0,1,2,1,2,2,0,0,0,85,5fabf588f711fa0c6b0aebf6,1,4
4/25/2024 0:10,4/25/2024 0:13,0,100,190,1,4/25/2024 0:13,R_1cuGRhSTKhm2axH,1,1,1,0,1,1,2,0,0,1,2,0,2,2,0,0,1,80,6626df5d6cd48441ee5857c3,1,1
4/25/2024 0:09,4/25/2024 0:13,0,100,285,1,4/25/2024 0:13,R_84Ibgke1mFjvK8s,2,2,2,-1,1,1,1,1,0,0,2,1,1,0,0,1,0,80,6483b216f5f21f0463109ac7,0,4
4/25/2024 0:10,4/25/2024 0:14,0,100,182,1,4/25/2024 0:14,R_8C1K9a8L9jZo16l,2,2,2,-2,1,1,1,2,1,1,2,0,1,0,0,0,1,90,57681fca8e454c000133a203,0,0
4/25/2024 0:12,4/25/2024 0:14,0,100,100,1,4/25/2024 0:14,R_4veTdcQ45UgYyYi,2,2,2,-2,1,1,1,0,0,0,1,0,2,1,1,2,1,95,5f454fc543b5c9111aaedb33,0,4
4/25/2024 0:10,4/25/2024 0:14,0,100,213,1,4/25/2024 0:14,R_1Sk94Pu8yVoeaRj,1,1,0,1,-1,-1,-1,2,0,1,1,0,0,0,0,0,1,70,5f525487e51b924db405f6a5,1,0
4/25/2024 0:11,4/25/2024 0:14,0,100,125,1,4/25/2024 0:14,R_6r6xT77W9Ju31V6,1,1,1,-1,1,0,0,0,0,0,0,0,2,2,0,2,1,85,55d39f64da14d7001295375a,0,2
4/25/2024 0:11,4/25/2024 0:14,0,100,179,1,4/25/2024 0:14,R_1spjKoRQy67cy1l,1,2,1,-1,2,1,1,2,1,1,2,0,0,2,0,2,0,85,63d3ff7455fe68b811ef6b57,1,3
4/25/2024 0:11,4/25/2024 0:14,0,100,141,1,4/25/2024 0:14,R_4M0qkQeJcHgU3rE,2,2,2,-2,2,2,2,2,0,0,1,0,0,2,1,2,1,85,608da9dd3e630867a6efd9b2,0,1
4/25/2024 0:12,4/25/2024 0:14,0,100,99,1,4/25/2024 0:14,R_31cM9CJyXPnox52,1,1,1,-1,1,0,1,2,0,0,0,0,0,2,1,2,1,90,5c345ebad4f77a0001a91ec0,1,2
4/25/2024 0:12,4/25/2024 0:14,0,100,129,1,4/25/2024 0:14,R_2SCahsKXhn6M37Z,1,1,1,0,0,0,1,2,0,0,1,0,0,2,1,0,1,70,662943b6c211dec0e7e1c90e,0,4
4/25/2024 0:12,4/25/2024 0:14,0,100,125,1,4/25/2024 0:14,R_3r248N5d7dLa3BT,2,2,2,1,2,1,1,0,0,0,1,0,2,2,1,0,1,85,62d13e52521b5aba46b2d532,1,2
4/25/2024 0:11,4/25/2024 0:14,0,100,144,1,4/25/2024 0:14,R_50j4VeZMBs8BuNj,1,1,1,-1,0,0,0,0,0,1,1,0,2,2,0,0,1,70,5d4200b0f1006e00196a9322,0,3
4/25/2024 0:09,4/25/2024 0:14,0,100,305,1,4/25/2024 0:14,R_2DvFW0iMGrPiw7b,2,2,2,-2,1,1,1,1,2,0,2,1,2,1,1,1,0,100,65270f12e13d598538a8340b,1,4
4/25/2024 0:13,4/25/2024 0:14,0,100,82,1,4/25/2024 0:14,R_2QgsSV0EC6BxEd6,2,2,2,-2,1,1,1,1,1,0,1,0,2,2,1,0,1,100,60df50341cbe23c631681310,0,0
4/25/2024 0:10,4/25/2024 0:14,0,100,230,1,4/25/2024 0:14,R_2pSreZokz18mljQ,2,2,2,-2,1,1,1,0,0,0,1,0,2,2,1,0,1,95,605e9cc770aa6d1947d02bfa,1,1
4/25/2024 0:12,4/25/2024 0:14,0,100,129,1,4/25/2024 0:14,R_31BKTwQUHBphMT6,2,1,1,-1,1,1,1,1,1,0,0,0,0,2,1,1,1,90,65b69bbec439f7549d7c6f00,0,3
4/25/2024 0:11,4/25/2024 0:14,0,100,152,1,4/25/2024 0:14,R_2oLVhk3lry9M5q9,1,-1,1,-2,1,1,1,2,0,1,1,0,0,2,0,0,1,100,6315fd72852e279a1a13e5f1,0,0
4/25/2024 0:13,4/25/2024 0:14,0,100,82,1,4/25/2024 0:14,R_2oDNCTxMhKu2yvD,2,1,1,-1,2,1,1,0,1,1,1,0,2,0,0,0,1,75,5aa7b843f6dfdd0001eb0f06,1,4
4/25/2024 0:07,4/25/2024 0:14,0,100,401,1,4/25/2024 0:14,R_4nxxqyKSvjBEsWO,2,1,0,0,-1,1,1,2,1,0,2,0,1,1,0,2,0,75,5e3019c0b5ba77016e2bcaf4,0,4
4/25/2024 0:12,4/25/2024 0:14,0,100,154,1,4/25/2024 0:14,R_2sYEZQcTAGI8XY3,1,2,1,0,0,-1,0,0,0,0,1,1,2,2,1,0,1,70,5a2ef9bbfd28e9000102ee68,0,4
4/25/2024 0:13,4/25/2024 0:14,0,100,68,1,4/25/2024 0:14,R_3ShTdslptG4Lok1,1,1,0,1,0,1,1,2,0,1,0,0,1,1,0,2,1,80,654e5bcb8cb6aeb8ca9b33a0,0,0
4/25/2024 0:11,4/25/2024 0:14,0,100,207,1,4/25/2024 0:14,R_8bIWozbxllr3Ntx,1,1,1,-1,-1,-1,-1,0,1,0,0,1,1,0,1,1,0,70,6148bd948f9404442c6b70e9,0,3
4/25/2024 0:12,4/25/2024 0:14,0,100,116,1,4/25/2024 0:14,R_4EacBqzgNtNneES,1,2,1,-1,0,0,0,1,2,1,2,1,0,0,0,0,0,50,5e904f36cc3d6c355bbf48fa,1,4
4/25/2024 0:13,4/25/2024 0:14,0,100,104,1,4/25/2024 0:14,R_2R95qpmkHfDLETa,-1,1,0,0,-2,-2,-2,0,0,0,0,1,1,0,0,1,0,65,653bb54e9224191c7b7741c6,0,1
4/25/2024 0:12,4/25/2024 0:15,0,100,126,1,4/25/2024 0:15,R_2CHNYucxwzcQ7IH,1,2,2,-2,1,1,1,2,1,0,1,1,0,2,1,0,0,90,642aff87ea9fb23585fc5ee3,1,2
4/25/2024 0:13,4/25/2024 0:15,0,100,76,1,4/25/2024 0:15,R_5ue5kFU8YOTJMch,1,1,0,1,0,1,1,2,0,1,2,0,2,0,1,0,0,80,657c4d8c10a2c993f1363fb9,0,3
4/25/2024 0:11,4/25/2024 0:15,0,100,195,1,4/25/2024 0:15,R_2UjTuXdCEDcrwB3,1,2,1,-1,1,1,1,2,1,0,1,0,0,2,1,0,1,85,605a83eb7e4843786107321e,1,1
4/25/2024 0:13,4/25/2024 0:15,0,100,107,1,4/25/2024 0:15,R_2YPpv6vGoML97Dq,2,2,2,-1,2,2,2,2,0,1,2,0,0,2,0,0,1,95,632ceafce1ba9fd51c9de424,1,1
4/25/2024 0:13,4/25/2024 0:15,0,100,105,1,4/25/2024 0:15,R_2ErSHqTmQiGax6U,2,2,2,-2,2,2,1,2,0,0,1,0,0,2,1,0,1,95,5f501ea8bb2be4192a6d67a2,1,0
4/25/2024 0:13,4/25/2024 0:15,0,100,98,1,4/25/2024 0:15,R_4velrZBoh3aTho0,2,2,2,-2,1,1,1,2,0,0,1,0,0,2,1,2,1,85,6056487421642ca6fef2f200,0,2
4/25/2024 0:14,4/25/2024 0:15,0,100,67,1,4/25/2024 0:15,R_22cJ76SFqzmxOnL,2,2,1,-1,2,2,2,2,2,1,1,1,0,1,0,0,0,90,62d132acb69af7bf169cdbb8,1,0
4/25/2024 0:13,4/25/2024 0:15,0,100,117,1,4/25/2024 0:15,R_3nGj401cymgFmr7,2,1,1,-1,1,-1,1,0,1,0,1,0,1,2,1,0,1,90,62d9bbacd56cb555b6cfc995,1,4
4/25/2024 0:14,4/25/2024 0:15,0,100,42,1,4/25/2024 0:15,R_86gQ22Sm3GVyJKS,1,1,0,1,0,1,1,2,0,0,0,0,2,0,0,0,0,85,653ef86a871abcbdfdaefc23,0,0
4/25/2024 0:14,4/25/2024 0:15,0,100,88,1,4/25/2024 0:15,R_4DJf1VwMM5eIm13,2,2,2,-2,2,2,2,2,2,1,1,0,0,0,0,0,0,100,65e124f9e8fdc1f0cf89d7a7,1,4
4/25/2024 0:13,4/25/2024 0:15,0,100,104,1,4/25/2024 0:15,R_2P09gHcdyLJM7k5,1,1,1,-1,1,1,1,0,0,0,0,0,2,2,1,2,1,100,60173c3dd4e20d98d894aa6d,1,3
4/25/2024 0:06,4/25/2024 0:15,0,100,575,1,4/25/2024 0:15,R_36BlIQdXKSWB1br,2,1,1,-2,-1,-1,-1,0,1,0,2,0,1,0,1,0,1,50,62a779f845a7840040d41bf8,1,0
4/25/2024 0:12,4/25/2024 0:15,0,100,182,1,4/25/2024 0:15,R_3kCjbW3yFCUg6my,0,1,1,0,1,1,1,1,1,0,1,0,0,2,1,0,1,50,5fea6268197628a8c9d82728,0,0
4/25/2024 0:13,4/25/2024 0:15,0,100,117,1,4/25/2024 0:15,R_3q7wmsAsuTV2PlR,1,1,2,-2,1,1,1,1,0,0,2,0,2,1,1,1,1,75,5d7f598628843a00181eb444,1,3
4/25/2024 0:12,4/25/2024 0:16,0,100,224,1,4/25/2024 0:16,R_22tpUo5GW0MudEd,2,2,2,-2,1,1,1,2,1,0,2,0,1,1,1,1,1,90,65230ecce6b5748e6df764fa,1,2
4/25/2024 0:13,4/25/2024 0:16,0,100,127,1,4/25/2024 0:16,R_2ClVHz63Vo4eeN5,-1,-2,-1,2,-1,-2,-2,2,0,0,2,1,0,2,1,0,0,75,5f6152406f6e560f32b0cfe4,0,1
4/25/2024 0:14,4/25/2024 0:16,0,100,122,1,4/25/2024 0:16,R_2rGUCaMC7wRATD2,1,1,0,-1,1,1,1,2,1,0,0,0,1,1,1,1,0,95,6278270bfb2439bf3abf192d,0,2
4/25/2024 0:14,4/25/2024 0:16,0,100,96,1,4/25/2024 0:16,R_8e0j9fs9IL3OGn7,2,2,1,1,1,1,1,1,2,1,2,1,2,0,0,0,0,80,64012975c4251a860b518c8b,1,1
4/25/2024 0:12,4/25/2024 0:16,0,100,205,1,4/25/2024 0:16,R_4ivxhx6hqVP28KZ,2,2,2,-2,1,1,1,0,1,0,1,1,2,2,1,0,0,95,607f63ce9ffa404fca0400a9,0,4
4/25/2024 0:12,4/25/2024 0:16,0,100,224,1,4/25/2024 0:16,R_41j35v0Bm3jy7sM,0,1,1,-1,1,0,0,1,1,0,1,1,2,0,1,0,1,80,63d1416ac57129ef3d3ddd8e,0,4
4/25/2024 0:14,4/25/2024 0:16,0,100,121,1,4/25/2024 0:16,R_2zLNagWWBgYn3Gq,2,2,2,-1,2,2,2,1,2,0,1,0,0,0,0,2,1,85,5bc07659b8d38c0001de0516,1,2
4/25/2024 0:13,4/25/2024 0:16,0,100,179,1,4/25/2024 0:16,R_8wBmqelTJjGu0CR,1,1,1,-1,-1,-1,0,0,0,0,1,0,2,2,1,2,1,90,6384704a7b906e6298d5087f,0,2
4/25/2024 0:14,4/25/2024 0:16,0,100,134,1,4/25/2024 0:16,R_7g5g8ttsHmKw6wc,2,1,2,-2,1,1,1,1,1,1,0,1,0,0,0,1,0,100,5aa856d0f6dfdd0001eb1823,1,1
4/25/2024 0:14,4/25/2024 0:16,0,100,107,1,4/25/2024 0:16,R_366iBwPfDzNTHHP,2,2,1,-2,0,0,0,1,2,0,1,0,2,0,1,0,1,85,5ee142b292607215593aa9af,0,0
4/25/2024 0:13,4/25/2024 0:16,0,100,175,1,4/25/2024 0:16,R_7RLGX0KjLwxYEa5,2,2,2,-2,1,0,1,0,1,1,1,0,1,0,0,0,1,95,6624638357b56eb340c8f109,1,4
4/25/2024 0:15,4/25/2024 0:16,0,100,73,1,4/25/2024 0:16,R_2zNOQ2WH2XQUb9V,1,1,1,0,0,0,0,0,0,0,0,0,2,2,1,2,1,90,5c90fafcf4d2360001614c1d,0,2
4/25/2024 0:14,4/25/2024 0:16,0,100,160,1,4/25/2024 0:16,R_2VJCspcARtWtX3N,2,1,2,-1,0,1,-1,1,0,1,2,1,0,2,0,2,0,55,6560ae7968dae6508fe4d420,0,3
4/25/2024 0:13,4/25/2024 0:16,0,100,230,1,4/25/2024 0:16,R_2zTs7QoSTAn48f6,1,2,1,-2,1,1,1,1,0,0,1,0,0,0,0,1,0,75,6622e422b8569ed4d2cff4d3,0,2
4/25/2024 0:13,4/25/2024 0:17,0,100,221,1,4/25/2024 0:17,R_7coKhD2YOWE2JdF,1,1,1,-1,1,1,1,2,0,0,0,0,1,1,1,1,0,80,5c17c149f596b100011ca8b8,0,3
4/25/2024 0:14,4/25/2024 0:17,0,100,149,1,4/25/2024 0:17,R_53fICepgCMLCaFb,2,2,2,-1,2,1,1,0,0,0,2,1,1,2,1,0,0,90,65464fec47eeb23dde2b5c56,1,0
4/25/2024 0:15,4/25/2024 0:17,0,100,87,1,4/25/2024 0:17,R_5QmRg4OvZRufLuH,2,2,2,-1,1,2,2,0,1,0,1,0,2,2,1,2,1,65,5cd2e5dc3c43570018b98f0a,0,2
4/25/2024 0:15,4/25/2024 0:17,0,100,121,1,4/25/2024 0:17,R_8j1FWQir6w3NVe5,2,2,1,-2,1,1,1,2,1,0,2,1,0,2,1,0,0,75,5cae6a77b38ea60016e54889,1,1
4/25/2024 0:12,4/25/2024 0:17,0,100,298,1,4/25/2024 0:17,R_2n0HUJQdg3udqSz,2,2,2,-2,2,2,2,1,0,0,2,0,0,1,1,0,1,90,63d7e13ef428005671c14564,1,3
4/25/2024 0:15,4/25/2024 0:17,0,100,133,1,4/25/2024 0:17,R_8yQTelIf8Gz1L5D,2,0,1,-2,1,1,1,0,1,0,0,0,1,2,1,2,1,90,651ab77f6ee1c6bf2ecf4802,1,2
4/25/2024 0:13,4/25/2024 0:17,0,100,220,1,4/25/2024 0:17,R_2eKZAre3mtwF39L,2,2,2,-2,1,1,1,0,2,1,1,1,2,0,0,0,0,85,63d05806e94c60eb89e4d3f5,1,2
4/25/2024 0:14,4/25/2024 0:17,0,100,218,1,4/25/2024 0:17,R_4EyiVHbey9CQgOT,1,1,1,-1,1,1,1,2,1,0,1,1,0,2,1,2,0,90,644805884189b40893adfa53,1,0
4/25/2024 0:16,4/25/2024 0:17,0,100,103,1,4/25/2024 0:17,R_22P6SQGSN10MWPA,2,1,1,-1,1,1,1,1,0,1,1,1,0,2,0,0,0,75,5f75d01a857e4e27a575f7ca,1,3
4/25/2024 0:10,4/25/2024 0:17,0,100,474,1,4/25/2024 0:17,R_2EhV8uEvKUYrXJP,1,1,2,-1,1,0,0,2,2,1,2,0,0,0,0,0,1,100,5e54367e80cd0944205b27f9,1,0
4/25/2024 0:16,4/25/2024 0:17,0,100,96,1,4/25/2024 0:17,R_1Ojk6WjMSUh4Je2,2,2,2,-2,1,1,1,0,2,0,0,0,1,0,1,1,0,100,5d93892be1e2a9001b5804ca,1,3
4/25/2024 0:15,4/25/2024 0:18,0,100,122,1,4/25/2024 0:18,R_1C13b4ZxWNA11o9,2,2,2,-2,2,2,2,2,0,0,2,0,1,2,1,0,1,85,5eeb6965645c11097b4bae82,1,3
4/25/2024 0:14,4/25/2024 0:18,0,100,200,1,4/25/2024 0:18,R_2IRyp08ezfD3lsl,2,2,1,-1,1,1,1,0,1,0,0,0,0,0,0,1,0,90,5b2bcfb51835660001cc6751,0,4
4/25/2024 0:15,4/25/2024 0:18,0,100,166,1,4/25/2024 0:18,R_80ulBYzudesAIQp,1,0,1,-1,1,1,0,0,2,0,1,0,2,1,1,1,0,75,6614117ed177593b081cee67,1,0
4/25/2024 0:16,4/25/2024 0:18,0,100,114,1,4/25/2024 0:18,R_7pYf3XVzyuvflAx,1,2,1,-1,1,1,1,1,0,1,1,0,2,2,0,2,1,80,58f93198dbfafa0001d227c9,0,3
4/25/2024 0:16,4/25/2024 0:18,0,100,94,1,4/25/2024 0:18,R_2mavMawKdgW4YZk,2,2,2,-2,1,1,1,2,0,1,2,1,0,2,0,0,0,80,65cbcad14c404b33e3c6640d,1,1
4/25/2024 0:16,4/25/2024 0:18,0,100,103,1,4/25/2024 0:18,R_27lFzW1lI3PQm5P,2,2,2,-2,2,2,1,1,2,0,2,0,2,0,1,0,1,90,5f3483c9be9b7c3a6d9c2d79,1,0
4/25/2024 0:15,4/25/2024 0:18,0,100,185,1,4/25/2024 0:18,R_1aW65jZkXv2Z3fD,2,2,2,-2,1,1,1,0,1,0,1,0,1,0,1,2,1,85,63df06a8c5ac5f3c6bf77e6f,0,3
4/25/2024 0:16,4/25/2024 0:18,0,100,163,1,4/25/2024 0:18,R_25yLsRePjVbNvFq,1,1,1,0,0,1,1,0,0,0,1,0,2,1,1,2,1,50,5e234e6d06121f5eceaba7f1,0,2
4/25/2024 0:16,4/25/2024 0:18,0,100,155,1,4/25/2024 0:19,R_7s6CBBPqHKgV70K,1,2,1,-2,1,1,1,0,0,0,2,0,0,2,1,0,1,80,5d421d6e6247ef001900bdf9,1,2
4/25/2024 0:16,4/25/2024 0:19,0,100,191,1,4/25/2024 0:19,R_1ifPyz7QTsZaSEV,1,1,1,-1,1,1,1,1,0,0,0,0,2,1,1,1,1,80,62b4370c9a89e5a09c4447de,0,1
4/25/2024 0:15,4/25/2024 0:19,0,100,210,1,4/25/2024 0:19,R_2r8qj3pfgd3p9FM,2,2,2,-2,2,1,2,2,2,1,1,0,0,0,0,0,0,70,6527f298aa950ede4c693adb,1,1
4/25/2024 0:15,4/25/2024 0:19,0,100,263,1,4/25/2024 0:19,R_8e54WmoJOpsT6YY,1,1,1,0,2,1,2,1,1,0,1,0,1,0,1,0,1,85,5f98a392d611e51b3f10f8b0,1,4
4/25/2024 0:17,4/25/2024 0:19,0,100,125,1,4/25/2024 0:19,R_30UJNU6eIaBeuIJ,1,1,0,1,1,1,1,2,0,1,0,0,2,1,0,0,0,85,65259583fe963a1c197f221d,0,1
4/25/2024 0:17,4/25/2024 0:19,0,100,160,1,4/25/2024 0:19,R_32FjecDWhh5kzvE,2,2,2,2,-1,-1,-1,1,1,1,1,1,0,0,0,0,1,95,65f0c40364b614398133bf5e,1,3
4/25/2024 0:19,4/25/2024 0:19,0,100,54,1,4/25/2024 0:19,R_5PAQe1aD1ggzgk4,1,1,1,1,0,1,1,2,0,1,0,0,1,2,0,0,0,80,655c5ad8f1a19dc5535007a4,1,3
4/25/2024 0:19,4/25/2024 0:20,0,100,57,1,4/25/2024 0:20,R_17LSytE40ybfsWd,1,0,1,0,0,1,1,2,0,1,0,0,2,0,0,0,0,85,65086209d6edf5f2cf5f05d4,1,0
4/25/2024 0:18,4/25/2024 0:20,0,100,115,1,4/25/2024 0:20,R_5oifZRXcA7ZZJ5k,0,0,0,0,-1,-1,-1,0,0,1,1,0,2,1,1,0,1,75,654cec9d03f822b4b2b4133a,0,2
4/25/2024 0:18,4/25/2024 0:20,0,100,74,1,4/25/2024 0:20,R_2Jbl1QPJWxPlrPy,1,1,2,-1,1,2,1,2,0,0,1,0,1,2,1,0,1,80,5b82d4fda284bc000193094c,1,1
4/25/2024 0:16,4/25/2024 0:20,0,100,246,1,4/25/2024 0:20,R_7jfi2mO55aT2cqB,-1,1,0,1,1,1,0,2,1,0,1,1,1,2,1,2,1,75,6154918f83e8ca861b23ea04,0,0
4/25/2024 0:19,4/25/2024 0:21,0,100,116,1,4/25/2024 0:21,R_14dwyVnr8vFDRMl,1,1,0,0,1,1,1,0,1,0,1,1,1,0,1,0,0,100,56c65a5a305eaa0005f2a634,1,2
4/25/2024 0:18,4/25/2024 0:21,0,100,138,1,4/25/2024 0:21,R_3tnytVqVic246sx,2,2,2,-2,2,2,2,0,2,1,1,1,2,2,0,0,0,100,58472149000f1000010ebc53,1,1
4/25/2024 0:19,4/25/2024 0:21,0,100,120,1,4/25/2024 0:21,R_3aCQgXVHQeDHyMD,2,2,2,-2,1,1,1,2,2,0,1,1,0,0,1,0,0,80,5bb7b83ab791890001f4fd90,1,0
4/25/2024 0:18,4/25/2024 0:21,0,100,186,1,4/25/2024 0:21,R_6lYTZbdI40lRRw4,2,1,1,-1,1,0,1,1,0,0,1,0,2,0,1,0,1,60,5838861383a1cc0001f3f258,0,1
4/25/2024 0:18,4/25/2024 0:21,0,100,161,1,4/25/2024 0:21,R_6FianebmZKmEmLD,2,2,2,-2,2,2,2,1,2,1,2,0,2,0,0,1,1,90,5ee637a18976fc391312fe01,1,4
4/25/2024 0:17,4/25/2024 0:21,0,100,249,1,4/25/2024 0:21,R_8NwWXxfN04E7vN1,1,1,2,0,1,1,0,2,1,0,1,0,0,0,0,2,1,100,6384f755b4cc19e1153f51bb,1,1
4/25/2024 0:18,4/25/2024 0:21,0,100,165,1,4/25/2024 0:21,R_2nejDJwXv7DAmvF,2,2,2,-1,1,1,0,0,0,0,1,0,2,2,1,0,1,100,660d54bfb6f9e160ae77252c,0,0
4/25/2024 0:18,4/25/2024 0:21,0,100,188,1,4/25/2024 0:21,R_1ptAky773NeEm1I,2,2,2,-2,1,1,1,1,1,0,1,0,0,0,1,0,1,90,60dfd72817ea2f37bba6b24a,0,3
4/25/2024 0:18,4/25/2024 0:21,0,100,180,1,4/25/2024 0:21,R_6lLKNCWzHM2zw6Z,2,2,2,-2,1,1,1,0,1,0,0,0,1,2,0,0,1,90,6551469abe377d3646c6cd6e,1,3
4/25/2024 0:19,4/25/2024 0:21,0,100,126,1,4/25/2024 0:21,R_8yUYVomnAT65aTL,1,1,1,-1,1,0,1,2,1,1,2,1,1,0,0,0,0,75,6315fcf64ab1f169931df40c,1,0
4/25/2024 0:18,4/25/2024 0:21,0,100,227,1,4/25/2024 0:21,R_70Pg0ngqn6OVtbJ,1,1,0,-1,1,1,1,2,1,0,0,0,0,0,0,1,0,70,63d02c1f6a00a2ad12d30a83,0,2
4/25/2024 0:19,4/25/2024 0:22,0,100,146,1,4/25/2024 0:22,R_8pyTz9XSsBNYPO1,2,2,2,-1,2,2,2,1,2,0,1,1,0,0,1,0,0,100,66293b43bc9044bc95e924ef,1,1
4/25/2024 0:19,4/25/2024 0:22,0,100,135,1,4/25/2024 0:22,R_4LsP3ls76Abm3AZ,2,2,2,-2,1,0,1,2,2,0,2,1,1,1,1,1,0,70,5c26bc552c45d4000148f85d,1,3
4/25/2024 0:19,4/25/2024 0:22,0,100,171,1,4/25/2024 0:22,R_8EF2EW50LH91KvC,2,2,2,-2,1,1,1,0,1,1,1,1,1,2,1,1,1,90,5d15ded763569500192328b8,0,4
4/25/2024 0:19,4/25/2024 0:22,0,100,149,1,4/25/2024 0:22,R_2P5Np2qUHuXmMQF,2,2,1,-1,1,1,0,1,2,0,1,0,2,0,1,2,1,100,5f1d476fe89111648aa22948,0,3
4/25/2024 0:19,4/25/2024 0:22,0,100,136,1,4/25/2024 0:22,R_8F8W0tisjojjsUF,-1,-1,-1,1,-1,-1,-1,0,1,0,1,0,2,2,1,0,1,65,63ebd39a63bb79b50d438ab7,0,0
4/25/2024 0:20,4/25/2024 0:22,0,100,100,1,4/25/2024 0:22,R_7zDci2ckOC69U0k,2,2,0,-2,1,1,1,1,0,0,1,0,2,0,0,0,1,100,65a3084c059d06809815fc08,0,4
4/25/2024 0:19,4/25/2024 0:22,0,100,216,1,4/25/2024 0:22,R_8dG8ve1ybJej9VD,2,2,1,-2,1,1,1,2,0,1,2,1,1,1,0,1,0,85,661147945095af803c99a38a,1,0
4/25/2024 0:19,4/25/2024 0:22,0,100,182,1,4/25/2024 0:22,R_1Q43OlFACPEy5Mc,2,2,2,-2,2,2,2,2,2,1,2,0,0,0,0,0,1,95,5714e0958adadb00098deed4,1,0
4/25/2024 0:21,4/25/2024 0:22,0,100,100,1,4/25/2024 0:22,R_1zO4CftfWEtiHEv,2,2,2,-2,2,2,2,2,2,0,2,0,0,0,0,0,1,85,662981653dccd9fb1917bfdc,1,3
4/25/2024 0:21,4/25/2024 0:23,0,100,126,1,4/25/2024 0:23,R_27HvTlFfDzCcsV9,2,2,2,-2,2,2,2,0,2,0,0,0,1,0,1,2,1,100,655371cac562a3701896f9fc,0,1
4/25/2024 0:15,4/25/2024 0:24,0,100,554,1,4/25/2024 0:24,R_8s5rufyjLQtInjG,2,2,2,-1,1,1,1,0,0,1,0,0,1,2,0,2,1,75,6509ced499369f98b2c27874,0,2
4/25/2024 0:22,4/25/2024 0:24,0,100,115,1,4/25/2024 0:24,R_7e9ndy32MQFS3DE,1,1,1,-1,1,1,1,2,1,0,1,0,0,0,1,0,1,90,612241f2e121c7af36f3b6e0,1,1
4/25/2024 0:21,4/25/2024 0:24,0,100,219,1,4/25/2024 0:24,R_2pjEtYCkgHL5AqZ,1,2,2,-2,0,-1,-1,0,2,0,1,0,1,0,1,0,1,75,5a31373183019b00012f6322,1,2
4/25/2024 0:21,4/25/2024 0:24,0,100,208,1,4/25/2024 0:24,R_18MWm9dHncDbkqd,2,1,1,-2,2,1,1,1,1,0,1,1,0,0,1,0,0,85,5ba961b460f3d500016a2970,1,4
4/25/2024 0:23,4/25/2024 0:24,0,100,101,1,4/25/2024 0:24,R_2dzEjksDbzBT2nK,1,2,0,0,-1,-1,0,0,2,0,2,0,1,0,1,1,1,90,65dde97292c3b8d0e4fa00d7,0,2
4/25/2024 0:20,4/25/2024 0:24,0,100,263,1,4/25/2024 0:24,R_75NMnBx12wMznFT,2,2,2,-2,1,1,1,1,0,0,2,0,2,2,1,0,1,85,5eb29fdddac67500082c1089,1,1
4/25/2024 0:18,4/25/2024 0:25,0,100,368,1,4/25/2024 0:25,R_2BVgEnAHBVinh0c,2,2,1,-1,1,1,1,2,1,1,1,1,0,0,0,0,0,90,5fd8d3516c28582c83e0047a,1,4
4/25/2024 0:21,4/25/2024 0:25,0,100,209,1,4/25/2024 0:25,R_2Y3UnnS2oYUJmHv,2,0,1,-1,1,0,1,1,0,0,1,0,2,2,1,2,1,100,601c6342141cd277e220c083,0,4
4/25/2024 0:23,4/25/2024 0:25,0,100,122,1,4/25/2024 0:25,R_6LRPg6iDAA9wbYc,-1,0,-2,2,-1,1,2,1,0,0,1,0,2,2,0,0,1,50,63132e0bd4c11adb849be441,0,0
4/25/2024 0:23,4/25/2024 0:25,0,100,124,1,4/25/2024 0:25,R_1IhooSR5xToucRb,1,2,1,-1,1,1,1,2,0,0,1,0,0,2,1,2,1,75,5a50d62e8e62590001756c60,0,4
4/25/2024 0:22,4/25/2024 0:26,0,100,201,1,4/25/2024 0:26,R_7j1lQ4JoyBZiv7r,1,1,1,1,-2,-2,-2,1,0,1,1,0,0,0,0,1,0,55,5697d67b7183b8000d0fc222,0,3
4/25/2024 0:20,4/25/2024 0:26,0,100,341,1,4/25/2024 0:26,R_1S7FFsQFHZrbQUF,1,1,-1,0,-2,-1,-1,2,1,0,2,1,0,0,1,0,0,50,60999f19d3de905906fab513,1,0
4/25/2024 0:21,4/25/2024 0:26,0,100,307,1,4/25/2024 0:26,R_2KfBOnAFBJ4ocI9,2,2,2,-2,2,2,2,0,2,0,1,0,2,0,1,0,1,80,631625a868c124694850420c,1,2
4/25/2024 0:25,4/25/2024 0:27,0,100,111,1,4/25/2024 0:27,R_3Hjp9tYnfIgrUPl,1,1,1,-1,1,1,1,1,2,1,1,1,2,0,0,0,0,85,5a75a77817ef3500016ffd06,1,4
4/25/2024 0:22,4/25/2024 0:27,0,100,259,1,4/25/2024 0:27,R_2n3nwkYN2XcIYjx,2,1,2,-1,1,2,2,0,0,1,2,1,1,0,1,1,1,85,58c471683977190001f54327,0,3
4/25/2024 0:24,4/25/2024 0:28,0,100,265,1,4/25/2024 0:28,R_7azYwLOKvUCLDmY,1,1,1,-1,1,1,1,1,1,0,1,0,1,2,0,0,0,85,57d0db6cf7bcd90001cd47bc,0,1
4/25/2024 0:22,4/25/2024 0:28,0,100,402,1,4/25/2024 0:28,R_7Rn1elgv7bMPIb1,1,0,-1,0,1,1,0,0,0,0,2,0,2,2,1,0,1,70,654e555a3a0310fc21aee9ce,0,4
4/25/2024 0:25,4/25/2024 0:28,0,100,201,1,4/25/2024 0:28,R_2wmKEepDerK4IUj,1,2,1,-1,1,1,1,0,0,1,2,0,2,2,1,1,1,65,66281235a9b275877e8dfedd,0,0
4/25/2024 0:27,4/25/2024 0:29,0,100,123,1,4/25/2024 0:29,R_2WAmsIKDJU4JzLB,1,1,1,-1,1,1,1,0,0,0,1,1,2,1,1,2,0,60,5e80b109ca1800791e1ca40c,0,1
4/25/2024 0:27,4/25/2024 0:30,0,100,163,1,4/25/2024 0:30,R_2EtWnNmz7Iu1okl,1,1,1,-1,1,0,0,1,0,0,1,0,1,0,1,1,0,75,5d76ac914c93440001c03fd7,0,1
4/25/2024 0:25,4/25/2024 0:30,0,100,325,1,4/25/2024 0:30,R_7QWJLLIj0WkN4Dg,1,1,1,0,1,0,1,2,0,0,0,0,1,1,1,2,1,90,63f77f182fbf3ac66cbb362a,0,3
4/25/2024 0:28,4/25/2024 0:31,0,100,179,1,4/25/2024 0:31,R_2H2DHe0Zykm1KhC,2,2,1,-1,1,1,1,0,0,0,1,1,2,2,1,0,0,75,5d8878251f684d0001737c56,0,1
4/25/2024 0:25,4/25/2024 0:33,0,100,457,1,4/25/2024 0:33,R_1Y8VR35PQTGvrwd,2,2,2,-2,0,1,0,2,0,0,1,0,0,2,1,2,1,70,6629715331751771a0d585be,0,1
4/25/2024 0:28,4/25/2024 0:33,0,100,272,1,4/25/2024 0:33,R_2n0kG5mfZtKf7Cl,2,2,2,-2,2,2,2,2,1,0,1,0,0,2,1,0,0,80,601eaeeb12586834759af824,0,0
4/25/2024 0:29,4/25/2024 0:33,0,100,242,1,4/25/2024 0:33,R_7RgsGr75gePStsT,1,2,1,-1,1,0,0,1,0,0,1,0,0,2,1,0,1,75,65f85c4da05dc06ab2800573,1,0
4/25/2024 0:30,4/25/2024 0:34,0,100,239,1,4/25/2024 0:34,R_5mm0PKfR0PwbPDo,2,2,2,-2,2,2,2,1,0,0,2,0,0,2,0,0,1,95,63f93b47bb0c1a1aca131480,1,1
4/25/2024 0:23,4/25/2024 0:35,0,100,682,1,4/25/2024 0:35,R_2p4ri5EC1awHjGU,2,2,2,-2,1,1,2,1,1,1,1,1,1,0,1,1,0,100,5f628a5497682b3094294505,0,4
4/25/2024 0:33,4/25/2024 0:35,0,100,105,1,4/25/2024 0:35,R_3k4UANkxQ9Ux6EQ,2,1,1,0,1,1,1,1,1,0,2,1,0,2,0,0,0,65,62d70d1f219a25bcf1db0bfa,0,4
4/25/2024 0:33,4/25/2024 0:36,0,100,172,1,4/25/2024 0:36,R_2pgysr7rJOU5E81,2,2,2,-2,1,1,1,1,0,0,1,1,2,2,1,2,0,85,60fe73a3e2f7d5e184ce6539,0,1
4/25/2024 0:34,4/25/2024 0:36,0,100,142,1,4/25/2024 0:36,R_1Cld2Wxef165rSx,-1,1,-1,1,0,1,-1,2,2,0,1,1,0,0,0,0,0,55,5e4886f1da7b943284265869,1,2
4/25/2024 0:36,4/25/2024 0:37,0,100,87,1,4/25/2024 0:37,R_4uwk4QrjcnBIV5O,2,1,1,-2,2,1,1,2,2,1,2,1,0,0,0,0,0,80,59cff8eed227970001199862,1,4
4/25/2024 0:35,4/25/2024 0:37,0,100,133,1,4/25/2024 0:37,R_2wzrdXZ0qjiPXVv,2,2,2,-2,2,1,2,2,1,1,0,1,0,0,0,2,0,100,63fbf0e3b18cc14adc0dbfb6,1,1
4/25/2024 0:29,4/25/2024 0:38,0,100,539,1,4/25/2024 0:38,R_53w1X2u9drY4npV,2,2,2,-1,2,2,2,2,0,1,2,0,0,2,0,0,1,100,65e739f565a8c818b009f83b,1,0
4/25/2024 0:29,4/25/2024 0:38,0,100,547,1,4/25/2024 0:38,R_5pMgldHj9zLweVH,2,2,2,-2,1,0,1,1,0,0,0,0,2,1,1,1,1,70,5a6f6e3a6923df0001ef8f8d,0,4
4/25/2024 0:36,4/25/2024 0:38,0,100,143,1,4/25/2024 0:38,R_1FisZKjFsfDcvyp,2,2,2,-2,1,2,1,1,1,1,2,0,2,2,0,0,1,100,63c34086cb929e7c9b844a67,1,2
4/25/2024 0:38,4/25/2024 0:40,0,100,113,1,4/25/2024 0:40,R_2aJCDwjBNGxRBEk,2,2,2,-2,1,-1,0,0,0,1,1,1,2,2,0,2,0,75,61200d9dee82041bf3ae9bd3,1,4
4/25/2024 0:36,4/25/2024 0:40,0,100,223,1,4/25/2024 0:40,R_1IRKc6sh6i685RH,2,2,2,-2,1,1,1,2,1,1,1,1,0,0,0,2,0,95,61756116f3525bd231e96e14,0,3
4/25/2024 0:39,4/25/2024 0:42,0,100,152,1,4/25/2024 0:42,R_7duvsl07iETOQy9,2,1,2,2,1,2,2,0,2,0,1,0,2,1,0,2,1,90,65eb5920f48b23a78b51979c,1,3
4/25/2024 0:51,4/25/2024 0:53,0,100,133,1,4/25/2024 0:53,R_5NNZR1EUlJ7h9Fh,2,2,2,-2,1,1,0,2,0,1,2,0,0,1,0,0,1,95,58ae2cb09e040a000139af76,0,4
