StartDate,EndDate,RecordedDate,turkid,condid,condition,replicate,included,DV_1,DV_2,DV_3,DV_4,DV_4_R,illusory_beliefs_index,CouldLearn_1,CouldLearn_2,CouldLearn_3,confidence_in_learning_index,best_hook,best_length,best_tone,best_content,best_cta,worst_hook,worst_length,worst_tone,worst_content,worst_cta,prob_superiority
4/24/2024 23:27,4/24/2024 23:29,4/24/2024 23:29,6346f601780d729da84100b8,1,Increasing,2,TRUE,1,1,1,-0,0,3.75,1,-1,1,0.3333333333333333,2,2,0,2,0,0,0,1,0,1,90
4/24/2024 23:29,4/24/2024 23:30,4/24/2024 23:30,610303cc518cc9e3899dcbb7,1,Increasing,1,TRUE,2,2,1,2,-2,4.75,1,1,1,1,0,2,1,1,0,2,0,0,2,1,60
4/24/2024 23:30,4/24/2024 23:31,4/24/2024 23:31,5dd58453bb28b1545e09189d,1,Increasing,0,TRUE,2,2,1,-0,0,4.25,1,1,1,1,1,1,0,1,0,0,0,0,0,0,90
4/24/2024 23:30,4/24/2024 23:31,4/24/2024 23:31,5f2ed247fc40b227293a1a5e,0,Flat,0,TRUE,2,2,2,2,-2,5,2,2,2,2,2,1,0,1,0,0,2,1,0,1,100
4/24/2024 23:30,4/24/2024 23:31,4/24/2024 23:31,6266d1937cec5e7a57883e76,0,Flat,4,TRUE,1,2,1,-0,0,4,1,2,2,1.6666666666666667,2,0,0,1,1,0,2,1,0,0,90
4/24/2024 23:30,4/24/2024 23:34,4/24/2024 23:34,5edf66ed1a0915219e55d5ca,0,Flat,0,TRUE,2,1,1,1,-1,4.25,1,1,1,1,0,0,1,1,0,2,2,1,2,1,95
4/24/2024 23:32,4/24/2024 23:34,4/24/2024 23:34,63653e8bb62cf485a4716fdb,0,Flat,0,TRUE,1,1,1,1,-1,4,1,0,0,0.3333333333333333,1,0,0,2,0,2,2,1,0,1,85
4/24/2024 23:32,4/24/2024 23:34,4/24/2024 23:34,605099303a38aa0618da3feb,1,Increasing,3,TRUE,2,2,1,-0,0,4.25,1,-1,0,0,2,2,0,2,1,0,0,1,0,0,100
4/24/2024 23:32,4/24/2024 23:34,4/24/2024 23:34,65160029e4cb93dc37b0c5c8,1,Increasing,1,TRUE,2,2,2,2,-2,5,1,1,0,0.6666666666666666,1,1,0,1,0,2,2,1,0,1,70
4/24/2024 23:34,4/24/2024 23:36,4/24/2024 23:36,5c5da3b159ec1d0001fe5606,0,Flat,1,TRUE,2,2,2,2,-2,5,1,1,1,1,2,0,0,0,0,0,2,1,1,1,70
4/24/2024 23:35,4/24/2024 23:37,4/24/2024 23:37,603cc6a69fc1fea96e18a0f0,0,Flat,3,TRUE,1,1,1,1,-1,4,1,0,0,0.3333333333333333,2,1,0,0,0,2,0,0,0,1,80
4/24/2024 23:36,4/24/2024 23:38,4/24/2024 23:38,6452ad03d8f9a716d9d3a0d5,0,Flat,3,TRUE,2,2,2,2,-2,5,2,2,2,2,1,1,1,1,1,0,2,0,0,0,85
4/24/2024 23:36,4/24/2024 23:38,4/24/2024 23:38,62b5dbad85ebc6b09b1a9862,0,Flat,0,TRUE,2,2,2,2,-2,5,1,1,1,1,1,0,0,1,1,2,2,1,0,0,100
4/24/2024 23:37,4/24/2024 23:39,4/24/2024 23:39,5d498490ab6774001538905b,0,Flat,4,TRUE,2,2,2,2,-2,5,2,2,2,2,2,1,1,2,1,1,2,0,0,0,90
4/24/2024 23:39,4/24/2024 23:40,4/24/2024 23:40,61105071fe05cd89830dcc43,1,Increasing,3,TRUE,2,2,2,2,-2,5,1,1,1,1,0,2,0,1,1,1,0,1,2,0,90
4/24/2024 23:37,4/24/2024 23:40,4/24/2024 23:40,62a1eadf5fb276774bb7bae8,1,Increasing,3,TRUE,2,2,2,2,-2,5,2,2,2,2,1,1,0,2,1,0,0,1,0,0,85
4/24/2024 23:36,4/24/2024 23:40,4/24/2024 23:40,5c97e1df7aa3c10014bf8c49,1,Increasing,0,TRUE,2,1,1,2,-2,4.5,1,1,-1,0.3333333333333333,2,1,1,1,0,0,0,0,0,0,60
4/24/2024 23:38,4/24/2024 23:40,4/24/2024 23:40,60af86df4ab96f2f83a003ba,0,Flat,4,TRUE,2,2,1,1,-1,4.5,1,1,0,0.6666666666666666,1,1,0,1,0,2,2,1,0,1,90
4/24/2024 23:37,4/24/2024 23:40,4/24/2024 23:40,62b2510090c080a481c2c8ef,1,Increasing,0,TRUE,2,2,2,1,-1,4.75,1,2,1,1.3333333333333333,0,0,0,2,1,2,2,0,0,0,60
4/24/2024 23:36,4/24/2024 23:41,4/24/2024 23:41,62c68d9da16361603d54d308,1,Increasing,4,TRUE,2,2,2,2,-2,5,1,1,1,1,2,1,0,1,0,1,0,1,0,1,90
4/24/2024 23:40,4/24/2024 23:42,4/24/2024 23:42,5aca1b55e1099600016ab6b7,1,Increasing,3,TRUE,1,1,1,1,-1,4,-1,1,0,0,2,1,0,1,1,0,0,1,0,0,80
4/24/2024 23:39,4/24/2024 23:42,4/24/2024 23:42,5adc95a1066c510001d410d7,1,Increasing,4,TRUE,2,2,1,1,-1,4.5,1,1,1,1,0,0,0,1,0,2,2,0,0,1,80
4/24/2024 23:40,4/24/2024 23:42,4/24/2024 23:42,5de3d4fc1d61c93cd498bb92,1,Increasing,2,TRUE,1,1,0,1,-1,3.75,1,0,0,0.3333333333333333,2,1,1,2,0,1,0,0,0,1,95
4/24/2024 23:38,4/24/2024 23:42,4/24/2024 23:42,65c6314ad9eab9ead54d1ba2,1,Increasing,3,TRUE,2,2,2,2,-2,5,2,1,2,1.6666666666666667,2,1,1,2,1,1,0,0,1,0,95
4/24/2024 23:41,4/24/2024 23:43,4/24/2024 23:43,5e7253d4e8e2311879d30fce,1,Increasing,1,TRUE,1,2,2,2,-2,4.75,1,1,1,1,2,1,1,1,0,1,0,0,0,1,85
4/24/2024 23:41,4/24/2024 23:43,4/24/2024 23:43,5c61da8590ff4f000109a650,0,Flat,1,TRUE,1,2,1,1,-1,4.25,1,1,1,1,0,1,0,2,0,1,2,1,0,1,70
4/24/2024 23:39,4/24/2024 23:43,4/24/2024 23:43,5c5a093738e69b0001dd9343,1,Increasing,0,TRUE,2,2,1,2,-2,4.75,1,1,0,0.6666666666666666,0,0,1,2,1,0,0,0,0,0,90
4/24/2024 23:40,4/24/2024 23:43,4/24/2024 23:43,66297081cf92682d528ef4b6,1,Increasing,3,TRUE,2,2,2,2,-2,5,1,1,1,1,1,0,1,1,1,0,2,1,2,0,100
4/24/2024 23:39,4/24/2024 23:43,4/24/2024 23:43,5fec4bf28fd71dda83c7f34e,1,Increasing,1,TRUE,2,2,2,2,-2,5,2,1,1,1.3333333333333333,1,1,1,1,1,2,2,0,0,0,100
4/24/2024 23:41,4/24/2024 23:43,4/24/2024 23:43,6148ee933093eb6be1edf761,0,Flat,3,TRUE,2,1,1,2,-2,4.5,1,1,1,1,2,0,0,1,0,1,2,1,2,1,90
4/24/2024 23:43,4/24/2024 23:44,4/24/2024 23:44,662709c30570cd731e587591,1,Increasing,1,TRUE,2,2,1,2,-2,4.75,2,1,0,1,1,2,1,2,1,1,0,0,1,0,85
4/24/2024 23:42,4/24/2024 23:44,4/24/2024 23:44,5c643f1140c2610001424b7f,0,Flat,0,TRUE,1,1,1,-0,0,3.75,1,1,1,1,0,0,1,0,0,2,2,0,2,1,90
4/24/2024 23:41,4/24/2024 23:44,4/24/2024 23:44,5e9ffbdcaf81220009abc94f,1,Increasing,2,TRUE,2,1,2,1,-1,4.5,1,1,1,1,0,0,0,2,1,2,2,1,0,0,95
4/24/2024 23:42,4/24/2024 23:44,4/24/2024 23:44,60fc14b7339c9fc0dc0ab317,1,Increasing,4,TRUE,1,1,0,1,-1,3.75,1,0,0,0.3333333333333333,0,1,1,1,1,2,2,0,0,0,80
4/24/2024 23:43,4/24/2024 23:45,4/24/2024 23:45,5601ab2ea66d100012d5c38a,0,Flat,4,TRUE,2,2,2,2,-2,5,2,2,2,2,0,1,0,0,0,1,2,1,2,1,90
4/24/2024 23:44,4/24/2024 23:45,4/24/2024 23:45,5aa936ec6475f90001a07e59,1,Increasing,1,TRUE,2,2,2,2,-2,5,2,0,2,1.3333333333333333,2,0,0,1,0,0,0,1,0,0,80
4/24/2024 23:43,4/24/2024 23:45,4/24/2024 23:45,5d20e5aea3262d0017af1588,1,Increasing,0,TRUE,2,2,2,2,-2,5,1,1,1,1,0,0,1,1,1,1,2,0,0,0,70
4/24/2024 23:43,4/24/2024 23:46,4/24/2024 23:46,66297498a5071056d9c6a626,0,Flat,1,TRUE,1,2,2,1,-1,4.5,1,2,1,1.3333333333333333,2,1,0,2,1,1,0,1,0,0,90
4/24/2024 23:44,4/24/2024 23:46,4/24/2024 23:46,634c48cd5280c359cf6f5721,1,Increasing,3,TRUE,2,2,2,2,-2,5,2,1,2,1.6666666666666667,2,2,1,2,0,0,0,0,0,0,100
4/24/2024 23:45,4/24/2024 23:46,4/24/2024 23:46,60fd385d1d3245d00162023e,1,Increasing,3,TRUE,2,2,2,2,-2,5,1,1,2,1.3333333333333333,2,2,1,1,1,0,0,1,2,0,100
4/24/2024 23:44,4/24/2024 23:47,4/24/2024 23:47,5eff51c5bfbd094cb6252800,1,Increasing,0,TRUE,2,1,2,2,-2,4.75,1,1,0,0.6666666666666666,2,2,1,2,0,0,0,0,0,1,90
4/24/2024 23:46,4/24/2024 23:48,4/24/2024 23:48,614ee347a57616853a7b1356,0,Flat,0,TRUE,1,1,0,-0,0,3.5,-2,-1,-1,-1.3333333333333333,1,2,0,1,0,1,1,1,0,1,70
4/24/2024 23:46,4/24/2024 23:48,4/24/2024 23:48,59b58976773f4100014879ec,1,Increasing,3,TRUE,2,2,2,2,-2,5,1,2,1,1.3333333333333333,1,0,0,2,0,2,2,1,0,1,85
4/24/2024 23:42,4/24/2024 23:48,4/24/2024 23:48,6017642fbe88ba2b560e16ff,0,Flat,2,TRUE,2,2,2,1,-1,4.75,1,1,1,1,0,1,0,1,1,1,0,1,0,0,70
4/24/2024 23:46,4/24/2024 23:48,4/24/2024 23:48,5ba41fb90611410001081666,0,Flat,2,TRUE,1,2,0,1,-1,4,0,-1,0,-0.3333333333333333,0,0,0,0,0,2,2,1,2,1,85
4/24/2024 23:46,4/24/2024 23:48,4/24/2024 23:48,640127622027c81567db087f,0,Flat,4,TRUE,2,2,1,-1,1,4,1,1,1,1,1,2,0,0,1,2,0,1,1,0,75
4/24/2024 23:45,4/24/2024 23:48,4/24/2024 23:48,5dcbfe12d872a4895d4e6919,0,Flat,1,TRUE,1,1,1,-0,0,3.75,2,1,1,1.3333333333333333,0,0,0,0,0,2,1,1,1,1,95
4/24/2024 23:47,4/24/2024 23:49,4/24/2024 23:49,614793a7be62637e6a2ccf3e,0,Flat,3,TRUE,2,2,2,2,-2,5,2,2,1,1.6666666666666667,0,0,1,0,0,1,1,0,1,1,85
4/24/2024 23:48,4/24/2024 23:49,4/24/2024 23:49,66295aab7a86d65b9a87447d,1,Increasing,1,TRUE,1,1,1,1,-1,4,1,1,1,1,2,1,0,1,0,0,0,1,0,1,100
4/24/2024 23:46,4/24/2024 23:49,4/24/2024 23:49,59ff8226ab721b0001ef6e61,1,Increasing,3,TRUE,1,1,-1,1,-1,3.5,1,1,1,1,2,1,1,1,1,1,2,0,0,0,90
4/24/2024 23:46,4/24/2024 23:49,4/24/2024 23:49,611004bb14ee1de34195cb04,1,Increasing,1,TRUE,2,2,2,2,-2,5,1,1,1,1,2,2,1,1,1,0,1,0,2,0,100
4/24/2024 23:48,4/24/2024 23:50,4/24/2024 23:50,660c30d0233d666ddcfd69ad,1,Increasing,3,TRUE,2,2,2,2,-2,5,1,2,2,1.6666666666666667,1,1,1,0,0,0,0,0,0,1,100
4/24/2024 23:48,4/24/2024 23:50,4/24/2024 23:50,57b715b842195e000159f82b,0,Flat,2,TRUE,2,2,2,2,-2,5,1,1,1,1,0,0,0,0,0,1,1,1,1,1,95
4/24/2024 23:48,4/24/2024 23:50,4/24/2024 23:50,5a9012adf053610001718912,1,Increasing,4,TRUE,1,1,1,1,-1,4,2,2,2,2,0,0,0,1,1,2,2,1,0,0,100
4/24/2024 23:47,4/24/2024 23:50,4/24/2024 23:50,60a7d8f45174b6633c940a15,0,Flat,3,TRUE,1,1,1,1,-1,4,1,1,0,0.6666666666666666,0,1,0,1,1,1,2,1,2,0,75
4/24/2024 23:48,4/24/2024 23:51,4/24/2024 23:51,579e352f4d107800016dd96e,0,Flat,0,TRUE,1,1,1,1,-1,4,1,1,0,0.6666666666666666,2,0,0,0,0,2,1,0,1,1,85
4/24/2024 23:48,4/24/2024 23:51,4/24/2024 23:51,6303c94be7331161d7bb9f19,1,Increasing,0,TRUE,2,2,1,1,-1,4.5,1,1,1,1,2,1,0,1,0,0,2,1,0,1,80
4/24/2024 23:49,4/24/2024 23:51,4/24/2024 23:51,63d7a79e2606216262545e75,0,Flat,0,TRUE,1,2,1,1,-1,4.25,1,1,1,1,1,0,0,2,1,0,2,0,0,1,75
4/24/2024 23:48,4/24/2024 23:51,4/24/2024 23:51,643af3570582668c2496d536,1,Increasing,3,TRUE,2,1,1,1,-1,4.25,1,1,1,1,2,2,0,1,1,1,0,1,1,0,80
4/24/2024 23:47,4/24/2024 23:51,4/24/2024 23:51,5d94f81f78648a0018f9c3ed,1,Increasing,2,TRUE,2,2,2,1,-1,4.75,1,0,-1,0,1,2,1,2,1,0,1,0,0,1,100
4/24/2024 23:49,4/24/2024 23:51,4/24/2024 23:51,6346921046fa377ce55acbc1,1,Increasing,4,TRUE,2,2,2,2,-2,5,1,1,1,1,1,1,0,2,0,0,0,1,1,1,100
4/24/2024 23:50,4/24/2024 23:51,4/24/2024 23:51,5ff090bc539a38452f1f9a06,1,Increasing,3,TRUE,1,1,1,1,-1,4,1,1,1,1,1,1,0,1,1,2,2,0,0,0,85
4/24/2024 23:50,4/24/2024 23:51,4/24/2024 23:51,5c4c57609446be00017e6746,0,Flat,2,TRUE,2,2,2,-2,2,4,1,1,1,1,0,0,0,1,0,1,2,1,2,1,85
4/24/2024 23:48,4/24/2024 23:52,4/24/2024 23:52,571fdcb14b8ecc0013c24fcb,0,Flat,4,TRUE,1,2,0,-0,0,3.75,1,1,1,1,0,0,1,1,1,2,1,1,0,0,65
4/24/2024 23:51,4/24/2024 23:52,4/24/2024 23:52,6447b9633f4b280aad385306,1,Increasing,4,TRUE,2,2,1,1,-1,4.5,2,1,2,1.6666666666666667,2,1,0,1,0,1,2,1,0,1,85
4/24/2024 23:51,4/24/2024 23:52,4/24/2024 23:52,5f653ce1f8363c0a4165e03d,1,Increasing,3,TRUE,1,1,1,-1,1,3.5,1,1,1,1,2,2,1,1,0,0,0,0,0,0,75
4/24/2024 23:48,4/24/2024 23:52,4/24/2024 23:52,600de5491d0f333e281263de,1,Increasing,2,TRUE,1,1,1,1,-1,4,-1,-1,-1,-1,1,0,1,2,0,2,1,1,0,0,75
4/24/2024 23:48,4/24/2024 23:52,4/24/2024 23:52,63d5568c03e8842910a652c7,1,Increasing,1,TRUE,2,1,1,2,-2,4.5,1,1,1,1,2,0,0,2,1,0,2,1,0,0,75
4/24/2024 23:51,4/24/2024 23:52,4/24/2024 23:52,6400e710846ec9e2eedb0893,1,Increasing,0,TRUE,2,2,2,2,-2,5,1,2,1,1.3333333333333333,1,1,0,0,0,2,0,1,1,1,80
4/24/2024 23:50,4/24/2024 23:52,4/24/2024 23:52,6323977fbe559b8a0b01aae6,1,Increasing,3,TRUE,2,1,1,2,-2,4.5,1,1,0,0.6666666666666666,2,1,0,1,0,0,2,1,1,1,80
4/24/2024 23:50,4/24/2024 23:52,4/24/2024 23:52,5c86832642ff490015c7e029,0,Flat,2,TRUE,1,1,1,-0,0,3.75,1,1,1,1,2,0,0,2,0,1,2,1,0,1,85
4/24/2024 23:50,4/24/2024 23:52,4/24/2024 23:52,66293a672ed5c50b4a896bbb,0,Flat,0,TRUE,1,2,1,1,-1,4.25,2,2,1,1.6666666666666667,0,0,0,0,0,1,2,1,1,1,80
4/24/2024 23:50,4/24/2024 23:52,4/24/2024 23:52,6581c0d833f32d42d1790ee1,1,Increasing,3,TRUE,2,2,2,1,-1,4.75,2,2,1,1.6666666666666667,2,1,1,2,1,0,2,0,0,0,95
4/24/2024 23:50,4/24/2024 23:52,4/24/2024 23:52,5b15b176c85dc40001625ce9,1,Increasing,2,TRUE,1,1,1,1,-1,4,0,0,0,0,2,0,0,2,0,0,1,1,0,1,65
4/24/2024 23:48,4/24/2024 23:52,4/24/2024 23:52,660daced2d17c6d02bc3c023,1,Increasing,3,TRUE,2,1,1,1,-1,4.25,1,1,1,1,2,0,1,2,1,1,2,0,0,0,90
4/24/2024 23:49,4/24/2024 23:52,4/24/2024 23:52,615c03bf4f12b1e1eb2ace17,0,Flat,0,TRUE,2,2,2,2,-2,5,2,1,1,1.3333333333333333,1,0,0,2,0,2,2,1,0,1,100
4/24/2024 23:49,4/24/2024 23:53,4/24/2024 23:53,61548e103213611528722709,1,Increasing,1,TRUE,1,1,1,1,-1,4,1,0,1,0.6666666666666666,2,0,0,2,0,0,2,1,0,0,75
4/24/2024 23:50,4/24/2024 23:53,4/24/2024 23:53,60e6ed09b102ff57a70ca23f,0,Flat,3,TRUE,2,2,2,2,-2,5,1,1,1,1,1,1,0,2,1,2,0,1,1,0,85
4/24/2024 23:50,4/24/2024 23:53,4/24/2024 23:53,5ed55fe9a127550e59b690f8,1,Increasing,3,TRUE,2,2,2,2,-2,5,2,1,2,1.6666666666666667,2,0,0,2,1,0,2,0,0,0,75
4/24/2024 23:49,4/24/2024 23:53,4/24/2024 23:53,55a7d0a1fdf99b65badeeed7,1,Increasing,3,TRUE,1,1,0,-1,1,3.25,0,0,0,0,2,1,0,1,0,1,2,1,1,1,75
4/24/2024 23:51,4/24/2024 23:53,4/24/2024 23:53,5e52f052fedced045c73cb72,1,Increasing,0,TRUE,2,1,1,1,-1,4.25,1,0,0,0.3333333333333333,2,0,0,1,0,0,2,1,0,1,85
4/24/2024 23:50,4/24/2024 23:53,4/24/2024 23:53,5bb7c0a64eae9c0001085b15,1,Increasing,1,TRUE,2,2,2,2,-2,5,2,2,1,1.6666666666666667,1,1,1,0,1,0,2,0,1,0,90
4/24/2024 23:52,4/24/2024 23:53,4/24/2024 23:53,640a628b1ee07fd75971fd93,0,Flat,0,TRUE,-1,0,-1,-1,1,2.25,0,-1,-1,-0.6666666666666666,1,0,0,1,1,2,2,1,0,0,65
4/24/2024 23:51,4/24/2024 23:54,4/24/2024 23:54,6104b941b6b6aedf462f393b,0,Flat,2,TRUE,2,2,2,2,-2,5,1,1,1,1,0,0,1,1,0,2,2,0,0,1,95
4/24/2024 23:51,4/24/2024 23:54,4/24/2024 23:54,64860c8cfd693e6467ad6d15,0,Flat,4,TRUE,2,2,2,2,-2,5,2,1,2,1.6666666666666667,0,2,1,1,0,2,0,0,0,1,75
4/24/2024 23:51,4/24/2024 23:54,4/24/2024 23:54,593ec9b706c3b80001d681c5,0,Flat,4,TRUE,2,2,1,2,-2,4.75,2,2,2,2,2,2,1,1,0,0,0,0,0,1,80
4/24/2024 23:51,4/24/2024 23:54,4/24/2024 23:54,609a0fa06cfe6658d4c1a4f3,0,Flat,0,TRUE,1,1,1,1,-1,4,1,1,1,1,1,1,1,1,0,0,2,1,0,0,80
4/24/2024 23:53,4/24/2024 23:54,4/24/2024 23:54,5996f25a05a0e30001f1fd72,0,Flat,3,TRUE,2,2,0,2,-2,4.5,1,1,1,1,2,1,0,1,0,1,2,1,0,1,95
4/24/2024 23:52,4/24/2024 23:54,4/24/2024 23:54,65a53ce092b4798f1b1ff5bb,1,Increasing,4,TRUE,2,2,2,1,-1,4.75,1,1,1,1,1,0,1,2,1,0,0,0,0,0,95
4/24/2024 23:50,4/24/2024 23:54,4/24/2024 23:54,65ce6e580ff7827d2f4d5145,1,Increasing,3,TRUE,2,2,1,1,-1,4.5,1,1,1,1,2,2,1,2,0,0,0,0,2,0,90
4/24/2024 23:51,4/24/2024 23:54,4/24/2024 23:54,5c5346b553fba80001bc9662,0,Flat,4,TRUE,2,2,1,1,-1,4.5,1,1,1,1,1,0,0,0,0,2,2,1,2,1,95
4/24/2024 23:50,4/24/2024 23:55,4/24/2024 23:55,6550b7360295466f116b7b32,0,Flat,4,TRUE,2,1,1,-0,0,4,1,0,-1,0,0,1,0,1,1,2,2,1,2,0,60
4/24/2024 23:52,4/24/2024 23:55,4/24/2024 23:55,636548bb10bd3ccc25f4a194,1,Increasing,1,TRUE,-1,-1,-1,-1,1,2,-2,-1,-2,-1.6666666666666667,1,1,0,2,0,1,0,0,1,0,85
4/24/2024 23:52,4/24/2024 23:55,4/24/2024 23:55,5ba6658bad80560001dfb918,1,Increasing,1,TRUE,2,2,2,1,-1,4.75,2,1,1,1.3333333333333333,0,0,0,1,1,2,2,1,0,0,65
4/24/2024 23:54,4/24/2024 23:55,4/24/2024 23:55,66112bd293acb41880432781,1,Increasing,3,TRUE,2,2,1,1,-1,4.5,1,1,1,1,2,1,1,1,1,1,0,0,0,0,80
4/24/2024 23:54,4/24/2024 23:55,4/24/2024 23:55,572b912c3ab9df000dba9eef,1,Increasing,4,TRUE,1,2,1,1,-1,4.25,1,1,1,1,1,2,1,1,1,0,1,0,0,0,85
4/24/2024 23:51,4/24/2024 23:55,4/24/2024 23:55,6122a649efda7628c15054cf,1,Increasing,4,TRUE,2,1,1,2,-2,4.5,1,1,1,1,1,1,0,1,1,2,2,1,0,0,75
4/24/2024 23:53,4/24/2024 23:55,4/24/2024 23:55,5b75680d976ecb0001b11477,0,Flat,2,TRUE,-1,1,-1,-0,0,2.75,-1,-1,-1,-1,0,0,0,1,0,2,2,0,0,1,50
4/24/2024 23:54,4/24/2024 23:55,4/24/2024 23:55,6608c6d8e5f6d9302c0d9035,1,Increasing,4,TRUE,1,1,1,1,-1,4,1,1,1,1,1,2,0,0,0,0,2,1,2,1,100
4/24/2024 23:54,4/24/2024 23:56,4/24/2024 23:56,5cd70e7ee8b2070001bc91cb,1,Increasing,3,TRUE,2,2,2,2,-2,5,1,1,1,1,2,0,1,2,0,0,2,0,0,1,95
4/24/2024 23:55,4/24/2024 23:56,4/24/2024 23:56,6010e0dab98c814912076b27,1,Increasing,3,TRUE,2,2,2,2,-2,5,2,2,2,2,2,0,1,2,1,0,2,0,0,0,95
4/24/2024 23:54,4/24/2024 23:56,4/24/2024 23:56,64401b8dc61551f15637634b,0,Flat,0,TRUE,2,2,2,2,-2,5,1,1,1,1,0,0,1,2,0,1,2,0,0,1,100
4/24/2024 23:53,4/24/2024 23:56,4/24/2024 23:56,61113ad836a1f1b60f4c9389,0,Flat,1,TRUE,1,1,0,-0,0,3.5,-2,0,1,-0.3333333333333333,0,2,0,0,0,1,0,1,1,1,95
4/24/2024 23:54,4/24/2024 23:56,4/24/2024 23:56,65f0291c3911fa46e3bddb55,0,Flat,0,TRUE,1,1,1,1,-1,4,1,0,1,0.6666666666666666,0,0,0,0,1,1,1,1,1,0,90
4/24/2024 23:53,4/24/2024 23:57,4/24/2024 23:57,5d546368d39e340001e155c1,1,Increasing,4,TRUE,2,2,1,1,-1,4.5,1,0,1,0.6666666666666666,0,2,1,1,0,2,0,0,0,0,90
4/24/2024 23:55,4/24/2024 23:57,4/24/2024 23:57,5c609e77044f100001a4bcc7,0,Flat,2,TRUE,1,1,1,1,-1,4,0,1,0,0.3333333333333333,0,0,0,1,0,2,2,1,0,1,100
4/24/2024 23:54,4/24/2024 23:57,4/24/2024 23:57,65a7e34961fd2e2798ac3d26,1,Increasing,3,TRUE,2,2,2,2,-2,5,2,1,1,1.3333333333333333,1,2,0,2,1,2,1,1,0,0,100
4/24/2024 23:54,4/24/2024 23:57,4/24/2024 23:57,63d8966cb1c8fda2f6006864,0,Flat,0,TRUE,1,0,-1,-0,0,3,-1,-1,-1,-1,2,0,0,1,1,0,2,1,2,0,90
4/24/2024 23:56,4/24/2024 23:57,4/24/2024 23:57,65a68e46526514b6a3da0a10,0,Flat,4,TRUE,1,1,1,1,-1,4,1,0,1,0.6666666666666666,0,0,0,0,0,2,2,1,1,1,75
4/24/2024 23:54,4/24/2024 23:57,4/24/2024 23:57,5da6b2aca2860400146b8ace,1,Increasing,0,TRUE,2,2,2,2,-2,5,1,-1,2,0.6666666666666666,0,0,0,0,0,2,2,1,0,1,100
4/24/2024 23:55,4/24/2024 23:57,4/24/2024 23:57,6126441c9c8ec5ea6230ba17,0,Flat,4,TRUE,2,2,2,-1,1,4.25,1,1,1,1,1,0,0,1,0,2,2,1,0,1,95
4/24/2024 23:55,4/24/2024 23:57,4/24/2024 23:57,634693369430f49b0c4aced4,1,Increasing,4,TRUE,1,1,1,1,-1,4,0,1,1,0.6666666666666666,2,1,1,1,0,1,0,0,2,1,65
4/24/2024 23:56,4/24/2024 23:57,4/24/2024 23:57,6033aebb7228c70967a3ab43,1,Increasing,3,TRUE,1,2,0,-1,1,3.5,-1,-1,-1,-1,1,1,0,1,1,1,2,0,0,1,95
4/24/2024 23:54,4/24/2024 23:57,4/24/2024 23:57,637f8322729ade58ec7229ba,0,Flat,1,TRUE,2,2,2,2,-2,5,1,1,1,1,0,1,0,2,0,2,2,1,0,1,85
4/24/2024 23:55,4/24/2024 23:58,4/24/2024 23:58,5f3a7e7b3a55e009ff81175e,0,Flat,3,TRUE,1,1,1,1,-1,4,0,0,-1,-0.3333333333333333,1,0,0,2,0,2,1,1,1,1,75
4/24/2024 23:55,4/24/2024 23:58,4/24/2024 23:58,5d08e3676f5dfc0019d57a4c,0,Flat,3,TRUE,2,2,2,2,-2,5,1,1,1,1,2,0,0,2,0,1,2,1,0,1,85
4/24/2024 23:56,4/24/2024 23:58,4/24/2024 23:58,5b868b33f7b3ca0001d775c2,0,Flat,4,TRUE,1,1,1,-0,0,3.75,1,1,1,1,1,1,0,2,0,2,0,0,0,1,90
4/24/2024 23:54,4/24/2024 23:58,4/24/2024 23:58,616ebc50ab175a02f59084bb,1,Increasing,3,TRUE,1,2,2,2,-2,4.75,1,1,1,1,2,2,0,0,0,0,2,1,2,1,85
4/24/2024 23:56,4/24/2024 23:58,4/24/2024 23:58,5c5caabb4cc94200016a451e,0,Flat,2,TRUE,-2,-2,-2,2,-2,2,2,2,2,2,0,0,0,0,0,0,0,0,0,0,50
4/24/2024 23:56,4/24/2024 23:58,4/24/2024 23:58,60ec70718246abeababcc114,0,Flat,3,TRUE,-1,-1,-1,-1,1,2,-1,-1,-1,-1,0,0,1,1,1,1,2,0,2,0,70
4/24/2024 23:55,4/24/2024 23:58,4/24/2024 23:58,64a03b108e0e40294ba687cf,1,Increasing,2,TRUE,2,2,0,2,-2,4.5,2,2,2,2,0,2,1,2,0,0,1,1,0,1,85
4/24/2024 23:54,4/24/2024 23:58,4/24/2024 23:58,5ee918138ebaec11a52bb459,1,Increasing,2,TRUE,2,2,2,2,-2,5,2,2,2,2,2,2,0,1,1,1,0,1,0,0,85
4/24/2024 23:57,4/24/2024 23:58,4/24/2024 23:58,5e96185ae3d45508abe19a36,0,Flat,2,TRUE,2,2,2,2,-2,5,1,1,1,1,0,0,0,2,0,1,2,0,0,1,85
4/24/2024 23:55,4/24/2024 23:58,4/24/2024 23:58,615f0c2cab82bb38958bfd7f,1,Increasing,4,TRUE,2,2,2,2,-2,5,2,2,2,2,2,0,0,1,0,2,2,1,2,1,100
4/24/2024 23:56,4/24/2024 23:58,4/24/2024 23:58,5cd1a622fa7c8b0001a48044,0,Flat,1,TRUE,1,1,1,1,-1,4,1,1,1,1,0,0,1,1,0,2,2,0,2,1,85
4/24/2024 23:56,4/24/2024 23:58,4/24/2024 23:58,60241d8be372010009703f80,0,Flat,0,TRUE,-1,1,0,-0,0,3,1,-1,0,0,0,0,0,0,1,2,2,1,2,1,85
4/24/2024 23:54,4/24/2024 23:58,4/24/2024 23:58,5efcb50255a06b097b8d5d29,1,Increasing,1,TRUE,2,2,1,2,-2,4.75,1,1,0,0.6666666666666666,0,1,1,1,0,1,0,0,0,1,80
4/24/2024 23:56,4/24/2024 23:58,4/24/2024 23:58,62a71f84d2f2f15e6cefae40,0,Flat,1,TRUE,1,2,0,-1,1,3.5,1,1,-1,0.3333333333333333,1,0,1,1,0,1,2,1,0,1,85
4/24/2024 23:57,4/24/2024 23:58,4/24/2024 23:58,595e7974af78da0001a21c3a,1,Increasing,0,TRUE,2,2,1,2,-2,4.75,1,1,2,1.3333333333333333,0,1,0,1,1,2,2,1,0,0,100
4/24/2024 23:52,4/24/2024 23:59,4/24/2024 23:59,5c617b872026f300018082d1,1,Increasing,0,TRUE,2,2,2,2,-2,5,2,1,1,1.3333333333333333,1,0,1,1,1,2,2,0,0,1,85
4/24/2024 23:57,4/24/2024 23:59,4/24/2024 23:59,60a56db43083c0ff59dded00,0,Flat,4,TRUE,1,1,1,1,-1,4,1,1,1,1,0,2,1,1,0,2,0,1,2,1,60
4/24/2024 23:55,4/24/2024 23:59,4/24/2024 23:59,60fda785ba353da3e8c16df7,0,Flat,2,TRUE,1,2,1,1,-1,4.25,1,0,-1,0,0,0,0,2,1,1,0,0,0,0,100
4/24/2024 23:56,4/24/2024 23:59,4/24/2024 23:59,63d5624d4f5f004787f5680e,0,Flat,4,TRUE,1,2,1,1,-1,4.25,1,1,1,1,0,1,0,1,1,2,2,1,0,0,85
4/24/2024 23:55,4/24/2024 23:59,4/24/2024 23:59,659ada02ac94d554396360f9,0,Flat,4,TRUE,2,1,2,2,-2,4.75,1,2,2,1.6666666666666667,2,0,0,2,0,1,2,1,0,1,100
4/24/2024 23:58,4/24/2024 23:59,4/24/2024 23:59,5bc1f23763221a00019fe607,1,Increasing,0,TRUE,2,2,1,1,-1,4.5,2,1,1,1.3333333333333333,0,0,1,2,0,1,1,0,0,1,85
4/24/2024 23:58,4/25/2024 0:00,4/25/2024 0:00,66296835c463e433fd2611f6,1,Increasing,0,TRUE,1,2,2,2,-2,4.75,2,2,2,2,2,1,0,1,0,0,0,1,1,0,90
4/24/2024 23:57,4/25/2024 0:00,4/25/2024 0:00,5982ffdb06cd1f0001f8dda6,0,Flat,0,TRUE,2,2,2,2,-2,5,1,1,1,1,0,1,0,1,0,2,2,1,0,1,95
4/24/2024 23:58,4/25/2024 0:00,4/25/2024 0:00,595d3afcdd044900012ce78a,0,Flat,1,TRUE,1,2,1,2,-2,4.5,1,1,1,1,0,0,0,2,1,1,2,1,0,0,95
4/24/2024 23:57,4/25/2024 0:00,4/25/2024 0:00,5e7cd24ec2ca3306c380b2e1,1,Increasing,4,TRUE,2,2,2,2,-2,5,2,2,2,2,2,1,0,1,0,1,2,1,0,1,100
4/24/2024 23:58,4/25/2024 0:00,4/25/2024 0:00,5e9c46d915d7e7164112c649,1,Increasing,1,TRUE,2,2,2,2,-2,5,1,1,0,0.6666666666666666,2,1,0,1,0,1,2,1,0,1,85
4/24/2024 23:58,4/25/2024 0:00,4/25/2024 0:00,63039f41fa5c21d483996be2,1,Increasing,0,TRUE,2,2,2,2,-2,5,2,2,2,2,2,2,0,2,0,0,0,1,0,1,100
4/24/2024 23:57,4/25/2024 0:00,4/25/2024 0:00,5f7b3e3d831aa60b4c16d6d7,0,Flat,0,TRUE,1,1,1,1,-1,4,1,1,1,1,1,1,0,1,0,0,0,1,0,1,85
4/24/2024 23:59,4/25/2024 0:00,4/25/2024 0:00,5ef40a3ceb5b661c164551c4,0,Flat,3,TRUE,1,1,1,1,-1,4,1,1,1,1,2,0,0,1,0,1,1,1,0,1,70
4/24/2024 23:58,4/25/2024 0:01,4/25/2024 0:01,609ead232ea62ae4a66e760c,1,Increasing,1,TRUE,1,1,2,2,-2,4.5,1,1,1,1,1,0,0,1,0,2,2,1,0,1,85
4/24/2024 23:59,4/25/2024 0:01,4/25/2024 0:01,5bc0b1bb63cb210001cf55ba,0,Flat,2,TRUE,2,2,1,2,-2,4.75,1,1,1,1,0,0,0,2,0,2,1,1,0,1,85
4/24/2024 23:59,4/25/2024 0:01,4/25/2024 0:01,5a52961c76d1c60001aaafa7,0,Flat,4,TRUE,2,1,1,1,-1,4.25,1,1,1,1,0,0,0,0,0,2,2,1,1,1,70
4/24/2024 23:58,4/25/2024 0:01,4/25/2024 0:01,613e495d5991ed54f860fe9d,0,Flat,0,TRUE,1,2,-1,-1,1,3.25,1,1,1,1,1,2,1,1,1,0,0,0,2,0,100
4/24/2024 23:58,4/25/2024 0:01,4/25/2024 0:01,5a46cc1f817d1800018d1b67,0,Flat,4,TRUE,2,2,2,2,-2,5,1,1,1,1,2,2,0,1,0,1,0,1,0,1,100
4/24/2024 23:57,4/25/2024 0:01,4/25/2024 0:01,5c60571b0112a60001a2b034,0,Flat,1,TRUE,2,2,2,2,-2,5,1,1,1,1,1,1,0,1,0,2,0,0,0,0,90
4/24/2024 23:57,4/25/2024 0:01,4/25/2024 0:01,66150c54bb1306f316893368,0,Flat,2,TRUE,2,2,2,2,-2,5,2,1,1,1.3333333333333333,0,0,0,1,0,1,1,1,2,1,90
4/24/2024 23:59,4/25/2024 0:01,4/25/2024 0:01,5b9e90661641f90001d857ff,0,Flat,1,TRUE,2,2,1,2,-2,4.75,1,1,1,1,1,0,0,0,0,2,2,1,1,1,80
4/24/2024 23:59,4/25/2024 0:01,4/25/2024 0:01,65e08ec9bc7091341c78ded8,0,Flat,2,TRUE,1,1,-1,1,-1,3.5,-1,-1,-1,-1,0,0,1,1,1,2,2,1,0,0,70
4/24/2024 23:57,4/25/2024 0:01,4/25/2024 0:01,61115c17d75288988478680d,0,Flat,0,TRUE,1,1,1,-1,1,3.5,0,0,-1,-0.3333333333333333,0,0,0,1,1,1,1,1,2,0,85
4/24/2024 23:59,4/25/2024 0:01,4/25/2024 0:01,5ae1e99638df950001454b0e,0,Flat,0,TRUE,1,1,0,-1,1,3.25,0,1,1,0.6666666666666666,1,0,0,1,1,2,2,1,0,0,95
4/24/2024 23:59,4/25/2024 0:02,4/25/2024 0:02,5adef952f6b58c0001fa755b,1,Increasing,4,TRUE,1,1,1,1,-1,4,0,0,1,0.3333333333333333,2,2,0,2,0,1,0,0,0,0,70
4/24/2024 23:55,4/25/2024 0:02,4/25/2024 0:02,5e14f72f557425b04528df9a,0,Flat,1,TRUE,1,1,1,1,-1,4,1,1,1,1,2,0,0,0,1,1,2,1,1,0,100
4/24/2024 23:59,4/25/2024 0:02,4/25/2024 0:02,5f0e0f586b19351132514f4d,0,Flat,3,TRUE,2,2,2,2,-2,5,1,1,0,0.6666666666666666,0,0,1,1,1,2,1,0,2,0,70
4/25/2024 0:00,4/25/2024 0:02,4/25/2024 0:02,5ccf41c9bd0d3e001593ce92,1,Increasing,3,TRUE,2,2,2,2,-2,5,1,1,2,1.3333333333333333,2,1,0,2,1,0,0,1,0,0,100
4/25/2024 0:01,4/25/2024 0:02,4/25/2024 0:02,61fa936e5719bc09cb834cbe,0,Flat,4,TRUE,2,1,1,-1,1,3.75,-1,-1,-1,-1,0,0,0,0,0,1,2,1,2,1,80
4/25/2024 0:01,4/25/2024 0:02,4/25/2024 0:02,5973751522e11b0001f3edf3,0,Flat,2,TRUE,2,0,1,1,-1,4,0,0,0,0,0,0,0,0,0,2,2,1,1,1,80
4/25/2024 0:01,4/25/2024 0:02,4/25/2024 0:02,63da39331b43547d3a71dc77,1,Increasing,1,TRUE,2,2,2,1,-1,4.75,1,1,1,1,0,1,0,1,1,2,2,1,2,1,80
4/25/2024 0:01,4/25/2024 0:03,4/25/2024 0:03,659837b1f90f267591820ae4,0,Flat,2,TRUE,-2,-2,-1,-2,2,1.25,-1,-1,-1,-1,0,0,0,1,0,2,2,1,0,1,80
4/24/2024 23:58,4/25/2024 0:03,4/25/2024 0:03,65de30b34b701c678a13c75b,1,Increasing,0,TRUE,2,2,2,2,-2,5,2,2,2,2,0,0,0,1,1,2,2,1,2,0,70
4/25/2024 0:01,4/25/2024 0:03,4/25/2024 0:03,57754d57ca706f000190eaf1,1,Increasing,2,TRUE,2,2,1,2,-2,4.75,1,1,1,1,2,2,1,2,0,0,0,0,0,1,95
4/25/2024 0:02,4/25/2024 0:03,4/25/2024 0:03,5d1b5bb2e24a990001f3247d,1,Increasing,0,TRUE,1,1,1,1,-1,4,1,1,1,1,2,2,1,1,1,0,0,0,0,0,100
4/25/2024 0:01,4/25/2024 0:03,4/25/2024 0:03,5fd21274613f3b25add257d5,0,Flat,0,TRUE,2,2,1,2,-2,4.75,1,1,0,0.6666666666666666,1,1,0,1,0,2,2,1,0,1,85
4/25/2024 0:01,4/25/2024 0:03,4/25/2024 0:03,65b3c4568eff49e5a76269da,1,Increasing,4,TRUE,2,2,1,1,-1,4.5,1,1,1,1,0,1,0,0,1,2,0,1,2,0,70
4/25/2024 0:00,4/25/2024 0:03,4/25/2024 0:03,65e06828f8952ed833dbb0f8,0,Flat,3,TRUE,2,2,2,2,-2,5,2,1,1,1.3333333333333333,2,1,0,1,1,0,2,1,0,0,75
4/24/2024 23:59,4/25/2024 0:03,4/25/2024 0:03,647f87dfe5161fce9adc1b97,1,Increasing,4,TRUE,2,1,2,1,-1,4.5,2,1,1,1.3333333333333333,1,1,0,1,0,2,2,1,0,0,85
4/24/2024 23:59,4/25/2024 0:03,4/25/2024 0:03,62b5fea64b239d91783414ff,0,Flat,2,TRUE,0,0,0,-0,0,3,0,0,0,0,0,0,1,1,1,2,1,1,2,0,50
4/25/2024 0:01,4/25/2024 0:04,4/25/2024 0:04,5e909d9ac9ce2503b2650797,1,Increasing,4,TRUE,2,1,0,1,-1,4,1,0,0,0.3333333333333333,0,0,0,1,0,1,2,1,0,1,85
4/25/2024 0:02,4/25/2024 0:04,4/25/2024 0:04,5d62e42406ed5a001a2084f3,1,Increasing,4,TRUE,1,1,1,1,-1,4,1,1,0,0.6666666666666666,0,0,1,1,0,1,1,0,0,1,85
4/25/2024 0:02,4/25/2024 0:04,4/25/2024 0:04,63d79eee3050f200940fd28d,0,Flat,0,TRUE,1,1,1,1,-1,4,1,1,1,1,1,0,1,1,0,2,2,0,0,1,100
4/25/2024 0:00,4/25/2024 0:04,4/25/2024 0:04,5c5d36bc034e280001644c3b,0,Flat,2,TRUE,1,1,1,1,-1,4,1,1,1,1,0,0,0,1,0,2,2,1,1,0,50
4/25/2024 0:03,4/25/2024 0:04,4/25/2024 0:04,60ffab237175046262b2c88f,0,Flat,0,TRUE,1,2,1,1,-1,4.25,1,0,1,0.6666666666666666,1,2,1,1,0,2,0,0,2,1,80
4/25/2024 0:01,4/25/2024 0:04,4/25/2024 0:04,65c656902030452cad69ec42,1,Increasing,1,TRUE,2,2,2,2,-2,5,2,1,1,1.3333333333333333,1,2,1,2,0,0,0,0,0,1,95
4/25/2024 0:03,4/25/2024 0:04,4/25/2024 0:04,5a8ad2082a842c0001fce0f2,0,Flat,3,TRUE,2,1,1,2,-2,4.5,1,1,1,1,0,0,0,2,0,1,2,1,0,1,95
4/25/2024 0:02,4/25/2024 0:04,4/25/2024 0:04,5a496776f7b7bc00014e1150,1,Increasing,0,TRUE,1,2,2,2,-2,4.75,1,1,0,0.6666666666666666,1,2,1,1,1,2,0,0,2,0,70
4/25/2024 0:02,4/25/2024 0:04,4/25/2024 0:04,6137e32367aae15b0156bd7e,0,Flat,3,TRUE,2,2,1,2,-2,4.75,1,1,1,1,0,1,0,0,0,2,0,1,1,0,80
4/24/2024 23:55,4/25/2024 0:04,4/25/2024 0:04,5cc4969c3b1b1c0018f9da36,0,Flat,1,TRUE,2,1,1,-2,2,3.5,0,0,1,0.3333333333333333,1,1,0,1,0,2,2,1,2,1,90
4/25/2024 0:02,4/25/2024 0:04,4/25/2024 0:04,63cffdbf780f8b199748645b,1,Increasing,1,TRUE,2,2,2,2,-2,5,1,1,1,1,2,2,0,1,1,0,0,0,0,0,90
4/25/2024 0:03,4/25/2024 0:04,4/25/2024 0:04,5da09f733c3367001a72dec6,0,Flat,4,TRUE,1,1,1,-0,0,3.75,1,1,1,1,0,0,1,1,0,2,2,0,0,1,90
4/25/2024 0:02,4/25/2024 0:05,4/25/2024 0:05,5992f3b9004c4f0001cc81ac,1,Increasing,2,TRUE,2,2,2,2,-2,5,1,1,1,1,2,2,1,2,0,1,1,0,1,1,100
4/25/2024 0:02,4/25/2024 0:05,4/25/2024 0:05,63b3377ca1ccdfc7cc567503,1,Increasing,3,TRUE,2,2,2,-0,0,4.5,2,1,1,1.3333333333333333,0,1,1,1,0,1,2,1,0,1,90
4/25/2024 0:01,4/25/2024 0:05,4/25/2024 0:05,5fa8030f008edf5d07a3ab8b,0,Flat,4,TRUE,2,2,1,2,-2,4.75,0,1,-1,0,0,2,0,1,0,2,0,1,0,1,85
4/25/2024 0:02,4/25/2024 0:05,4/25/2024 0:05,5ee0a3bc2f43f70568e950a3,0,Flat,4,TRUE,1,1,1,1,-1,4,1,1,1,1,0,2,0,1,1,1,2,1,0,0,75
4/25/2024 0:02,4/25/2024 0:05,4/25/2024 0:05,6542617070afd2731d6bd018,1,Increasing,4,TRUE,2,2,2,2,-2,5,1,2,2,1.6666666666666667,2,0,0,0,1,0,2,1,1,0,90
4/25/2024 0:03,4/25/2024 0:05,4/25/2024 0:05,57c975a8648ff40001666439,1,Increasing,2,TRUE,2,2,2,2,-2,5,1,1,1,1,2,1,0,1,0,1,2,1,0,1,85
4/25/2024 0:02,4/25/2024 0:05,4/25/2024 0:05,60bf7a684146647df3cfecf4,0,Flat,4,TRUE,2,2,2,2,-2,5,1,1,1,1,1,0,0,2,1,2,2,1,0,0,65
4/25/2024 0:03,4/25/2024 0:05,4/25/2024 0:05,66293e32ed9df06f4c46a69b,1,Increasing,3,TRUE,2,2,2,2,-2,5,2,1,2,1.6666666666666667,2,2,0,2,0,0,2,1,0,1,85
4/25/2024 0:03,4/25/2024 0:05,4/25/2024 0:05,66297a5ec5162507298c00e8,0,Flat,3,TRUE,2,2,1,2,-2,4.75,1,1,1,1,0,0,1,1,0,1,2,0,0,1,95
4/25/2024 0:02,4/25/2024 0:05,4/25/2024 0:05,6629598876266c6b82f285f1,0,Flat,0,TRUE,1,1,0,-0,0,3.5,1,1,1,1,1,0,0,2,0,0,0,0,0,1,80
4/25/2024 0:03,4/25/2024 0:06,4/25/2024 0:06,55e1ea6dac274f0012e95ab7,0,Flat,4,TRUE,1,1,1,1,-1,4,-1,-1,-1,-1,0,0,0,1,0,2,2,1,0,1,80
4/25/2024 0:02,4/25/2024 0:06,4/25/2024 0:06,5f1c2ebf1d8b7c48ad3ec3db,1,Increasing,3,TRUE,2,2,2,2,-2,5,2,2,2,2,2,0,1,0,0,0,1,1,0,1,75
4/25/2024 0:02,4/25/2024 0:06,4/25/2024 0:06,60e845f301f5a5901200baf4,0,Flat,0,TRUE,1,0,0,-1,1,3,1,1,1,1,1,1,0,1,0,2,2,1,2,1,80
4/25/2024 0:03,4/25/2024 0:06,4/25/2024 0:06,5b68c9eb87af310001584803,0,Flat,0,TRUE,1,2,1,1,-1,4.25,1,1,2,1.3333333333333333,0,0,0,1,0,2,2,1,0,1,65
4/25/2024 0:05,4/25/2024 0:06,4/25/2024 0:06,58497529bd87380001552f71,1,Increasing,2,TRUE,2,2,2,1,-1,4.75,1,1,1,1,1,1,1,1,0,2,0,0,0,1,85
4/25/2024 0:03,4/25/2024 0:06,4/25/2024 0:06,63d46d8a90e399cfb7d022a5,1,Increasing,4,TRUE,2,2,2,2,-2,5,2,2,2,2,2,0,1,2,0,1,1,0,0,1,85
4/25/2024 0:04,4/25/2024 0:06,4/25/2024 0:06,662941283d9839356784b96a,1,Increasing,0,TRUE,2,2,2,2,-2,5,2,2,2,2,1,0,0,1,0,0,2,1,0,1,100
4/25/2024 0:03,4/25/2024 0:06,4/25/2024 0:06,5ee4c4b42c280d1cd26cfe3d,0,Flat,0,TRUE,1,1,1,-0,0,3.75,0,0,-1,-0.3333333333333333,1,0,0,1,0,2,2,1,0,1,80
4/24/2024 23:57,4/25/2024 0:06,4/25/2024 0:06,65b3c1c066f67784312a946b,0,Flat,3,TRUE,1,1,-1,-1,1,3,-1,-1,-1,-1,1,1,0,1,0,0,1,1,1,0,60
4/25/2024 0:05,4/25/2024 0:06,4/25/2024 0:06,5a4aaa1866e7880001de64be,1,Increasing,3,TRUE,2,1,2,2,-2,4.75,1,1,1,1,2,1,0,2,0,1,2,1,0,1,85
4/25/2024 0:04,4/25/2024 0:06,4/25/2024 0:06,60919018ce223dc3906d7a7e,1,Increasing,2,TRUE,2,2,2,2,-2,5,2,2,2,2,2,2,1,1,0,0,0,0,0,1,95
4/25/2024 0:04,4/25/2024 0:06,4/25/2024 0:06,627e76bb2480c4afd9c52715,0,Flat,4,TRUE,2,2,1,2,-2,4.75,1,1,-1,0.3333333333333333,0,1,0,0,1,1,0,1,1,0,75
4/25/2024 0:04,4/25/2024 0:06,4/25/2024 0:06,5810dfccaba80400016f13ea,1,Increasing,3,TRUE,1,1,1,1,-1,4,2,1,2,1.6666666666666667,2,2,0,2,0,0,0,1,0,1,95
4/25/2024 0:04,4/25/2024 0:07,4/25/2024 0:07,5ba0181462e04c0001f76d2b,1,Increasing,0,TRUE,2,2,2,2,-2,5,1,1,1,1,2,2,0,1,1,0,0,1,0,0,85
4/25/2024 0:04,4/25/2024 0:07,4/25/2024 0:07,62c97799bd8ab72a531abde0,1,Increasing,2,TRUE,2,2,2,2,-2,5,-1,0,-1,-0.6666666666666666,2,0,1,1,0,0,2,0,0,1,100
4/25/2024 0:03,4/25/2024 0:07,4/25/2024 0:07,574b73a65e5491000e3c5470,0,Flat,0,TRUE,1,2,1,1,-1,4.25,1,1,0,0.6666666666666666,1,1,0,1,0,2,2,1,0,1,90
4/25/2024 0:05,4/25/2024 0:07,4/25/2024 0:07,6056ce526d44926aef7c906f,1,Increasing,0,TRUE,2,2,2,2,-2,5,2,2,2,2,2,2,0,2,0,1,0,1,0,1,90
4/25/2024 0:05,4/25/2024 0:07,4/25/2024 0:07,5cafc17ace1fa80017a20d6b,1,Increasing,0,TRUE,1,1,1,1,-1,4,1,1,1,1,1,0,1,2,1,0,2,0,1,0,90
4/25/2024 0:05,4/25/2024 0:07,4/25/2024 0:07,5ab87be55cd105000161a5a8,0,Flat,0,TRUE,2,2,2,2,-2,5,2,2,1,1.6666666666666667,1,0,0,1,0,2,2,1,0,1,100
4/25/2024 0:05,4/25/2024 0:07,4/25/2024 0:07,607e6b63e4ede68b0f1778ad,1,Increasing,3,TRUE,2,1,1,1,-1,4.25,1,1,1,1,2,2,0,1,1,0,2,1,0,0,85
4/25/2024 0:06,4/25/2024 0:07,4/25/2024 0:07,56f1aced99423f000c9d8897,0,Flat,1,TRUE,1,1,1,-1,1,3.5,1,0,0,0.3333333333333333,2,0,0,2,0,0,2,1,0,1,85
4/25/2024 0:05,4/25/2024 0:07,4/25/2024 0:07,5d9ca4eff93dba0013e68c11,0,Flat,0,TRUE,2,2,2,2,-2,5,1,1,1,1,1,1,0,1,1,2,0,1,0,0,95
4/25/2024 0:05,4/25/2024 0:07,4/25/2024 0:07,6087dd9f8bd2ba7a4217314f,0,Flat,1,TRUE,2,1,1,1,-1,4.25,2,1,1,1.3333333333333333,2,1,0,1,0,1,2,1,2,1,70
4/25/2024 0:06,4/25/2024 0:07,4/25/2024 0:07,5e88fe6f9fb1af0009d1294a,1,Increasing,0,TRUE,2,2,1,1,-1,4.5,1,1,1,1,1,1,1,2,0,0,0,0,0,0,90
4/25/2024 0:04,4/25/2024 0:08,4/25/2024 0:08,656897caca89afd234ccf730,1,Increasing,4,TRUE,1,2,0,-1,1,3.5,0,1,1,0.6666666666666666,1,0,0,2,0,0,2,1,0,1,90
4/25/2024 0:04,4/25/2024 0:08,4/25/2024 0:08,65bba50f57f05c7489082a7e,0,Flat,3,TRUE,2,2,2,2,-2,5,1,0,1,0.6666666666666666,1,1,0,1,0,2,0,1,2,1,90
4/25/2024 0:06,4/25/2024 0:08,4/25/2024 0:08,54f4e2d1fdf99b4e913fdf01,0,Flat,0,TRUE,1,1,1,1,-1,4,1,1,0,0.6666666666666666,1,1,0,1,0,2,2,1,2,1,100
4/25/2024 0:05,4/25/2024 0:08,4/25/2024 0:08,6445b13023ac3b3eb202881f,0,Flat,1,TRUE,-2,-2,2,1,-1,2.75,-2,1,-2,-1,0,0,0,0,0,2,2,1,2,1,75
4/25/2024 0:07,4/25/2024 0:08,4/25/2024 0:08,65a3e928f0287bdcaf292d7d,1,Increasing,2,TRUE,2,2,2,2,-2,5,2,2,2,2,1,0,0,0,0,2,2,1,2,1,100
4/25/2024 0:07,4/25/2024 0:08,4/25/2024 0:08,5ec267e5d4cb3e02f37e3ea0,1,Increasing,3,TRUE,2,2,0,-0,0,4,0,0,0,0,2,0,0,1,0,2,2,1,0,1,75
4/25/2024 0:06,4/25/2024 0:08,4/25/2024 0:08,57f08d467f43070001c3a606,0,Flat,2,TRUE,2,2,2,2,-2,5,2,2,2,2,0,1,0,1,0,2,2,1,0,0,100
4/25/2024 0:06,4/25/2024 0:08,4/25/2024 0:08,652be9f9d752bd810dc7d243,1,Increasing,1,TRUE,1,1,0,1,-1,3.75,1,1,1,1,2,2,1,1,0,0,0,0,0,1,90
4/25/2024 0:07,4/25/2024 0:08,4/25/2024 0:08,61fa945e5719bc09cb834f15,0,Flat,4,TRUE,2,2,1,1,-1,4.5,1,1,1,1,1,0,0,0,1,2,2,1,0,0,80
4/25/2024 0:07,4/25/2024 0:08,4/25/2024 0:08,5e426dbfbc27ad10220a4cb3,0,Flat,0,TRUE,1,1,0,-0,0,3.5,1,1,1,1,1,0,1,1,0,2,2,0,0,1,90
4/25/2024 0:03,4/25/2024 0:08,4/25/2024 0:08,5ace82e135eccf0001a11c96,1,Increasing,4,TRUE,2,2,2,2,-2,5,2,2,2,2,2,2,1,2,1,0,0,0,0,0,85
4/25/2024 0:07,4/25/2024 0:09,4/25/2024 0:09,642d3dfffb72e4b748b211fd,0,Flat,3,TRUE,2,2,2,2,-2,5,1,1,1,1,1,1,0,0,0,0,1,0,1,0,95
4/25/2024 0:05,4/25/2024 0:09,4/25/2024 0:09,60af9bae67a5ae86b0c4bd68,0,Flat,0,TRUE,1,1,1,1,-1,4,1,1,1,1,2,0,0,1,0,0,2,1,0,1,70
4/25/2024 0:05,4/25/2024 0:09,4/25/2024 0:09,5fb835372b02f05267811822,1,Increasing,3,TRUE,1,2,2,2,-2,4.75,1,1,1,1,1,0,0,2,0,0,2,0,0,1,100
4/25/2024 0:06,4/25/2024 0:09,4/25/2024 0:09,65ad38a1b4da5762a8907fe5,0,Flat,3,TRUE,2,2,2,1,-1,4.75,1,1,1,1,2,0,0,1,0,1,2,1,0,1,95
4/25/2024 0:07,4/25/2024 0:09,4/25/2024 0:09,5c18c5e2dd82cf00013549b4,1,Increasing,1,TRUE,1,1,1,1,-1,4,1,0,1,0.6666666666666666,1,1,0,1,0,2,2,1,0,1,90
4/25/2024 0:07,4/25/2024 0:09,4/25/2024 0:09,5c1d232074ad0b0001531eea,1,Increasing,2,TRUE,2,2,1,2,-2,4.75,1,-1,-1,-0.3333333333333333,0,1,0,2,0,1,1,1,0,0,90
4/25/2024 0:06,4/25/2024 0:09,4/25/2024 0:09,61479ed0d0f07687537f23a5,1,Increasing,0,TRUE,2,1,1,1,-1,4.25,0,1,0,0.3333333333333333,1,1,1,1,0,0,0,0,0,1,75
4/25/2024 0:07,4/25/2024 0:09,4/25/2024 0:09,59d4fb316cc82800013e32d3,0,Flat,3,TRUE,2,2,1,1,-1,4.5,1,1,1,1,2,0,0,1,0,1,2,1,2,0,80
4/25/2024 0:06,4/25/2024 0:09,4/25/2024 0:09,5f2c2b2e4d46190913d07955,1,Increasing,1,TRUE,2,2,1,2,-2,4.75,2,2,2,2,2,1,0,1,0,0,2,1,0,1,85
4/25/2024 0:07,4/25/2024 0:09,4/25/2024 0:09,6629478c6ce273dfb1ae8a53,0,Flat,2,TRUE,2,1,1,-0,0,4,1,1,1,1,0,1,1,1,0,1,0,0,0,1,85
4/25/2024 0:08,4/25/2024 0:10,4/25/2024 0:10,6367a6adb376bcde64f98559,1,Increasing,2,TRUE,2,2,1,1,-1,4.5,1,1,1,1,2,2,1,1,0,0,0,0,2,1,100
4/25/2024 0:08,4/25/2024 0:10,4/25/2024 0:10,660a670d8bd881c603b01082,0,Flat,1,TRUE,1,1,1,1,-1,4,0,-1,-1,-0.6666666666666666,0,0,0,0,0,2,2,1,1,1,100
4/25/2024 0:06,4/25/2024 0:10,4/25/2024 0:10,60b7c64c7288ae3ffb2e234c,1,Increasing,0,TRUE,2,1,1,1,-1,4.25,1,1,0,0.6666666666666666,2,0,1,1,1,0,2,0,0,0,90
4/25/2024 0:08,4/25/2024 0:10,4/25/2024 0:10,661f84bf573acf3a4825c023,0,Flat,0,TRUE,2,2,2,2,-2,5,2,2,2,2,0,0,0,1,0,2,2,1,0,1,70
4/25/2024 0:08,4/25/2024 0:10,4/25/2024 0:10,65c14027646a9bbfa89584c8,0,Flat,0,TRUE,2,2,0,1,-1,4.25,1,1,1,1,2,1,1,1,1,0,2,0,2,0,100
4/25/2024 0:05,4/25/2024 0:10,4/25/2024 0:10,60ebbdd7a4f2acdb9a9769e5,1,Increasing,1,TRUE,2,2,2,2,-2,5,1,1,1,1,2,0,1,2,1,0,2,0,0,0,95
4/25/2024 0:09,4/25/2024 0:10,4/25/2024 0:10,62962018b1bef67edfd5718e,1,Increasing,1,TRUE,2,2,2,2,-2,5,2,2,2,2,2,1,1,1,0,0,0,0,0,0,100
4/25/2024 0:09,4/25/2024 0:11,4/25/2024 0:11,63ed0d97a93096d3dbfe8a3f,1,Increasing,4,TRUE,1,1,1,1,-1,4,1,1,1,1,1,1,1,1,0,0,0,0,0,0,85
4/25/2024 0:09,4/25/2024 0:11,4/25/2024 0:11,62d138e361857aef127c9e8b,0,Flat,4,TRUE,2,2,2,1,-1,4.75,2,2,2,2,1,1,0,1,0,2,2,1,0,1,95
4/25/2024 0:09,4/25/2024 0:11,4/25/2024 0:11,65cc15c070acf45f0b89b8a9,1,Increasing,4,TRUE,1,2,1,-0,0,4,1,1,1,1,0,0,0,2,0,1,2,1,0,1,95
4/25/2024 0:09,4/25/2024 0:11,4/25/2024 0:11,662958669e94db4e055ef422,0,Flat,4,TRUE,2,2,2,2,-2,5,2,2,2,2,1,0,0,2,0,2,2,1,1,1,90
4/25/2024 0:09,4/25/2024 0:11,4/25/2024 0:11,5eaadc0a7adeb404eea9c3c0,1,Increasing,2,TRUE,2,2,2,2,-2,5,1,1,1,1,1,1,0,1,0,0,2,1,0,1,90
4/25/2024 0:10,4/25/2024 0:11,4/25/2024 0:11,5ea047d315537303f1e60ef9,1,Increasing,4,TRUE,2,1,2,2,-2,4.75,1,1,1,1,0,0,0,1,0,2,2,1,0,1,55
4/25/2024 0:09,4/25/2024 0:11,4/25/2024 0:11,64136457f1327294ffb3fef9,1,Increasing,2,TRUE,2,2,2,2,-2,5,2,2,2,2,0,2,0,2,0,2,0,1,0,1,95
4/25/2024 0:10,4/25/2024 0:11,4/25/2024 0:11,5dc161a2ce6a9d0cf9814d5b,0,Flat,4,TRUE,2,1,1,-0,0,4,1,1,1,1,2,0,0,1,0,1,2,0,0,0,90
4/25/2024 0:08,4/25/2024 0:11,4/25/2024 0:11,5bc690392885710001a0bb76,0,Flat,4,TRUE,2,1,2,1,-1,4.5,1,1,1,1,0,0,0,1,0,2,2,1,0,1,75
4/25/2024 0:08,4/25/2024 0:11,4/25/2024 0:11,5a1980eb5d06850001b00d84,1,Increasing,1,TRUE,2,0,1,-0,0,3.75,1,0,1,0.6666666666666666,1,0,0,1,0,0,1,0,0,1,85
4/25/2024 0:08,4/25/2024 0:11,4/25/2024 0:11,5ead61a2df23cb3ff64ed751,0,Flat,4,TRUE,2,2,2,2,-2,5,1,1,0,0.6666666666666666,1,0,0,0,1,2,2,1,0,0,90
4/25/2024 0:10,4/25/2024 0:11,4/25/2024 0:11,5c79211f477abb00168f7f72,1,Increasing,0,TRUE,1,1,2,1,-1,4.25,1,1,1,1,0,0,1,1,1,1,2,0,0,0,85
4/25/2024 0:09,4/25/2024 0:11,4/25/2024 0:11,654170f6b0b43e68a832928f,0,Flat,2,TRUE,2,2,2,2,-2,5,1,1,1,1,0,0,0,2,0,1,2,1,0,1,95
4/25/2024 0:10,4/25/2024 0:11,4/25/2024 0:11,5f43f7980ce1236cd3d256e5,1,Increasing,3,TRUE,2,2,2,2,-2,5,1,1,1,1,2,2,1,1,0,0,0,0,0,1,75
4/25/2024 0:10,4/25/2024 0:12,4/25/2024 0:12,5d0fc2558cf933001663c77b,0,Flat,0,TRUE,1,1,1,1,-1,4,1,1,1,1,1,1,0,1,0,0,0,1,0,1,85
4/25/2024 0:09,4/25/2024 0:12,4/25/2024 0:12,5dd05d80b2204f1487f7812c,1,Increasing,2,TRUE,2,1,2,2,-2,4.75,0,-1,-1,-0.6666666666666666,1,1,0,1,0,2,2,1,2,1,85
4/25/2024 0:10,4/25/2024 0:12,4/25/2024 0:12,5b9e9390864aa900018eb8f0,0,Flat,1,TRUE,1,1,0,1,-1,3.75,1,0,1,0.6666666666666666,1,0,1,2,1,2,2,0,0,0,70
4/25/2024 0:09,4/25/2024 0:12,4/25/2024 0:12,58a0e48c3968420001373e77,1,Increasing,0,TRUE,1,2,1,2,-2,4.5,1,1,1,1,2,0,0,2,0,1,0,0,1,1,95
4/25/2024 0:11,4/25/2024 0:12,4/25/2024 0:12,56fe5e95e0f9ff000f19e040,1,Increasing,3,TRUE,2,2,2,2,-2,5,1,2,1,1.3333333333333333,0,0,1,1,0,1,2,0,2,0,95
4/25/2024 0:11,4/25/2024 0:12,4/25/2024 0:12,5e7d790c0d34ae3fef75c74e,0,Flat,4,TRUE,2,1,2,-0,0,4.25,-1,1,-1,-0.3333333333333333,2,1,1,1,0,1,2,0,0,0,85
4/25/2024 0:10,4/25/2024 0:12,4/25/2024 0:12,62c5d77b4eacc0065ba43fe7,0,Flat,1,TRUE,2,1,1,1,-1,4.25,1,2,2,1.6666666666666667,0,0,1,1,0,2,2,1,2,1,85
4/25/2024 0:07,4/25/2024 0:13,4/25/2024 0:13,570570eb61ab6a0010d484d0,1,Increasing,4,TRUE,2,2,1,1,-1,4.5,1,1,1,1,2,0,0,1,0,1,2,1,2,1,90
4/25/2024 0:12,4/25/2024 0:13,4/25/2024 0:13,60ce098bcb083fa9958aa4e8,1,Increasing,0,TRUE,1,2,0,1,-1,4,0,1,1,0.6666666666666666,0,1,0,2,1,2,0,1,0,0,80
4/25/2024 0:10,4/25/2024 0:13,4/25/2024 0:13,6567ae0e8905da3905e013bf,1,Increasing,4,TRUE,1,2,2,2,-2,4.75,2,2,2,2,2,1,0,1,0,0,2,1,0,1,100
4/25/2024 0:11,4/25/2024 0:13,4/25/2024 0:13,5eec48a2a0a86044492efa67,1,Increasing,4,TRUE,1,2,1,-1,1,3.75,2,2,2,2,1,1,1,1,0,0,2,0,0,1,90
4/25/2024 0:11,4/25/2024 0:13,4/25/2024 0:13,6569e7519041c82b4d8d3026,0,Flat,2,TRUE,2,1,2,1,-1,4.5,0,1,0,0.3333333333333333,2,1,0,1,0,1,2,1,0,1,70
4/25/2024 0:10,4/25/2024 0:13,4/25/2024 0:13,63a799cde6527ca4f11bc7b2,0,Flat,0,TRUE,2,2,2,2,-2,5,1,1,1,1,1,0,0,0,0,0,2,0,2,0,75
4/25/2024 0:12,4/25/2024 0:13,4/25/2024 0:13,6624ce7cc643b94a35c5bf42,0,Flat,1,TRUE,1,1,2,-1,1,3.75,2,1,1,1.3333333333333333,0,0,0,1,0,1,0,0,1,0,80
4/25/2024 0:10,4/25/2024 0:13,4/25/2024 0:13,6413a4a1a6e064ffb173f1ce,1,Increasing,1,TRUE,2,2,1,2,-2,4.75,1,1,1,1,0,2,1,1,0,1,0,0,0,1,100
4/25/2024 0:11,4/25/2024 0:13,4/25/2024 0:13,5f1f680d643ad300084c7e93,0,Flat,1,TRUE,1,1,1,1,-1,4,1,1,1,1,0,2,0,0,0,1,1,1,1,1,85
4/25/2024 0:11,4/25/2024 0:13,4/25/2024 0:13,65ddee04a68d4dff669e845a,1,Increasing,0,TRUE,2,2,2,2,-2,5,1,1,1,1,2,1,0,1,0,0,2,1,0,1,65
4/25/2024 0:10,4/25/2024 0:13,4/25/2024 0:13,5e18cb66f113e81a01237bf5,1,Increasing,4,TRUE,2,2,2,2,-2,5,2,2,2,2,2,1,1,1,0,0,0,0,0,0,100
4/25/2024 0:11,4/25/2024 0:13,4/25/2024 0:13,65ef17ca20d1e0ac997315d0,1,Increasing,2,TRUE,2,2,2,-0,0,4.5,1,1,1,1,2,2,0,2,0,1,0,0,0,0,100
4/25/2024 0:12,4/25/2024 0:13,4/25/2024 0:13,6626d337d7cc945a71e31ed8,0,Flat,0,TRUE,2,2,2,2,-2,5,2,2,2,2,2,0,0,1,1,2,2,1,2,0,90
4/25/2024 0:07,4/25/2024 0:13,4/25/2024 0:13,5fabf588f711fa0c6b0aebf6,1,Increasing,4,TRUE,2,2,1,2,-2,4.75,1,1,1,1,0,0,1,2,1,2,2,0,0,0,85
4/25/2024 0:10,4/25/2024 0:13,4/25/2024 0:13,6626df5d6cd48441ee5857c3,1,Increasing,1,TRUE,1,1,1,-0,0,3.75,1,1,2,1.3333333333333333,0,0,1,2,0,2,2,0,0,1,80
4/25/2024 0:09,4/25/2024 0:13,4/25/2024 0:13,6483b216f5f21f0463109ac7,0,Flat,4,TRUE,2,2,2,1,-1,4.75,1,1,1,1,1,0,0,2,1,1,0,0,1,0,80
4/25/2024 0:10,4/25/2024 0:14,4/25/2024 0:14,57681fca8e454c000133a203,0,Flat,0,TRUE,2,2,2,2,-2,5,1,1,1,1,2,1,1,2,0,1,0,0,0,1,90
4/25/2024 0:12,4/25/2024 0:14,4/25/2024 0:14,5f454fc543b5c9111aaedb33,0,Flat,4,TRUE,2,2,2,2,-2,5,1,1,1,1,0,0,0,1,0,2,1,1,2,1,95
4/25/2024 0:10,4/25/2024 0:14,4/25/2024 0:14,5f525487e51b924db405f6a5,1,Increasing,0,TRUE,1,1,0,-1,1,3.25,-1,-1,-1,-1,2,0,1,1,0,0,0,0,0,1,70
4/25/2024 0:11,4/25/2024 0:14,4/25/2024 0:14,55d39f64da14d7001295375a,0,Flat,2,TRUE,1,1,1,1,-1,4,1,0,0,0.3333333333333333,0,0,0,0,0,2,2,0,2,1,85
4/25/2024 0:11,4/25/2024 0:14,4/25/2024 0:14,63d3ff7455fe68b811ef6b57,1,Increasing,3,TRUE,1,2,1,1,-1,4.25,2,1,1,1.3333333333333333,2,1,1,2,0,0,2,0,2,0,85
4/25/2024 0:11,4/25/2024 0:14,4/25/2024 0:14,608da9dd3e630867a6efd9b2,0,Flat,1,TRUE,2,2,2,2,-2,5,2,2,2,2,2,0,0,1,0,0,2,1,2,1,85
4/25/2024 0:12,4/25/2024 0:14,4/25/2024 0:14,5c345ebad4f77a0001a91ec0,1,Increasing,2,TRUE,1,1,1,1,-1,4,1,0,1,0.6666666666666666,2,0,0,0,0,0,2,1,2,1,90
4/25/2024 0:12,4/25/2024 0:14,4/25/2024 0:14,662943b6c211dec0e7e1c90e,0,Flat,4,TRUE,1,1,1,-0,0,3.75,0,0,1,0.3333333333333333,2,0,0,1,0,0,2,1,0,1,70
4/25/2024 0:12,4/25/2024 0:14,4/25/2024 0:14,62d13e52521b5aba46b2d532,1,Increasing,2,TRUE,2,2,2,-1,1,4.25,2,1,1,1.3333333333333333,0,0,0,1,0,2,2,1,0,1,85
4/25/2024 0:11,4/25/2024 0:14,4/25/2024 0:14,5d4200b0f1006e00196a9322,0,Flat,3,TRUE,1,1,1,1,-1,4,0,0,0,0,0,0,1,1,0,2,2,0,0,1,70
4/25/2024 0:09,4/25/2024 0:14,4/25/2024 0:14,65270f12e13d598538a8340b,1,Increasing,4,TRUE,2,2,2,2,-2,5,1,1,1,1,1,2,0,2,1,2,1,1,1,0,100
4/25/2024 0:13,4/25/2024 0:14,4/25/2024 0:14,60df50341cbe23c631681310,0,Flat,0,TRUE,2,2,2,2,-2,5,1,1,1,1,1,1,0,1,0,2,2,1,0,1,100
4/25/2024 0:10,4/25/2024 0:14,4/25/2024 0:14,605e9cc770aa6d1947d02bfa,1,Increasing,1,TRUE,2,2,2,2,-2,5,1,1,1,1,0,0,0,1,0,2,2,1,0,1,95
4/25/2024 0:12,4/25/2024 0:14,4/25/2024 0:14,65b69bbec439f7549d7c6f00,0,Flat,3,TRUE,2,1,1,1,-1,4.25,1,1,1,1,1,1,0,0,0,0,2,1,1,1,90
4/25/2024 0:11,4/25/2024 0:14,4/25/2024 0:14,6315fd72852e279a1a13e5f1,0,Flat,0,TRUE,1,-1,1,2,-2,3.75,1,1,1,1,2,0,1,1,0,0,2,0,0,1,100
4/25/2024 0:13,4/25/2024 0:14,4/25/2024 0:14,5aa7b843f6dfdd0001eb0f06,1,Increasing,4,TRUE,2,1,1,1,-1,4.25,2,1,1,1.3333333333333333,0,1,1,1,0,2,0,0,0,1,75
4/25/2024 0:07,4/25/2024 0:14,4/25/2024 0:14,5e3019c0b5ba77016e2bcaf4,0,Flat,4,TRUE,2,1,0,-0,0,3.75,-1,1,1,0.3333333333333333,2,1,0,2,0,1,1,0,2,0,75
4/25/2024 0:12,4/25/2024 0:14,4/25/2024 0:14,5a2ef9bbfd28e9000102ee68,0,Flat,4,TRUE,1,2,1,-0,0,4,0,-1,0,-0.3333333333333333,0,0,0,1,1,2,2,1,0,1,70
4/25/2024 0:13,4/25/2024 0:14,4/25/2024 0:14,654e5bcb8cb6aeb8ca9b33a0,0,Flat,0,TRUE,1,1,0,-1,1,3.25,0,1,1,0.6666666666666666,2,0,1,0,0,1,1,0,2,1,80
4/25/2024 0:11,4/25/2024 0:14,4/25/2024 0:14,6148bd948f9404442c6b70e9,0,Flat,3,TRUE,1,1,1,1,-1,4,-1,-1,-1,-1,0,1,0,0,1,1,0,1,1,0,70
4/25/2024 0:12,4/25/2024 0:14,4/25/2024 0:14,5e904f36cc3d6c355bbf48fa,1,Increasing,4,TRUE,1,2,1,1,-1,4.25,0,0,0,0,1,2,1,2,1,0,0,0,0,0,50
4/25/2024 0:13,4/25/2024 0:14,4/25/2024 0:14,653bb54e9224191c7b7741c6,0,Flat,1,TRUE,-1,1,0,-0,0,3,-2,-2,-2,-2,0,0,0,0,1,1,0,0,1,0,65
4/25/2024 0:12,4/25/2024 0:15,4/25/2024 0:15,642aff87ea9fb23585fc5ee3,1,Increasing,2,TRUE,1,2,2,2,-2,4.75,1,1,1,1,2,1,0,1,1,0,2,1,0,0,90
4/25/2024 0:13,4/25/2024 0:15,4/25/2024 0:15,657c4d8c10a2c993f1363fb9,0,Flat,3,TRUE,1,1,0,-1,1,3.25,0,1,1,0.6666666666666666,2,0,1,2,0,2,0,1,0,0,80
4/25/2024 0:11,4/25/2024 0:15,4/25/2024 0:15,605a83eb7e4843786107321e,1,Increasing,1,TRUE,1,2,1,1,-1,4.25,1,1,1,1,2,1,0,1,0,0,2,1,0,1,85
4/25/2024 0:13,4/25/2024 0:15,4/25/2024 0:15,632ceafce1ba9fd51c9de424,1,Increasing,1,TRUE,2,2,2,1,-1,4.75,2,2,2,2,2,0,1,2,0,0,2,0,0,1,95
4/25/2024 0:13,4/25/2024 0:15,4/25/2024 0:15,5f501ea8bb2be4192a6d67a2,1,Increasing,0,TRUE,2,2,2,2,-2,5,2,2,1,1.6666666666666667,2,0,0,1,0,0,2,1,0,1,95
4/25/2024 0:13,4/25/2024 0:15,4/25/2024 0:15,6056487421642ca6fef2f200,0,Flat,2,TRUE,2,2,2,2,-2,5,1,1,1,1,2,0,0,1,0,0,2,1,2,1,85
4/25/2024 0:13,4/25/2024 0:15,4/25/2024 0:15,62d9bbacd56cb555b6cfc995,1,Increasing,4,TRUE,2,1,1,1,-1,4.25,1,-1,1,0.3333333333333333,0,1,0,1,0,1,2,1,0,1,90
4/25/2024 0:14,4/25/2024 0:15,4/25/2024 0:15,653ef86a871abcbdfdaefc23,0,Flat,0,TRUE,1,1,0,-1,1,3.25,0,1,1,0.6666666666666666,2,0,0,0,0,2,0,0,0,0,85
4/25/2024 0:14,4/25/2024 0:15,4/25/2024 0:15,65e124f9e8fdc1f0cf89d7a7,1,Increasing,4,TRUE,2,2,2,2,-2,5,2,2,2,2,2,2,1,1,0,0,0,0,0,0,100
4/25/2024 0:13,4/25/2024 0:15,4/25/2024 0:15,60173c3dd4e20d98d894aa6d,1,Increasing,3,TRUE,1,1,1,1,-1,4,1,1,1,1,0,0,0,0,0,2,2,1,2,1,100
4/25/2024 0:06,4/25/2024 0:15,4/25/2024 0:15,62a779f845a7840040d41bf8,1,Increasing,0,TRUE,2,1,1,2,-2,4.5,-1,-1,-1,-1,0,1,0,2,0,1,0,1,0,1,50
4/25/2024 0:12,4/25/2024 0:15,4/25/2024 0:15,5fea6268197628a8c9d82728,0,Flat,0,TRUE,0,1,1,-0,0,3.5,1,1,1,1,1,1,0,1,0,0,2,1,0,1,50
4/25/2024 0:13,4/25/2024 0:15,4/25/2024 0:15,5d7f598628843a00181eb444,1,Increasing,3,TRUE,1,1,2,2,-2,4.5,1,1,1,1,1,0,0,2,0,2,1,1,1,1,75
4/25/2024 0:12,4/25/2024 0:16,4/25/2024 0:16,65230ecce6b5748e6df764fa,1,Increasing,2,TRUE,2,2,2,2,-2,5,1,1,1,1,2,1,0,2,0,1,1,1,1,1,90
4/25/2024 0:13,4/25/2024 0:16,4/25/2024 0:16,5f6152406f6e560f32b0cfe4,0,Flat,1,TRUE,-1,-2,-1,-2,2,1.5,-1,-2,-2,-1.6666666666666667,2,0,0,2,1,0,2,1,0,0,75
4/25/2024 0:14,4/25/2024 0:16,4/25/2024 0:16,6278270bfb2439bf3abf192d,0,Flat,2,TRUE,1,1,0,1,-1,3.75,1,1,1,1,2,1,0,0,0,1,1,1,1,0,95
4/25/2024 0:14,4/25/2024 0:16,4/25/2024 0:16,64012975c4251a860b518c8b,1,Increasing,1,TRUE,2,2,1,-1,1,4,1,1,1,1,1,2,1,2,1,2,0,0,0,0,80
4/25/2024 0:12,4/25/2024 0:16,4/25/2024 0:16,607f63ce9ffa404fca0400a9,0,Flat,4,TRUE,2,2,2,2,-2,5,1,1,1,1,0,1,0,1,1,2,2,1,0,0,95
4/25/2024 0:12,4/25/2024 0:16,4/25/2024 0:16,63d1416ac57129ef3d3ddd8e,0,Flat,4,TRUE,0,1,1,1,-1,3.75,1,0,0,0.3333333333333333,1,1,0,1,1,2,0,1,0,1,80
4/25/2024 0:14,4/25/2024 0:16,4/25/2024 0:16,5bc07659b8d38c0001de0516,1,Increasing,2,TRUE,2,2,2,1,-1,4.75,2,2,2,2,1,2,0,1,0,0,0,0,2,1,85
4/25/2024 0:13,4/25/2024 0:16,4/25/2024 0:16,6384704a7b906e6298d5087f,0,Flat,2,TRUE,1,1,1,1,-1,4,-1,-1,0,-0.6666666666666666,0,0,0,1,0,2,2,1,2,1,90
4/25/2024 0:14,4/25/2024 0:16,4/25/2024 0:16,5aa856d0f6dfdd0001eb1823,1,Increasing,1,TRUE,2,1,2,2,-2,4.75,1,1,1,1,1,1,1,0,1,0,0,0,1,0,100
4/25/2024 0:14,4/25/2024 0:16,4/25/2024 0:16,5ee142b292607215593aa9af,0,Flat,0,TRUE,2,2,1,2,-2,4.75,0,0,0,0,1,2,0,1,0,2,0,1,0,1,85
4/25/2024 0:13,4/25/2024 0:16,4/25/2024 0:16,6624638357b56eb340c8f109,1,Increasing,4,TRUE,2,2,2,2,-2,5,1,0,1,0.6666666666666666,0,1,1,1,0,1,0,0,0,1,95
4/25/2024 0:15,4/25/2024 0:16,4/25/2024 0:16,5c90fafcf4d2360001614c1d,0,Flat,2,TRUE,1,1,1,-0,0,3.75,0,0,0,0,0,0,0,0,0,2,2,1,2,1,90
4/25/2024 0:14,4/25/2024 0:16,4/25/2024 0:16,6560ae7968dae6508fe4d420,0,Flat,3,TRUE,2,1,2,1,-1,4.5,0,1,-1,0,1,0,1,2,1,0,2,0,2,0,55
4/25/2024 0:13,4/25/2024 0:16,4/25/2024 0:16,6622e422b8569ed4d2cff4d3,0,Flat,2,TRUE,1,2,1,2,-2,4.5,1,1,1,1,1,0,0,1,0,0,0,0,1,0,75
4/25/2024 0:13,4/25/2024 0:17,4/25/2024 0:17,5c17c149f596b100011ca8b8,0,Flat,3,TRUE,1,1,1,1,-1,4,1,1,1,1,2,0,0,0,0,1,1,1,1,0,80
4/25/2024 0:14,4/25/2024 0:17,4/25/2024 0:17,65464fec47eeb23dde2b5c56,1,Increasing,0,TRUE,2,2,2,1,-1,4.75,2,1,1,1.3333333333333333,0,0,0,2,1,1,2,1,0,0,90
4/25/2024 0:15,4/25/2024 0:17,4/25/2024 0:17,5cd2e5dc3c43570018b98f0a,0,Flat,2,TRUE,2,2,2,1,-1,4.75,1,2,2,1.6666666666666667,0,1,0,1,0,2,2,1,2,1,65
4/25/2024 0:15,4/25/2024 0:17,4/25/2024 0:17,5cae6a77b38ea60016e54889,1,Increasing,1,TRUE,2,2,1,2,-2,4.75,1,1,1,1,2,1,0,2,1,0,2,1,0,0,75
4/25/2024 0:12,4/25/2024 0:17,4/25/2024 0:17,63d7e13ef428005671c14564,1,Increasing,3,TRUE,2,2,2,2,-2,5,2,2,2,2,1,0,0,2,0,0,1,1,0,1,90
4/25/2024 0:15,4/25/2024 0:17,4/25/2024 0:17,651ab77f6ee1c6bf2ecf4802,1,Increasing,2,TRUE,2,0,1,2,-2,4.25,1,1,1,1,0,1,0,0,0,1,2,1,2,1,90
4/25/2024 0:13,4/25/2024 0:17,4/25/2024 0:17,63d05806e94c60eb89e4d3f5,1,Increasing,2,TRUE,2,2,2,2,-2,5,1,1,1,1,0,2,1,1,1,2,0,0,0,0,85
4/25/2024 0:14,4/25/2024 0:17,4/25/2024 0:17,644805884189b40893adfa53,1,Increasing,0,TRUE,1,1,1,1,-1,4,1,1,1,1,2,1,0,1,1,0,2,1,2,0,90
4/25/2024 0:16,4/25/2024 0:17,4/25/2024 0:17,5f75d01a857e4e27a575f7ca,1,Increasing,3,TRUE,2,1,1,1,-1,4.25,1,1,1,1,1,0,1,1,1,0,2,0,0,0,75
4/25/2024 0:10,4/25/2024 0:17,4/25/2024 0:17,5e54367e80cd0944205b27f9,1,Increasing,0,TRUE,1,1,2,1,-1,4.25,1,0,0,0.3333333333333333,2,2,1,2,0,0,0,0,0,1,100
4/25/2024 0:16,4/25/2024 0:17,4/25/2024 0:17,5d93892be1e2a9001b5804ca,1,Increasing,3,TRUE,2,2,2,2,-2,5,1,1,1,1,0,2,0,0,0,1,0,1,1,0,100
4/25/2024 0:15,4/25/2024 0:18,4/25/2024 0:18,5eeb6965645c11097b4bae82,1,Increasing,3,TRUE,2,2,2,2,-2,5,2,2,2,2,2,0,0,2,0,1,2,1,0,1,85
4/25/2024 0:14,4/25/2024 0:18,4/25/2024 0:18,5b2bcfb51835660001cc6751,0,Flat,4,TRUE,2,2,1,1,-1,4.5,1,1,1,1,0,1,0,0,0,0,0,0,1,0,90
4/25/2024 0:15,4/25/2024 0:18,4/25/2024 0:18,6614117ed177593b081cee67,1,Increasing,0,TRUE,1,0,1,1,-1,3.75,1,1,0,0.6666666666666666,0,2,0,1,0,2,1,1,1,0,75
4/25/2024 0:16,4/25/2024 0:18,4/25/2024 0:18,58f93198dbfafa0001d227c9,0,Flat,3,TRUE,1,2,1,1,-1,4.25,1,1,1,1,1,0,1,1,0,2,2,0,2,1,80
4/25/2024 0:16,4/25/2024 0:18,4/25/2024 0:18,65cbcad14c404b33e3c6640d,1,Increasing,1,TRUE,2,2,2,2,-2,5,1,1,1,1,2,0,1,2,1,0,2,0,0,0,80
4/25/2024 0:16,4/25/2024 0:18,4/25/2024 0:18,5f3483c9be9b7c3a6d9c2d79,1,Increasing,0,TRUE,2,2,2,2,-2,5,2,2,1,1.6666666666666667,1,2,0,2,0,2,0,1,0,1,90
4/25/2024 0:15,4/25/2024 0:18,4/25/2024 0:18,63df06a8c5ac5f3c6bf77e6f,0,Flat,3,TRUE,2,2,2,2,-2,5,1,1,1,1,0,1,0,1,0,1,0,1,2,1,85
4/25/2024 0:16,4/25/2024 0:18,4/25/2024 0:18,5e234e6d06121f5eceaba7f1,0,Flat,2,TRUE,1,1,1,-0,0,3.75,0,1,1,0.6666666666666666,0,0,0,1,0,2,1,1,2,1,50
4/25/2024 0:16,4/25/2024 0:18,4/25/2024 0:19,5d421d6e6247ef001900bdf9,1,Increasing,2,TRUE,1,2,1,2,-2,4.5,1,1,1,1,0,0,0,2,0,0,2,1,0,1,80
4/25/2024 0:16,4/25/2024 0:19,4/25/2024 0:19,62b4370c9a89e5a09c4447de,0,Flat,1,TRUE,1,1,1,1,-1,4,1,1,1,1,1,0,0,0,0,2,1,1,1,1,80
4/25/2024 0:15,4/25/2024 0:19,4/25/2024 0:19,6527f298aa950ede4c693adb,1,Increasing,1,TRUE,2,2,2,2,-2,5,2,1,2,1.6666666666666667,2,2,1,1,0,0,0,0,0,0,70
4/25/2024 0:15,4/25/2024 0:19,4/25/2024 0:19,5f98a392d611e51b3f10f8b0,1,Increasing,4,TRUE,1,1,1,-0,0,3.75,2,1,2,1.6666666666666667,1,1,0,1,0,1,0,1,0,1,85
4/25/2024 0:17,4/25/2024 0:19,4/25/2024 0:19,65259583fe963a1c197f221d,0,Flat,1,TRUE,1,1,0,-1,1,3.25,1,1,1,1,2,0,1,0,0,2,1,0,0,0,85
4/25/2024 0:17,4/25/2024 0:19,4/25/2024 0:19,65f0c40364b614398133bf5e,1,Increasing,3,TRUE,2,2,2,-2,2,4,-1,-1,-1,-1,1,1,1,1,1,0,0,0,0,1,95
4/25/2024 0:19,4/25/2024 0:19,4/25/2024 0:19,655c5ad8f1a19dc5535007a4,1,Increasing,3,TRUE,1,1,1,-1,1,3.5,0,1,1,0.6666666666666666,2,0,1,0,0,1,2,0,0,0,80
4/25/2024 0:19,4/25/2024 0:20,4/25/2024 0:20,65086209d6edf5f2cf5f05d4,1,Increasing,0,TRUE,1,0,1,-0,0,3.5,0,1,1,0.6666666666666666,2,0,1,0,0,2,0,0,0,0,85
4/25/2024 0:18,4/25/2024 0:20,4/25/2024 0:20,654cec9d03f822b4b2b4133a,0,Flat,2,TRUE,0,0,0,-0,0,3,-1,-1,-1,-1,0,0,1,1,0,2,1,1,0,1,75
4/25/2024 0:18,4/25/2024 0:20,4/25/2024 0:20,5b82d4fda284bc000193094c,1,Increasing,1,TRUE,1,1,2,1,-1,4.25,1,2,1,1.3333333333333333,2,0,0,1,0,1,2,1,0,1,80
4/25/2024 0:16,4/25/2024 0:20,4/25/2024 0:20,6154918f83e8ca861b23ea04,0,Flat,0,TRUE,-1,1,0,-1,1,2.75,1,1,0,0.6666666666666666,2,1,0,1,1,1,2,1,2,1,75
4/25/2024 0:19,4/25/2024 0:21,4/25/2024 0:21,56c65a5a305eaa0005f2a634,1,Increasing,2,TRUE,1,1,0,-0,0,3.5,1,1,1,1,0,1,0,1,1,1,0,1,0,0,100
4/25/2024 0:18,4/25/2024 0:21,4/25/2024 0:21,58472149000f1000010ebc53,1,Increasing,1,TRUE,2,2,2,2,-2,5,2,2,2,2,0,2,1,1,1,2,2,0,0,0,100
4/25/2024 0:19,4/25/2024 0:21,4/25/2024 0:21,5bb7b83ab791890001f4fd90,1,Increasing,0,TRUE,2,2,2,2,-2,5,1,1,1,1,2,2,0,1,1,0,0,1,0,0,80
4/25/2024 0:18,4/25/2024 0:21,4/25/2024 0:21,5838861383a1cc0001f3f258,0,Flat,1,TRUE,2,1,1,1,-1,4.25,1,0,1,0.6666666666666666,1,0,0,1,0,2,0,1,0,1,60
4/25/2024 0:18,4/25/2024 0:21,4/25/2024 0:21,5ee637a18976fc391312fe01,1,Increasing,4,TRUE,2,2,2,2,-2,5,2,2,2,2,1,2,1,2,0,2,0,0,1,1,90
4/25/2024 0:17,4/25/2024 0:21,4/25/2024 0:21,6384f755b4cc19e1153f51bb,1,Increasing,1,TRUE,1,1,2,-0,0,4,1,1,0,0.6666666666666666,2,1,0,1,0,0,0,0,2,1,100
4/25/2024 0:18,4/25/2024 0:21,4/25/2024 0:21,660d54bfb6f9e160ae77252c,0,Flat,0,TRUE,2,2,2,1,-1,4.75,1,1,0,0.6666666666666666,0,0,0,1,0,2,2,1,0,1,100
4/25/2024 0:18,4/25/2024 0:21,4/25/2024 0:21,60dfd72817ea2f37bba6b24a,0,Flat,3,TRUE,2,2,2,2,-2,5,1,1,1,1,1,1,0,1,0,0,0,1,0,1,90
4/25/2024 0:18,4/25/2024 0:21,4/25/2024 0:21,6551469abe377d3646c6cd6e,1,Increasing,3,TRUE,2,2,2,2,-2,5,1,1,1,1,0,1,0,0,0,1,2,0,0,1,90
4/25/2024 0:19,4/25/2024 0:21,4/25/2024 0:21,6315fcf64ab1f169931df40c,1,Increasing,0,TRUE,1,1,1,1,-1,4,1,0,1,0.6666666666666666,2,1,1,2,1,1,0,0,0,0,75
4/25/2024 0:18,4/25/2024 0:21,4/25/2024 0:21,63d02c1f6a00a2ad12d30a83,0,Flat,2,TRUE,1,1,0,1,-1,3.75,1,1,1,1,2,1,0,0,0,0,0,0,1,0,70
4/25/2024 0:19,4/25/2024 0:22,4/25/2024 0:22,66293b43bc9044bc95e924ef,1,Increasing,1,TRUE,2,2,2,1,-1,4.75,2,2,2,2,1,2,0,1,1,0,0,1,0,0,100
4/25/2024 0:19,4/25/2024 0:22,4/25/2024 0:22,5c26bc552c45d4000148f85d,1,Increasing,3,TRUE,2,2,2,2,-2,5,1,0,1,0.6666666666666666,2,2,0,2,1,1,1,1,1,0,70
4/25/2024 0:19,4/25/2024 0:22,4/25/2024 0:22,5d15ded763569500192328b8,0,Flat,4,TRUE,2,2,2,2,-2,5,1,1,1,1,0,1,1,1,1,1,2,1,1,1,90
4/25/2024 0:19,4/25/2024 0:22,4/25/2024 0:22,5f1d476fe89111648aa22948,0,Flat,3,TRUE,2,2,1,1,-1,4.5,1,1,0,0.6666666666666666,1,2,0,1,0,2,0,1,2,1,100
4/25/2024 0:19,4/25/2024 0:22,4/25/2024 0:22,63ebd39a63bb79b50d438ab7,0,Flat,0,TRUE,-1,-1,-1,-1,1,2,-1,-1,-1,-1,0,1,0,1,0,2,2,1,0,1,65
4/25/2024 0:20,4/25/2024 0:22,4/25/2024 0:22,65a3084c059d06809815fc08,0,Flat,4,TRUE,2,2,0,2,-2,4.5,1,1,1,1,1,0,0,1,0,2,0,0,0,1,100
4/25/2024 0:19,4/25/2024 0:22,4/25/2024 0:22,661147945095af803c99a38a,1,Increasing,0,TRUE,2,2,1,2,-2,4.75,1,1,1,1,2,0,1,2,1,1,1,0,1,0,85
4/25/2024 0:19,4/25/2024 0:22,4/25/2024 0:22,5714e0958adadb00098deed4,1,Increasing,0,TRUE,2,2,2,2,-2,5,2,2,2,2,2,2,1,2,0,0,0,0,0,1,95
4/25/2024 0:21,4/25/2024 0:22,4/25/2024 0:22,662981653dccd9fb1917bfdc,1,Increasing,3,TRUE,2,2,2,2,-2,5,2,2,2,2,2,2,0,2,0,0,0,0,0,1,85
4/25/2024 0:21,4/25/2024 0:23,4/25/2024 0:23,655371cac562a3701896f9fc,0,Flat,1,TRUE,2,2,2,2,-2,5,2,2,2,2,0,2,0,0,0,1,0,1,2,1,100
4/25/2024 0:15,4/25/2024 0:24,4/25/2024 0:24,6509ced499369f98b2c27874,0,Flat,2,TRUE,2,2,2,1,-1,4.75,1,1,1,1,0,0,1,0,0,1,2,0,2,1,75
4/25/2024 0:22,4/25/2024 0:24,4/25/2024 0:24,612241f2e121c7af36f3b6e0,1,Increasing,1,TRUE,1,1,1,1,-1,4,1,1,1,1,2,1,0,1,0,0,0,1,0,1,90
4/25/2024 0:21,4/25/2024 0:24,4/25/2024 0:24,5a31373183019b00012f6322,1,Increasing,2,TRUE,1,2,2,2,-2,4.75,0,-1,-1,-0.6666666666666666,0,2,0,1,0,1,0,1,0,1,75
4/25/2024 0:21,4/25/2024 0:24,4/25/2024 0:24,5ba961b460f3d500016a2970,1,Increasing,4,TRUE,2,1,1,2,-2,4.5,2,1,1,1.3333333333333333,1,1,0,1,1,0,0,1,0,0,85
4/25/2024 0:23,4/25/2024 0:24,4/25/2024 0:24,65dde97292c3b8d0e4fa00d7,0,Flat,2,TRUE,1,2,0,-0,0,3.75,-1,-1,0,-0.6666666666666666,0,2,0,2,0,1,0,1,1,1,90
4/25/2024 0:20,4/25/2024 0:24,4/25/2024 0:24,5eb29fdddac67500082c1089,1,Increasing,1,TRUE,2,2,2,2,-2,5,1,1,1,1,1,0,0,2,0,2,2,1,0,1,85
4/25/2024 0:18,4/25/2024 0:25,4/25/2024 0:25,5fd8d3516c28582c83e0047a,1,Increasing,4,TRUE,2,2,1,1,-1,4.5,1,1,1,1,2,1,1,1,1,0,0,0,0,0,90
4/25/2024 0:21,4/25/2024 0:25,4/25/2024 0:25,601c6342141cd277e220c083,0,Flat,4,TRUE,2,0,1,1,-1,4,1,0,1,0.6666666666666666,1,0,0,1,0,2,2,1,2,1,100
4/25/2024 0:23,4/25/2024 0:25,4/25/2024 0:25,63132e0bd4c11adb849be441,0,Flat,0,TRUE,-1,0,-2,-2,2,1.75,-1,1,2,0.6666666666666666,1,0,0,1,0,2,2,0,0,1,50
4/25/2024 0:23,4/25/2024 0:25,4/25/2024 0:25,5a50d62e8e62590001756c60,0,Flat,4,TRUE,1,2,1,1,-1,4.25,1,1,1,1,2,0,0,1,0,0,2,1,2,1,75
4/25/2024 0:22,4/25/2024 0:26,4/25/2024 0:26,5697d67b7183b8000d0fc222,0,Flat,3,TRUE,1,1,1,-1,1,3.5,-2,-2,-2,-2,1,0,1,1,0,0,0,0,1,0,55
4/25/2024 0:20,4/25/2024 0:26,4/25/2024 0:26,60999f19d3de905906fab513,1,Increasing,0,TRUE,1,1,-1,-0,0,3.25,-2,-1,-1,-1.3333333333333333,2,1,0,2,1,0,0,1,0,0,50
4/25/2024 0:21,4/25/2024 0:26,4/25/2024 0:26,631625a868c124694850420c,1,Increasing,2,TRUE,2,2,2,2,-2,5,2,2,2,2,0,2,0,1,0,2,0,1,0,1,80
4/25/2024 0:25,4/25/2024 0:27,4/25/2024 0:27,5a75a77817ef3500016ffd06,1,Increasing,4,TRUE,1,1,1,1,-1,4,1,1,1,1,1,2,1,1,1,2,0,0,0,0,85
4/25/2024 0:22,4/25/2024 0:27,4/25/2024 0:27,58c471683977190001f54327,0,Flat,3,TRUE,2,1,2,1,-1,4.5,1,2,2,1.6666666666666667,0,0,1,2,1,1,0,1,1,1,85
4/25/2024 0:24,4/25/2024 0:28,4/25/2024 0:28,57d0db6cf7bcd90001cd47bc,0,Flat,1,TRUE,1,1,1,1,-1,4,1,1,1,1,1,1,0,1,0,1,2,0,0,0,85
4/25/2024 0:22,4/25/2024 0:28,4/25/2024 0:28,654e555a3a0310fc21aee9ce,0,Flat,4,TRUE,1,0,-1,-0,0,3,1,1,0,0.6666666666666666,0,0,0,2,0,2,2,1,0,1,70
4/25/2024 0:25,4/25/2024 0:28,4/25/2024 0:28,66281235a9b275877e8dfedd,0,Flat,0,TRUE,1,2,1,1,-1,4.25,1,1,1,1,0,0,1,2,0,2,2,1,1,1,65
4/25/2024 0:27,4/25/2024 0:29,4/25/2024 0:29,5e80b109ca1800791e1ca40c,0,Flat,1,TRUE,1,1,1,1,-1,4,1,1,1,1,0,0,0,1,1,2,1,1,2,0,60
4/25/2024 0:27,4/25/2024 0:30,4/25/2024 0:30,5d76ac914c93440001c03fd7,0,Flat,1,TRUE,1,1,1,1,-1,4,1,0,0,0.3333333333333333,1,0,0,1,0,1,0,1,1,0,75
4/25/2024 0:25,4/25/2024 0:30,4/25/2024 0:30,63f77f182fbf3ac66cbb362a,0,Flat,3,TRUE,1,1,1,-0,0,3.75,1,0,1,0.6666666666666666,2,0,0,0,0,1,1,1,2,1,90
4/25/2024 0:28,4/25/2024 0:31,4/25/2024 0:31,5d8878251f684d0001737c56,0,Flat,1,TRUE,2,2,1,1,-1,4.5,1,1,1,1,0,0,0,1,1,2,2,1,0,0,75
4/25/2024 0:25,4/25/2024 0:33,4/25/2024 0:33,6629715331751771a0d585be,0,Flat,1,TRUE,2,2,2,2,-2,5,0,1,0,0.3333333333333333,2,0,0,1,0,0,2,1,2,1,70
4/25/2024 0:28,4/25/2024 0:33,4/25/2024 0:33,601eaeeb12586834759af824,0,Flat,0,TRUE,2,2,2,2,-2,5,2,2,2,2,2,1,0,1,0,0,2,1,0,0,80
4/25/2024 0:29,4/25/2024 0:33,4/25/2024 0:33,65f85c4da05dc06ab2800573,1,Increasing,0,TRUE,1,2,1,1,-1,4.25,1,0,0,0.3333333333333333,1,0,0,1,0,0,2,1,0,1,75
4/25/2024 0:30,4/25/2024 0:34,4/25/2024 0:34,63f93b47bb0c1a1aca131480,1,Increasing,1,TRUE,2,2,2,2,-2,5,2,2,2,2,1,0,0,2,0,0,2,0,0,1,95
4/25/2024 0:23,4/25/2024 0:35,4/25/2024 0:35,5f628a5497682b3094294505,0,Flat,4,TRUE,2,2,2,2,-2,5,1,1,2,1.3333333333333333,1,1,1,1,1,1,0,1,1,0,100
4/25/2024 0:33,4/25/2024 0:35,4/25/2024 0:35,62d70d1f219a25bcf1db0bfa,0,Flat,4,TRUE,2,1,1,-0,0,4,1,1,1,1,1,1,0,2,1,0,2,0,0,0,65
4/25/2024 0:33,4/25/2024 0:36,4/25/2024 0:36,60fe73a3e2f7d5e184ce6539,0,Flat,1,TRUE,2,2,2,2,-2,5,1,1,1,1,1,0,0,1,1,2,2,1,2,0,85
4/25/2024 0:34,4/25/2024 0:36,4/25/2024 0:36,5e4886f1da7b943284265869,1,Increasing,2,TRUE,-1,1,-1,-1,1,2.5,0,1,-1,0,2,2,0,1,1,0,0,0,0,0,55
4/25/2024 0:36,4/25/2024 0:37,4/25/2024 0:37,59cff8eed227970001199862,1,Increasing,4,TRUE,2,1,1,2,-2,4.5,2,1,1,1.3333333333333333,2,2,1,2,1,0,0,0,0,0,80
4/25/2024 0:35,4/25/2024 0:37,4/25/2024 0:37,63fbf0e3b18cc14adc0dbfb6,1,Increasing,1,TRUE,2,2,2,2,-2,5,2,1,2,1.6666666666666667,2,1,1,0,1,0,0,0,2,0,100
4/25/2024 0:29,4/25/2024 0:38,4/25/2024 0:38,65e739f565a8c818b009f83b,1,Increasing,0,TRUE,2,2,2,1,-1,4.75,2,2,2,2,2,0,1,2,0,0,2,0,0,1,100
4/25/2024 0:29,4/25/2024 0:38,4/25/2024 0:38,5a6f6e3a6923df0001ef8f8d,0,Flat,4,TRUE,2,2,2,2,-2,5,1,0,1,0.6666666666666666,1,0,0,0,0,2,1,1,1,1,70
4/25/2024 0:36,4/25/2024 0:38,4/25/2024 0:38,63c34086cb929e7c9b844a67,1,Increasing,2,TRUE,2,2,2,2,-2,5,1,2,1,1.3333333333333333,1,1,1,2,0,2,2,0,0,1,100
4/25/2024 0:38,4/25/2024 0:40,4/25/2024 0:40,61200d9dee82041bf3ae9bd3,1,Increasing,4,TRUE,2,2,2,2,-2,5,1,-1,0,0,0,0,1,1,1,2,2,0,2,0,75
4/25/2024 0:36,4/25/2024 0:40,4/25/2024 0:40,61756116f3525bd231e96e14,0,Flat,3,TRUE,2,2,2,2,-2,5,1,1,1,1,2,1,1,1,1,0,0,0,2,0,95
4/25/2024 0:39,4/25/2024 0:42,4/25/2024 0:42,65eb5920f48b23a78b51979c,1,Increasing,3,TRUE,2,1,2,-2,2,3.75,1,2,2,1.6666666666666667,0,2,0,1,0,2,1,0,2,1,90
4/25/2024 0:51,4/25/2024 0:53,4/25/2024 0:53,58ae2cb09e040a000139af76,0,Flat,4,TRUE,2,2,2,2,-2,5,1,1,0,0.6666666666666666,2,0,1,2,0,0,1,0,0,1,95
