StartDate,EndDate,Status,Progress,Duration (in seconds),Finished,RecordedDate,ResponseId,DV_1,DV_2,DV_3,DV_4_R,1_Duration,1_Frequency,1_Content,1_Location,2_Duration,2_Frequency,2_Content,2_Location,EdgeProbability,turkid,condid,replicate
4/22/2024 21:09,4/22/2024 21:10,0,100,85,1,4/22/2024 21:10,R_6pDPcMyrZE4anq9,1,1,0,-1,0,0,0,0,3,2,2,1,100,5797bc9aad1a6c000146818c,0,3
4/22/2024 21:09,4/22/2024 21:11,0,100,100,1,4/22/2024 21:11,R_7qPP1hG3LFw37sh,1,1,1,-1,1,1,0,0,3,2,0,2,90,5d790c98242bbf0017c128ee,1,3
4/22/2024 21:10,4/22/2024 21:11,0,100,99,1,4/22/2024 21:11,R_4En7nKlVKVwneZq,2,1,1,-2,1,1,2,2,0,2,0,1,100,661ad945491cd64549e37d48,1,2
4/22/2024 21:11,4/22/2024 21:12,0,100,58,1,4/22/2024 21:12,R_2ONSkB0sUztHA9n,1,1,1,-1,1,0,0,1,3,0,0,2,85,6626a85637fc8e874d77d5ae,0,2
4/22/2024 21:12,4/22/2024 21:13,0,100,81,1,4/22/2024 21:13,R_4CI8t8gerV8OYpS,2,2,1,-1,0,2,0,2,3,2,0,0,85,5f58c1e77a127b04f512baed,1,1
4/22/2024 21:12,4/22/2024 21:13,0,100,85,1,4/22/2024 21:13,R_2O0Up2FErhPvDDn,2,1,1,-1,0,1,1,1,2,0,0,2,90,60fc7b8dca87b4a87786220b,0,3
4/22/2024 21:13,4/22/2024 21:14,0,100,65,1,4/22/2024 21:14,R_40riuAsCS3mPNjX,2,2,1,-1,0,2,0,2,3,2,2,0,90,5db21a3cad248e000dae8bc2,1,4
4/22/2024 21:13,4/22/2024 21:15,0,100,67,1,4/22/2024 21:15,R_28Am0DTxphhFc3M,1,1,1,-1,0,2,0,0,3,2,2,2,85,6277d9826e1cc6280aab7f0d,1,1
4/22/2024 21:14,4/22/2024 21:16,0,100,66,1,4/22/2024 21:16,R_2JqjdFEXoDH7p8C,2,2,2,-2,0,1,1,2,3,2,2,0,90,59ada0805ea0f30001281732,1,1
4/22/2024 21:14,4/22/2024 21:16,0,100,122,1,4/22/2024 21:16,R_24ouEhGC6p1Aw9F,2,2,2,-2,2,2,1,0,3,1,2,1,80,5dd6abf622749763a10324ec,1,4
4/22/2024 21:14,4/22/2024 21:16,0,100,132,1,4/22/2024 21:16,R_7zt7FGfsYOrqEpP,2,2,2,-2,3,1,0,2,0,2,2,2,90,55dd078350a1f7001090e238,0,4
4/22/2024 21:15,4/22/2024 21:17,0,100,92,1,4/22/2024 21:17,R_3Eoufy1lEMYddUf,2,2,0,-1,1,1,2,1,3,2,1,0,80,5e3d2ab94aebac111b5f6cd2,0,3
4/22/2024 21:15,4/22/2024 21:17,0,100,132,1,4/22/2024 21:17,R_55SMZoa59XucXSS,2,1,-1,0,3,1,1,1,3,1,0,0,60,65537e3626cba7aec5f01cfb,0,1
4/22/2024 21:16,4/22/2024 21:17,0,100,85,1,4/22/2024 21:17,R_2sYAk9mRR18qsKp,2,1,2,0,0,1,0,2,3,2,2,0,85,5c67e30581ea8900018ae0d0,1,1
4/22/2024 21:16,4/22/2024 21:17,0,100,97,1,4/22/2024 21:17,R_6Lnd6t4xBBRiKoO,2,1,2,-1,0,1,0,1,3,2,2,0,65,5c288e65867f660001ae8f36,0,2
4/22/2024 21:15,4/22/2024 21:17,0,100,110,1,4/22/2024 21:17,R_2UWtj6FbhZ63029,1,1,1,-1,0,0,1,0,3,2,2,1,95,60cfc32c983f7aa662977d76,0,3
4/22/2024 21:16,4/22/2024 21:17,0,100,106,1,4/22/2024 21:17,R_2t3tdK7PJBzhra3,2,2,2,-2,0,1,1,0,3,2,2,1,100,5eea1be10e95520beb9fa654,0,4
4/22/2024 21:16,4/22/2024 21:18,0,100,98,1,4/22/2024 21:18,R_3pPEG0xLMgP2jNz,-1,1,0,1,3,0,1,0,2,2,2,2,55,653fcf588ab0516beb4bf546,0,1
4/22/2024 21:16,4/22/2024 21:18,0,100,116,1,4/22/2024 21:18,R_7TBLmh9GQRMI1XP,2,2,2,-2,1,1,0,2,0,2,0,1,95,606b45db446b01c659706420,0,4
4/22/2024 21:17,4/22/2024 21:19,0,100,88,1,4/22/2024 21:19,R_7N2oENJWvKD8wV4,1,1,1,0,1,0,0,2,3,0,1,0,80,5f6b027e6eae971e2fa13594,0,3
4/22/2024 21:17,4/22/2024 21:19,0,100,109,1,4/22/2024 21:19,R_81pjIa18jpAtYGr,2,2,2,-2,0,2,0,2,2,1,2,2,70,57f18e976c19420001438a1b,0,1
4/22/2024 21:17,4/22/2024 21:19,0,100,161,1,4/22/2024 21:19,R_2dRaantcOSvzoNf,1,1,1,-1,0,1,1,0,3,0,0,1,100,5dfe77c2f9e750afd4f58dda,0,0
4/22/2024 21:18,4/22/2024 21:19,0,100,87,1,4/22/2024 21:19,R_4mHaCJbqmTmiRpL,2,2,2,-2,3,0,1,1,0,0,0,0,90,5e78c6725088ab44b24e2545,1,4
4/22/2024 21:18,4/22/2024 21:20,0,100,115,1,4/22/2024 21:20,R_2Mg97TRkfaj2yKl,0,0,0,1,2,0,0,2,1,2,1,1,50,60db72d01883744645ec3b10,0,3
4/22/2024 21:19,4/22/2024 21:20,0,100,56,1,4/22/2024 21:20,R_4GGhh4dLqFS6OQh,2,2,2,-2,0,0,1,2,3,2,2,0,100,606ee8f52a168c78fda80c23,1,4
4/22/2024 21:19,4/22/2024 21:20,0,100,70,1,4/22/2024 21:20,R_2hxpDZXzmYnU67J,2,2,1,-1,2,1,0,0,0,0,2,1,85,5d56e5a6ed4dff00155112ea,0,1
4/22/2024 21:17,4/22/2024 21:20,0,100,225,1,4/22/2024 21:20,R_2nlrHbdLjSK8eAD,0,0,0,0,2,0,1,0,0,1,2,2,65,572685c4f2a83f000d6aecee,1,4
4/22/2024 21:17,4/22/2024 21:20,0,100,196,1,4/22/2024 21:20,R_48SqLkQOlvQfyjT,2,2,2,-1,2,2,2,0,3,0,0,2,100,6019a575bd484911682112eb,1,3
4/22/2024 21:19,4/22/2024 21:21,0,100,97,1,4/22/2024 21:21,R_8PegdB7U7yzi9Ey,2,2,1,-1,1,1,1,2,3,2,0,0,50,5ed52e37266235094a3abcf4,1,1
4/22/2024 21:20,4/22/2024 21:21,0,100,98,1,4/22/2024 21:21,R_5fHflAi5DgvkRfW,1,1,1,-1,0,2,2,0,3,0,0,1,90,5e282e43266894a3e79a6eaa,0,0
4/22/2024 21:20,4/22/2024 21:22,0,100,105,1,4/22/2024 21:22,R_4PnkB9GBXmB6TMr,1,1,0,2,2,2,1,1,0,0,2,0,70,62fb88be841f0dcba3db01ff,0,3
4/22/2024 21:18,4/22/2024 21:22,0,100,205,1,4/22/2024 21:22,R_2AtvybzMEJNjRbH,1,1,1,-1,0,2,1,2,3,1,2,0,60,6140bf6523a8f20a2ea1e417,1,4
4/22/2024 21:21,4/22/2024 21:22,0,100,45,1,4/22/2024 21:22,R_6ccGfGPUgb0e6vY,2,2,2,-2,3,0,0,0,2,2,2,1,85,60730cdbbc89ec27b9cc7acd,0,4
4/22/2024 21:21,4/22/2024 21:22,0,100,56,1,4/22/2024 21:22,R_5xC1sgDDgrCFalb,-1,0,-1,0,1,0,1,1,3,2,2,2,65,640103805957bbf6a1326ed0,0,0
4/22/2024 21:20,4/22/2024 21:22,0,100,145,1,4/22/2024 21:22,R_7JWTjFCMe7RC4W9,2,2,2,-2,1,1,2,0,0,1,0,1,85,5d163efd53b9bb0017117638,1,3
4/22/2024 21:21,4/22/2024 21:23,0,100,78,1,4/22/2024 21:23,R_3PZAhK4YdrrYW0b,2,2,2,-1,2,1,0,0,3,0,2,1,85,60db3eeb564183360082d3a7,0,0
4/22/2024 21:21,4/22/2024 21:23,0,100,98,1,4/22/2024 21:23,R_2dfECplBogTVu37,2,2,2,-2,0,2,0,0,1,0,1,0,100,5fa69d14787b502edb9a305f,0,3
4/22/2024 21:21,4/22/2024 21:23,0,100,134,1,4/22/2024 21:23,R_4enpYp8wm5F7dW1,2,2,2,-2,3,2,2,1,0,0,0,2,100,5f7d155adbf2561f33d35e60,1,2
4/22/2024 21:22,4/22/2024 21:23,0,100,82,1,4/22/2024 21:23,R_5GZqgvx6H8u0aUF,-2,2,2,-2,1,0,1,0,3,0,0,1,100,5b96b497169b86000125198e,1,4
4/22/2024 21:20,4/22/2024 21:23,0,100,170,1,4/22/2024 21:23,R_4wWY1YcsKVzUEgN,2,1,1,-1,1,0,1,1,0,0,0,0,90,5c0c0c78d56d2200015ad04f,1,3
4/22/2024 21:22,4/22/2024 21:24,0,100,84,1,4/22/2024 21:24,R_5rIiWRT1HiKmKUi,2,2,1,-1,3,0,0,0,0,2,0,1,85,628f6f85d192d1fee0014ef0,0,2
4/22/2024 21:20,4/22/2024 21:24,0,100,228,1,4/22/2024 21:24,R_43fNb0IBvwTlbGO,1,1,1,0,0,1,1,2,1,1,1,1,65,5788c16f275be600013590a8,0,0
4/22/2024 21:22,4/22/2024 21:24,0,100,99,1,4/22/2024 21:24,R_1nT1h1ycJL4rdLj,1,1,1,-2,0,2,0,1,3,0,2,2,70,5ec1a76a903b335cae864ca8,1,0
4/22/2024 21:23,4/22/2024 21:24,0,100,66,1,4/22/2024 21:24,R_2o0Yiz0pp4AfZfK,2,2,2,-2,0,0,0,2,3,2,2,0,95,5e03f04a6e8aabebb72e52c5,0,3
4/22/2024 21:23,4/22/2024 21:24,0,100,85,1,4/22/2024 21:24,R_2eL01nLxcmuBwat,1,2,2,0,1,1,0,2,0,0,2,2,85,5fcfa3168335430d143b4431,1,4
4/22/2024 21:23,4/22/2024 21:24,0,100,74,1,4/22/2024 21:24,R_7fj7mwtaXsZr9CH,2,2,1,1,3,0,0,0,1,1,2,1,80,63d10f0e868986d890b2c5ba,1,4
4/22/2024 21:23,4/22/2024 21:24,0,100,63,1,4/22/2024 21:24,R_2CpW1sgzwe8DTwf,2,2,2,-2,1,1,0,2,3,2,1,1,90,60fd5177025610c34abe7a14,1,3
4/22/2024 21:23,4/22/2024 21:25,0,100,112,1,4/22/2024 21:25,R_6FK7WewhmhaztmN,-1,0,0,-1,1,0,1,0,3,2,0,1,85,60be1ea6b06c026c3531e0f5,1,0
4/22/2024 21:22,4/22/2024 21:25,0,100,129,1,4/22/2024 21:25,R_2rSdfbw4W3MEO4r,2,2,2,-2,1,0,2,2,3,0,0,0,95,5c1431dcd47b0000014a16ad,1,4
4/22/2024 21:23,4/22/2024 21:25,0,100,115,1,4/22/2024 21:25,R_8bZWSxyoAV794Xv,1,1,1,-1,3,1,2,1,0,2,1,0,75,6525f403858fe5cdc54aa01f,1,1
4/22/2024 21:22,4/22/2024 21:25,0,100,140,1,4/22/2024 21:25,R_7IoVlgvp2olWN6s,1,1,1,-1,1,0,1,2,3,2,2,1,100,6521c291a7839c9271a13af8,0,0
4/22/2024 21:22,4/22/2024 21:25,0,100,160,1,4/22/2024 21:25,R_20t6bGwbSjFi1sl,1,2,1,-1,0,2,2,2,1,1,1,2,80,5e0a26284acfb92ba3532ff4,0,1
4/22/2024 21:24,4/22/2024 21:25,0,100,67,1,4/22/2024 21:25,R_8dss8sQfdr5mXDI,2,2,2,-2,1,1,1,0,3,2,0,1,75,5c76474e3348af00159191e4,0,2
4/22/2024 21:22,4/22/2024 21:25,0,100,178,1,4/22/2024 21:25,R_5b2XfSW3N7dhqeP,1,1,2,-1,0,1,0,2,3,2,2,1,90,63d4079b9f81c5da3433f4b8,1,0
4/22/2024 21:24,4/22/2024 21:25,0,100,69,1,4/22/2024 21:25,R_2DSknHI8Zrazdbr,1,2,1,-2,0,2,1,2,3,0,0,0,75,63ea44a0adefd2af8e13015c,0,0
4/22/2024 21:19,4/22/2024 21:25,0,100,370,1,4/22/2024 21:25,R_7CBo8ejvICGQeHv,2,1,0,1,2,0,0,0,0,2,1,2,80,5d869a57c38e8100012f3c29,0,3
4/22/2024 21:24,4/22/2024 21:25,0,100,101,1,4/22/2024 21:25,R_4rHeH6oBmVnBhsR,1,1,1,-1,0,1,0,0,1,2,2,2,85,6447a3d08660f56db643d925,0,0
4/22/2024 21:25,4/22/2024 21:26,0,100,60,1,4/22/2024 21:26,R_5p4NkpXZOi9vNrl,2,2,1,-2,1,1,1,0,3,2,2,1,85,5bd6c7a7abc5ee00017a5928,0,4
4/22/2024 21:24,4/22/2024 21:26,0,100,80,1,4/22/2024 21:26,R_23eToWLiyzvdyiv,-1,-1,-1,1,2,0,2,0,3,2,1,1,60,64355650160b57904c13cf3e,0,1
4/22/2024 21:24,4/22/2024 21:26,0,100,112,1,4/22/2024 21:26,R_2vYdLv1xQ94vB43,0,1,0,-1,1,2,0,0,0,0,1,1,80,63062f7d8fb591eee9806333,0,2
4/22/2024 21:23,4/22/2024 21:26,0,100,140,1,4/22/2024 21:26,R_4T4ULdOuLJKHj2h,1,1,1,-1,3,2,0,0,0,0,2,2,90,5b7af69d2f3fc30001374190,0,1
4/22/2024 21:24,4/22/2024 21:26,0,100,117,1,4/22/2024 21:26,R_8VBLmztxuQ6TFcV,1,1,1,-1,2,1,1,0,0,0,2,1,85,60de11d08bb67fc2a1e19c6a,1,3
4/22/2024 21:25,4/22/2024 21:26,0,100,102,1,4/22/2024 21:26,R_2BkS6fDcSEIkKTy,2,2,2,-2,1,1,1,2,2,2,2,1,95,5e64d9d36e2ba1249699e520,0,1
4/22/2024 21:24,4/22/2024 21:26,0,100,115,1,4/22/2024 21:26,R_2Oph46wYJbGYPcS,2,2,2,-2,0,1,0,0,3,2,1,1,95,60b85becc8a6814025bc03f6,0,0
4/22/2024 21:25,4/22/2024 21:26,0,100,111,1,4/22/2024 21:26,R_39n9UOGx2QdzJYu,1,2,2,-2,0,0,0,2,1,2,2,0,100,613a587c12eb153c16c310c2,0,4
4/22/2024 21:25,4/22/2024 21:27,0,100,80,1,4/22/2024 21:27,R_2DpWWKMrl1Cxs7S,2,2,2,-2,1,0,1,0,2,1,0,1,100,5977986837d15f00016f1d08,1,3
4/22/2024 21:25,4/22/2024 21:27,0,100,108,1,4/22/2024 21:27,R_89FKsiZ0oucbdvz,1,2,-1,-1,0,1,1,1,1,2,2,0,60,5b50f81d2a4d0c0001adcf15,0,0
4/22/2024 21:25,4/22/2024 21:27,0,100,122,1,4/22/2024 21:27,R_3OZrCx89AcSdXrj,-1,0,0,1,1,1,1,0,0,0,0,1,85,654d27f44a41fb507d44bb1a,0,4
4/22/2024 21:26,4/22/2024 21:27,0,100,73,1,4/22/2024 21:27,R_4j1KgvaG1vrrB8V,1,2,2,-2,0,0,2,1,2,1,0,0,100,5e80e70d3c00ce7d6fdb69ef,1,2
4/22/2024 21:25,4/22/2024 21:27,0,100,124,1,4/22/2024 21:27,R_1IBppX6QNsm8iLx,2,1,1,-2,1,2,1,0,0,0,1,0,95,57a980098eccbc0001f3a131,0,3
4/22/2024 21:25,4/22/2024 21:27,0,100,106,1,4/22/2024 21:27,R_3ce0He9ujh7hKKC,1,1,1,-2,2,0,0,0,0,0,1,1,100,5849916abb147f0001786ac5,0,4
4/22/2024 21:25,4/22/2024 21:27,0,100,107,1,4/22/2024 21:27,R_2EWLQ6I7Xqx7eA4,1,2,2,-2,1,2,2,0,0,0,1,1,85,5cc29fbea548c00018afb7a0,1,3
4/22/2024 21:25,4/22/2024 21:27,0,100,122,1,4/22/2024 21:27,R_3OcUmhdYvePaMPc,2,2,1,-2,2,1,1,1,3,2,0,0,95,5d545c4618ca41001c7c3268,1,4
4/22/2024 21:25,4/22/2024 21:27,0,100,115,1,4/22/2024 21:27,R_8ISvvxzF8RlTHLB,2,2,1,-1,1,1,1,1,0,0,0,0,75,631a0fe0eb6a5b8c1f501d22,0,0
4/22/2024 21:22,4/22/2024 21:27,0,100,294,1,4/22/2024 21:27,R_2doibeDSCc31jYq,2,2,2,-2,2,2,0,2,3,2,2,0,85,6565fff05ec125a5ff77a77c,0,4
4/22/2024 21:26,4/22/2024 21:27,0,100,52,1,4/22/2024 21:27,R_7BZKM1gzO7MfT8d,1,2,2,-2,1,0,0,0,3,2,1,1,100,5cefd79bc37f4f0018de98da,0,4
4/22/2024 21:26,4/22/2024 21:27,0,100,82,1,4/22/2024 21:27,R_8EAYcwG6GB61gxJ,2,2,2,-2,1,2,0,0,3,2,2,1,75,5eefae66afa4e549ac714f73,1,3
4/22/2024 21:25,4/22/2024 21:27,0,100,137,1,4/22/2024 21:27,R_2FsMxXFvuscOyP8,2,2,2,-2,2,1,1,0,3,0,0,1,85,57bba6d30cc6ca00014421a3,1,4
4/22/2024 21:27,4/22/2024 21:28,0,100,69,1,4/22/2024 21:28,R_5NLp6u351jlpImO,2,2,2,-2,1,0,1,1,3,0,0,0,100,6018851ceec02b15576038a1,1,4
4/22/2024 21:27,4/22/2024 21:28,0,100,79,1,4/22/2024 21:28,R_2G6prEBwTvxuqtj,1,1,1,-2,1,1,0,2,3,2,1,0,100,55d621bbdb6a810013fa0ea0,1,3
4/22/2024 21:27,4/22/2024 21:28,0,100,78,1,4/22/2024 21:28,R_5dFXlvKJzHbPmag,1,2,1,-1,0,1,0,0,1,0,2,2,80,5c96c61d9e64c70001944a5e,0,3
4/22/2024 21:25,4/22/2024 21:28,0,100,157,1,4/22/2024 21:28,R_2fAmQcQBb1g2PHX,2,2,1,-2,1,2,0,0,0,0,0,0,85,5fb04d7b18107a403a5e77c8,1,3
4/22/2024 21:25,4/22/2024 21:28,0,100,180,1,4/22/2024 21:28,R_8XodJ0ynOZGEp4b,2,2,1,-2,0,2,0,0,2,0,0,2,85,5d960ffd35a770001a9a0592,0,4
4/22/2024 21:27,4/22/2024 21:28,0,100,96,1,4/22/2024 21:28,R_4LuTYZiQEjUkUWl,1,1,2,-1,1,1,0,2,3,2,2,1,90,5b7da2499fcd3c000118f680,0,0
4/22/2024 21:27,4/22/2024 21:28,0,100,77,1,4/22/2024 21:28,R_1GThNhP3CF7bsV1,2,2,2,-2,1,2,0,2,0,0,1,0,100,59dd90f6e75b450001a68dac,0,3
4/22/2024 21:28,4/22/2024 21:28,0,100,54,1,4/22/2024 21:28,R_84jZAWMVpJuBSFC,1,1,1,-2,1,2,2,0,3,0,2,1,70,62b4388226967b3994d79da1,1,4
4/22/2024 21:27,4/22/2024 21:29,0,100,86,1,4/22/2024 21:29,R_5ptQ04LyJ04177X,2,2,2,-2,0,0,0,0,3,2,2,0,90,65670c117388e6de56a878a7,0,2
4/22/2024 21:28,4/22/2024 21:29,0,100,60,1,4/22/2024 21:29,R_35j5uGMuSYUQLRf,1,0,0,1,0,0,0,0,3,2,2,1,90,62869a1b7fff9c9a48fe6087,0,3
4/22/2024 21:26,4/22/2024 21:29,0,100,170,1,4/22/2024 21:29,R_2Z5RVYoq3vhrSeJ,1,2,1,-2,0,0,0,0,3,2,0,0,90,651981427b3e6e5ab4661353,1,2
4/22/2024 21:28,4/22/2024 21:29,0,100,76,1,4/22/2024 21:29,R_1tzcstpqibq431Q,2,2,2,-2,0,1,1,0,1,2,2,2,100,5e93b11003fcc31e98668579,0,4
4/22/2024 21:28,4/22/2024 21:29,0,100,71,1,4/22/2024 21:29,R_3mVPzjDIPoMs5EU,2,2,2,-2,2,2,2,1,0,0,1,0,95,634da1de877425cde2d72511,1,1
4/22/2024 21:27,4/22/2024 21:29,0,100,103,1,4/22/2024 21:29,R_4LGvTNVv3XbhB7Y,2,2,1,-2,0,2,1,1,3,1,2,0,85,5ccdf9035bcd0800188417d3,0,3
4/22/2024 21:25,4/22/2024 21:29,0,100,207,1,4/22/2024 21:29,R_2dWdQu7BeKBIlst,2,2,2,2,0,2,1,0,1,1,0,2,70,57bae671dec5910001467ffd,1,3
4/22/2024 21:28,4/22/2024 21:29,0,100,71,1,4/22/2024 21:29,R_24yVqXzqKjhosnf,2,1,1,-1,2,0,1,2,0,2,2,0,100,6007421356226920359b5f3e,1,1
4/22/2024 21:28,4/22/2024 21:29,0,100,84,1,4/22/2024 21:29,R_4sUaBTkNdOzb39O,2,2,2,-2,3,0,0,2,0,2,2,0,100,5b9f707da0e8f30001a17cba,1,4
4/22/2024 21:28,4/22/2024 21:29,0,100,85,1,4/22/2024 21:29,R_3ezT3N5GqQZhUgv,2,2,2,-2,0,0,0,0,0,2,2,2,90,65bf9c9c8371681a1f91f4c9,0,2
4/22/2024 21:28,4/22/2024 21:29,0,100,65,1,4/22/2024 21:29,R_1pwVvZDccYsjO0h,2,2,2,-2,3,0,2,2,0,2,0,0,85,5f217ef0c4020b08c27ece21,0,0
4/22/2024 21:28,4/22/2024 21:29,0,100,81,1,4/22/2024 21:29,R_5wGNsvKVXd4AgZL,1,1,1,-1,2,0,0,0,3,2,2,2,85,5f69d524183920000a9f9d14,0,0
4/22/2024 21:28,4/22/2024 21:30,0,100,120,1,4/22/2024 21:30,R_2q3LstWRvI9CtNg,0,0,0,0,1,1,0,0,3,2,2,1,70,650ff8970c12627940c83d7f,0,4
4/22/2024 21:27,4/22/2024 21:30,0,100,161,1,4/22/2024 21:30,R_4M4l9MJ5uTVGPxu,2,2,2,-2,0,2,1,0,0,0,0,1,85,65dda7df0179f928c72e3475,0,4
4/22/2024 21:28,4/22/2024 21:30,0,100,95,1,4/22/2024 21:30,R_2FlloKFTUp9wpRT,1,2,1,-1,1,1,1,0,0,2,0,0,65,5974d96dfc0cf30001fa0917,0,0
4/22/2024 21:28,4/22/2024 21:30,0,100,106,1,4/22/2024 21:30,R_24M1uSfpNaUPkZ3,1,1,2,-1,2,0,0,2,3,2,2,0,75,661a8ecba0431701ec6f0c29,1,4
4/22/2024 21:28,4/22/2024 21:30,0,100,118,1,4/22/2024 21:30,R_5Dd2W16hyu3Feh4,2,2,2,-2,1,1,0,2,0,0,1,0,65,62a0de4f72feb48895b1e4e8,1,4
4/22/2024 21:28,4/22/2024 21:30,0,100,128,1,4/22/2024 21:30,R_2uq0upNUvZD0ivD,2,2,1,-2,3,0,1,0,0,1,0,1,100,5f525ab3d904fa4e38e01772,1,2
4/22/2024 21:27,4/22/2024 21:30,0,100,164,1,4/22/2024 21:30,R_3bTUV1hhedCrtBL,2,2,1,-2,0,0,2,1,0,0,0,0,95,5a56222f8e6259000175b271,1,4
4/22/2024 21:29,4/22/2024 21:30,0,100,81,1,4/22/2024 21:30,R_7O6PC426edo7cxH,1,2,1,-1,1,2,1,0,0,1,0,0,75,662004840cf5731b955a2d0f,0,1
4/22/2024 21:29,4/22/2024 21:30,0,100,75,1,4/22/2024 21:30,R_7X2XaOJIEhKZyFP,2,2,2,-2,0,1,0,0,3,2,2,1,100,5a7cb83a000dab00018c530b,1,0
4/22/2024 21:29,4/22/2024 21:30,0,100,79,1,4/22/2024 21:30,R_3JlUmr4nQixMp9v,2,2,2,-2,2,1,1,1,0,0,0,2,80,60eb7a4e37a7b08a26f2e8ef,1,2
4/22/2024 21:28,4/22/2024 21:30,0,100,119,1,4/22/2024 21:30,R_217IvCA90vCrrqd,2,2,2,-2,1,2,1,1,3,0,0,0,85,5dac2415bb24a50017217397,1,0
4/22/2024 21:28,4/22/2024 21:30,0,100,139,1,4/22/2024 21:30,R_4fH3wM7YWaENs0b,1,2,1,-1,1,0,2,1,3,1,0,0,75,5e3ec50d45df2e1192e3be84,0,2
4/22/2024 21:29,4/22/2024 21:30,0,100,65,1,4/22/2024 21:30,R_87kxjk1vcSfRLHP,1,1,1,-1,1,1,1,2,3,2,2,0,75,60ef416bf0b42b5595e4f4c0,0,3
4/22/2024 21:30,4/22/2024 21:31,0,100,53,1,4/22/2024 21:31,R_5emBOLajLGw8YL4,1,1,1,-1,1,1,1,1,3,2,2,2,80,61507c30291069d83501fdad,1,3
4/22/2024 21:25,4/22/2024 21:31,0,100,320,1,4/22/2024 21:31,R_2PbucMsrRPJz2dz,2,2,2,-2,3,1,2,0,1,0,0,1,85,54d14828fdf99b06cf9214c7,1,2
4/22/2024 21:30,4/22/2024 21:31,0,100,48,1,4/22/2024 21:31,R_5onYTvHDz2vrUd0,2,2,2,-2,0,2,2,0,3,0,0,2,100,5d542c3a5af5900019bc80c4,1,3
4/22/2024 21:30,4/22/2024 21:31,0,100,52,1,4/22/2024 21:31,R_2IgExj9Yq6YGzHh,1,1,1,-1,1,0,0,0,3,2,2,2,90,5b88002a7bb9e90001f0703f,0,3
4/22/2024 21:24,4/22/2024 21:31,0,100,420,1,4/22/2024 21:31,R_27dR5kXUXdHJD75,-2,-2,-2,2,0,0,0,0,3,2,2,1,100,652d7f42ece5cec67355a4b8,1,0
4/22/2024 21:29,4/22/2024 21:31,0,100,103,1,4/22/2024 21:31,R_2RlVBfdPTKSPYCC,2,1,1,-1,1,1,0,2,3,0,1,1,80,5a93e14b89de8200013ebd26,1,0
4/22/2024 21:29,4/22/2024 21:31,0,100,119,1,4/22/2024 21:31,R_1TY0uvkuxxjB3V4,1,1,1,-1,3,0,0,2,3,2,1,0,80,5fb3d0c3f2ff18016df4934d,0,2
4/22/2024 21:29,4/22/2024 21:31,0,100,96,1,4/22/2024 21:31,R_3MVPsQXybRXXwap,1,2,1,-2,3,0,0,1,1,1,2,0,75,5c1813d5d2790700010a718f,1,2
4/22/2024 21:29,4/22/2024 21:31,0,100,105,1,4/22/2024 21:31,R_7lcR845UKo6o8N9,2,1,1,-2,1,0,0,2,3,1,2,0,90,632b63afb2925ec0b40d0f3d,0,0
4/22/2024 21:30,4/22/2024 21:31,0,100,66,1,4/22/2024 21:31,R_311bOyqCasNsAvv,1,1,1,-1,1,0,1,0,3,2,2,1,80,5bc127e62c0e6700013f2a08,0,4
4/22/2024 21:29,4/22/2024 21:31,0,100,104,1,4/22/2024 21:31,R_2Ok37ddrSk284Nj,1,2,1,-1,1,0,1,0,2,1,0,0,100,5ed91ca79e50c2472f4045a2,0,4
4/22/2024 21:28,4/22/2024 21:31,0,100,163,1,4/22/2024 21:31,R_2e84FOpijAvvzNp,2,1,2,-2,3,1,2,2,0,0,0,0,90,60314709a11bc805094d9628,1,4
4/22/2024 21:29,4/22/2024 21:31,0,100,151,1,4/22/2024 21:31,R_3ypihZYbqdtlhtH,2,2,2,-2,3,1,0,1,2,0,2,2,100,603f5a050ff5a80e5d1ca9df,1,1
4/22/2024 21:29,4/22/2024 21:31,0,100,130,1,4/22/2024 21:31,R_2v7iLHftYztp7lD,1,2,1,-1,0,0,0,1,1,1,1,0,80,5d692cf290cade0018695dfb,0,0
4/22/2024 21:29,4/22/2024 21:31,0,100,161,1,4/22/2024 21:31,R_7RUm2UPWfyLRoQk,2,2,2,-2,3,0,1,0,0,0,2,1,95,605e1045db1e78400f8121dc,1,4
4/22/2024 21:30,4/22/2024 21:32,0,100,74,1,4/22/2024 21:32,R_6Qu2sLtmc0l74Yb,1,1,0,1,2,1,1,2,3,0,2,1,90,61671a9d42eb53946faa44c2,0,0
4/22/2024 21:30,4/22/2024 21:32,0,100,79,1,4/22/2024 21:32,R_2dBw3nDHa7vmOFO,2,2,1,-1,3,0,1,0,0,2,2,1,85,63d3fa5f9ca6d38022920258,1,2
4/22/2024 21:30,4/22/2024 21:32,0,100,88,1,4/22/2024 21:32,R_6EugDhKk0UvKs39,2,2,2,-2,2,1,0,1,0,0,1,0,85,660d5572c059afcbc587f8ac,1,3
4/22/2024 21:29,4/22/2024 21:32,0,100,147,1,4/22/2024 21:32,R_4IRBgQBAlXPGB1O,1,2,-1,-2,0,2,0,2,3,2,2,1,70,611e8bbe52b050f81208f7ea,1,3
4/22/2024 21:31,4/22/2024 21:32,0,100,75,1,4/22/2024 21:32,R_8EGAR8blww5CznD,1,1,1,-1,2,1,1,1,0,0,0,0,95,61446a1ecda939d3c22d9787,0,3
4/22/2024 21:30,4/22/2024 21:32,0,100,95,1,4/22/2024 21:32,R_4I6qPjsPSwFDIOA,2,2,2,-2,0,2,1,2,3,2,2,0,100,660b059ffb57359f06e0cb5b,1,1
4/22/2024 21:31,4/22/2024 21:32,0,100,88,1,4/22/2024 21:32,R_606p8rgbCBgpQx3,2,2,2,-2,0,2,0,1,3,0,0,0,70,6361661d1e9f0ed11a83645c,0,4
4/22/2024 21:31,4/22/2024 21:32,0,100,48,1,4/22/2024 21:32,R_5ferIyRi4AMB3D6,1,1,1,-1,0,2,1,1,1,0,0,0,75,62851f34f13fd80942886640,1,2
4/22/2024 21:29,4/22/2024 21:32,0,100,195,1,4/22/2024 21:32,R_8CEi3tY3welbKaO,2,2,2,-2,0,1,0,2,0,0,0,0,95,63b726bd148ea7d9910f50d2,1,4
4/22/2024 21:29,4/22/2024 21:32,0,100,196,1,4/22/2024 21:32,R_2CGTyPWuTf2bN8B,2,2,2,-2,2,1,1,2,0,2,0,2,100,6277fa58c449d119007f774e,1,1
4/22/2024 21:30,4/22/2024 21:32,0,100,136,1,4/22/2024 21:32,R_617HZGjNWRSePqp,1,1,1,-1,1,2,0,2,3,0,1,1,100,5d67fe32070cbd0001d15ffd,0,3
4/22/2024 21:30,4/22/2024 21:32,0,100,139,1,4/22/2024 21:32,R_2KxvzxxnKApWQ32,2,1,1,-2,1,1,1,2,3,0,2,0,75,62c4447bf90fc4b646c59a62,1,2
4/22/2024 21:31,4/22/2024 21:33,0,100,122,1,4/22/2024 21:33,R_6HLszv6Tb96DhVD,2,2,2,-2,2,0,2,1,0,2,1,0,90,5beb492b5324b10001c26ae8,1,1
4/22/2024 21:30,4/22/2024 21:33,0,100,171,1,4/22/2024 21:33,R_1abqpBjEFV0vikV,2,2,2,-2,3,1,0,2,0,2,2,1,85,5c913839a6e0aa00162c2ca5,1,2
4/22/2024 21:32,4/22/2024 21:33,0,100,62,1,4/22/2024 21:33,R_52PvLkpFxQIPMeU,1,1,0,0,0,1,2,0,1,1,1,2,50,5f3c2b8810877fa56a972b96,0,1
4/22/2024 21:29,4/22/2024 21:33,0,100,237,1,4/22/2024 21:33,R_8lY1KZiJkOvcDFM,1,1,1,-1,3,0,0,1,0,0,0,0,65,608ee492d63622f9f4d5306f,1,0
4/22/2024 21:30,4/22/2024 21:33,0,100,181,1,4/22/2024 21:33,R_7Phqp0rceu3mliu,1,1,1,-1,1,0,1,0,1,0,0,1,75,5b91a7f012fa940001a30997,1,1
4/22/2024 21:32,4/22/2024 21:33,0,100,77,1,4/22/2024 21:33,R_5t3hKBID4ZNMoBL,1,1,0,2,0,1,0,0,3,1,2,1,80,5f057c7f3f3bf0000b446bb9,1,1
4/22/2024 21:32,4/22/2024 21:33,0,100,68,1,4/22/2024 21:33,R_4Jae4jZ7OFjH5tY,1,1,0,-1,1,1,0,0,3,2,2,2,70,60eacff7b678411f44e11a12,0,2
4/22/2024 21:32,4/22/2024 21:33,0,100,97,1,4/22/2024 21:33,R_2qVRbz61eFrgXah,2,2,1,-1,2,1,0,1,0,2,2,0,85,59ce4b5519d3170001b1d4cb,1,2
4/22/2024 21:32,4/22/2024 21:33,0,100,97,1,4/22/2024 21:33,R_6p9fxYUXZ2JdG4H,2,2,2,-2,1,0,0,0,2,1,0,1,90,5b2973a08c745200013b84ae,0,3
4/22/2024 21:30,4/22/2024 21:33,0,100,198,1,4/22/2024 21:33,R_71ndflU1lZ44yes,2,2,2,-2,0,2,0,0,3,2,2,1,65,5ed69d3e9ef2ea0e828d06b6,0,3
4/22/2024 21:31,4/22/2024 21:33,0,100,111,1,4/22/2024 21:33,R_3EZ1PNxeQw4oC7Y,2,2,2,-1,0,1,0,2,1,2,2,0,85,58bc46e24cdfd90001778235,1,0
4/22/2024 21:32,4/22/2024 21:33,0,100,95,1,4/22/2024 21:33,R_4tF2KzqwKmFea3X,2,2,1,-2,2,0,2,1,3,1,1,1,85,5f737193245fcd0967d7ced5,1,2
4/22/2024 21:32,4/22/2024 21:33,0,100,93,1,4/22/2024 21:33,R_4OUQc2b4uCmC4NM,2,2,2,-2,2,0,0,0,3,2,2,2,85,597f88ce7b7b850001fa4f3d,0,1
4/22/2024 21:32,4/22/2024 21:34,0,100,94,1,4/22/2024 21:34,R_8lxEiVlBz6lsuVP,0,2,1,-1,1,1,0,0,3,2,2,2,85,5ef8aa9b55ec476081b348bf,1,4
4/22/2024 21:32,4/22/2024 21:34,0,100,112,1,4/22/2024 21:34,R_8b6bEiaGe8W6z4d,0,-1,-1,1,1,1,0,2,3,2,1,1,60,634e5e65098e5d120efa7ec7,0,0
4/22/2024 21:31,4/22/2024 21:34,0,100,159,1,4/22/2024 21:34,R_7yfNsBaSEAQdwe4,2,2,2,-2,3,0,0,0,0,2,2,1,100,62fccb9647eb07d62e9b6baa,1,2
4/22/2024 21:30,4/22/2024 21:34,0,100,190,1,4/22/2024 21:34,R_1GZ8H60oPgA5EpJ,1,1,1,-1,1,0,2,2,0,1,0,0,90,60c961dd88bde0638e8ee828,1,2
4/22/2024 21:32,4/22/2024 21:34,0,100,91,1,4/22/2024 21:34,R_4J2hcmEVdChcDTK,2,2,2,-2,2,1,0,2,0,0,2,0,90,599f00c54d25e800012fc9a6,1,0
4/22/2024 21:31,4/22/2024 21:34,0,100,156,1,4/22/2024 21:34,R_2ml8HM9VgU14Oif,1,1,1,-1,1,1,1,2,3,2,2,1,85,6310a8ab841ddd69c4fc330c,0,0
4/22/2024 21:32,4/22/2024 21:34,0,100,94,1,4/22/2024 21:34,R_439NaKhmdSr2qa1,2,2,0,-2,0,1,2,2,0,0,0,0,100,5e64fc338ebdaf26e332aec0,1,2
4/22/2024 21:33,4/22/2024 21:34,0,100,60,1,4/22/2024 21:34,R_2YlsXpGsp1H9paF,2,2,2,-2,3,1,1,2,0,2,2,1,95,6303835a36ad2ed97092cde9,1,0
4/22/2024 21:33,4/22/2024 21:34,0,100,59,1,4/22/2024 21:34,R_4j6Gw1AbCyssUP2,2,2,2,-1,0,2,2,2,3,0,1,1,100,61533356ce435e5a4a4addd0,1,1
4/22/2024 21:33,4/22/2024 21:34,0,100,78,1,4/22/2024 21:34,R_3W6GLruqkcSx8v7,2,2,2,-2,1,0,1,0,3,2,2,2,95,60aecded93eb495d413a482b,0,1
4/22/2024 21:33,4/22/2024 21:34,0,100,66,1,4/22/2024 21:34,R_3RpDy3uclz40G0B,1,2,1,1,0,0,1,2,1,1,0,0,90,6323f6da8ff5d9cd85b0ffc7,0,3
4/22/2024 21:33,4/22/2024 21:35,0,100,81,1,4/22/2024 21:35,R_2EALTGhIndMZmxt,2,2,2,-2,1,1,0,0,3,2,2,2,100,616c4a95398b06c2c85b32ed,0,3
4/22/2024 21:33,4/22/2024 21:35,0,100,115,1,4/22/2024 21:35,R_33Zz4kJinTll5Vn,2,1,1,-2,0,0,0,1,3,2,2,0,90,5c0430c71a20110001e9b05a,1,3
4/22/2024 21:32,4/22/2024 21:35,0,100,149,1,4/22/2024 21:35,R_1ffJPJzlL7ltCRa,1,2,1,-1,1,2,0,2,0,2,2,2,80,63d40219337fe37c8de6582f,1,2
4/22/2024 21:34,4/22/2024 21:35,0,100,66,1,4/22/2024 21:35,R_8HBrx8Bn1dvMWxb,2,2,2,-2,0,2,0,2,1,1,2,1,80,5f24978b3b9626088ac0eeb7,1,2
4/22/2024 21:33,4/22/2024 21:35,0,100,112,1,4/22/2024 21:35,R_1Ok3ug0K8ISkJVH,2,1,1,-2,0,0,1,2,3,2,2,0,95,6508dcd4c44b2c8ff9e0a22f,1,2
4/22/2024 21:31,4/22/2024 21:35,0,100,214,1,4/22/2024 21:35,R_8DkBnaOXWTFdTwO,0,1,1,0,0,0,0,0,3,1,2,1,65,5fb6a7d5e6359309c20a5c74,0,4
4/22/2024 21:33,4/22/2024 21:35,0,100,117,1,4/22/2024 21:35,R_2CNdjjp02ZUE55E,1,1,1,-1,1,1,1,2,3,0,0,1,80,5efe4e2fc349d8346273c2af,1,0
4/22/2024 21:33,4/22/2024 21:35,0,100,124,1,4/22/2024 21:35,R_8HdF5hWIjkr7lTr,2,2,2,-2,1,2,0,2,3,0,2,0,90,63edf5db7358db4fabaf9c46,0,2
4/22/2024 21:33,4/22/2024 21:35,0,100,100,1,4/22/2024 21:35,R_3rHE8MFoSVYhYRz,2,2,2,-2,1,0,0,1,0,2,0,0,70,5da9bb00ef4ab500179c645f,0,4
4/22/2024 21:32,4/22/2024 21:35,0,100,210,1,4/22/2024 21:35,R_4Gy1npFf5TP4Dkt,2,2,2,-2,0,1,1,0,2,0,0,1,90,5af9d543672ea800010d8e0f,0,4
4/22/2024 21:33,4/22/2024 21:35,0,100,144,1,4/22/2024 21:35,R_2DGRD0Hl5j4dhro,2,1,2,-1,0,0,1,0,3,2,0,1,85,5d9029dab1a0f00017dac7b9,0,4
4/22/2024 21:32,4/22/2024 21:35,0,100,228,1,4/22/2024 21:35,R_6cXn6LpQY5JXTyh,2,2,2,-1,1,0,1,0,3,2,2,1,90,6458d490b2d0e59c52be7fe7,1,4
4/22/2024 21:32,4/22/2024 21:35,0,100,191,1,4/22/2024 21:35,R_1uSPfNpyrsTg2Cl,1,1,1,-1,1,1,2,2,3,2,0,2,85,60ddab537d232b409e648869,0,3
4/22/2024 21:35,4/22/2024 21:35,0,100,48,1,4/22/2024 21:35,R_2gMuA5pxTn0ilCF,1,1,1,-2,1,0,1,0,3,2,0,1,90,5b55f0867c0c5e0001635ee3,0,3
4/22/2024 21:34,4/22/2024 21:36,0,100,72,1,4/22/2024 21:36,R_5gARhMIlE8Uep0y,1,1,1,-1,1,0,0,2,0,2,2,0,95,5f1d33793e85b262ec88556e,0,0
4/22/2024 21:34,4/22/2024 21:36,0,100,87,1,4/22/2024 21:36,R_8S0KmJa0g2U8EzC,1,2,1,-1,0,1,0,2,3,2,1,0,90,5d3caf9429130a00015cd0e3,0,0
4/22/2024 21:34,4/22/2024 21:36,0,100,84,1,4/22/2024 21:36,R_1GEvWOIiVFTuTfh,2,2,2,-2,2,0,2,1,0,1,0,0,85,60cf67593474c7e125a74db1,1,4
4/22/2024 21:33,4/22/2024 21:36,0,100,200,1,4/22/2024 21:36,R_4LLkpDjZA68ooQ1,2,2,2,-2,0,1,1,2,1,0,0,0,80,60aa16c68f8b93c186c5465b,1,0
4/22/2024 21:35,4/22/2024 21:36,0,100,74,1,4/22/2024 21:36,R_2OjhiMy4I23WU12,2,2,2,-2,0,1,2,0,3,2,0,1,90,648377e2d90103fb05768d81,1,0
4/22/2024 21:34,4/22/2024 21:36,0,100,133,1,4/22/2024 21:36,R_1OTEKUqq5gO790c,2,2,2,-2,0,0,1,1,3,2,2,0,85,6100847ffe10a3e5deac42f9,0,4
4/22/2024 21:34,4/22/2024 21:36,0,100,114,1,4/22/2024 21:36,R_2fkfrDFyxnNkXBP,1,2,1,-1,1,2,0,2,3,2,2,0,95,57e7e2cb91b7fc00014953a0,0,4
4/22/2024 21:34,4/22/2024 21:36,0,100,130,1,4/22/2024 21:36,R_28S9KnDPea4maFQ,2,2,2,-2,1,1,1,1,0,0,2,0,95,5ecd41b94c2e85070cdafa60,0,2
4/22/2024 21:35,4/22/2024 21:36,0,100,79,1,4/22/2024 21:36,R_72tOAaZW6pJKUne,2,2,2,-2,2,1,2,0,0,2,0,2,90,629e2c4c7cd3c55c174dd297,1,2
4/22/2024 21:30,4/22/2024 21:36,0,100,386,1,4/22/2024 21:36,R_2mgyMyDSkVRBYXL,2,2,2,-2,1,2,0,2,3,2,1,1,80,63222295ea5d2f98b7296aae,0,3
4/22/2024 21:32,4/22/2024 21:36,0,100,260,1,4/22/2024 21:36,R_2JLQSpRtvHZghFv,2,2,1,-1,1,0,0,2,2,1,1,0,90,5617203c5c62cf0005822f0c,0,4
4/22/2024 21:34,4/22/2024 21:36,0,100,176,1,4/22/2024 21:36,R_7nONTXwRQeHMphE,2,2,0,-2,3,0,1,2,0,0,0,0,100,616b8139551b94321313af3e,1,1
4/22/2024 21:34,4/22/2024 21:37,0,100,144,1,4/22/2024 21:37,R_1mUzlNVtVzM5BNO,2,2,2,-2,1,1,2,0,0,0,0,0,85,6150520d0e7c916e822a0021,1,0
4/22/2024 21:35,4/22/2024 21:37,0,100,104,1,4/22/2024 21:37,R_7iEOnk5RwLaUuDn,2,2,2,-2,1,1,1,1,0,0,2,2,95,5ea7fede5d7e961ed4cc296f,1,4
4/22/2024 21:35,4/22/2024 21:37,0,100,94,1,4/22/2024 21:37,R_6NUNJEzgvjn9SAE,1,1,1,0,1,0,0,2,3,1,0,0,75,602e85c76e51baa166315eb8,1,0
4/22/2024 21:35,4/22/2024 21:37,0,100,140,1,4/22/2024 21:37,R_1n3Gji2sj1L6XS1,2,2,2,-2,1,1,0,2,3,0,1,2,95,5d1a70c42ba4ad0001d622e1,1,3
4/22/2024 21:35,4/22/2024 21:37,0,100,125,1,4/22/2024 21:37,R_4nHlFxiuGZP9RDF,2,1,2,-2,0,2,0,0,3,1,0,2,90,604bd866aaf76cee7a7af909,1,2
4/22/2024 21:36,4/22/2024 21:37,0,100,74,1,4/22/2024 21:37,R_6efb1pLaVw6g9fw,1,0,-1,1,3,2,2,0,0,0,1,2,65,5aaa73e3f8a57d00010fe416,1,1
4/22/2024 21:36,4/22/2024 21:37,0,100,86,1,4/22/2024 21:37,R_27D6xYiXdhMlVgo,2,2,2,-2,2,2,1,1,2,1,2,0,80,62a7970f8387f3fcc95b106b,0,0
4/22/2024 21:32,4/22/2024 21:37,0,100,308,1,4/22/2024 21:37,R_2O8loDlN03V9ht1,2,2,2,-2,1,0,0,1,1,0,1,2,100,5cd959b304748d001819f233,0,1
4/22/2024 21:36,4/22/2024 21:37,0,100,94,1,4/22/2024 21:37,R_6frhPipWuSxLtzH,2,2,2,-2,0,1,1,0,1,0,0,2,70,5f57be602095072bb238a7ab,1,4
4/22/2024 21:36,4/22/2024 21:38,0,100,120,1,4/22/2024 21:38,R_64J0StxOvB4FPRi,1,1,1,-1,0,2,1,2,1,2,2,0,80,63469fc8c286d78c8b7ab1d4,0,1
4/22/2024 21:35,4/22/2024 21:38,0,100,173,1,4/22/2024 21:38,R_3gLOF0HWN0IuNwU,2,2,2,-2,1,1,1,0,3,0,0,1,80,62d1a6654ae9878390a97f5e,1,3
4/22/2024 21:36,4/22/2024 21:38,0,100,106,1,4/22/2024 21:38,R_6E9WpHHil4kxLDO,1,2,2,-1,1,1,0,1,3,2,1,0,95,60db380112e336c6450e22ce,1,0
4/22/2024 21:35,4/22/2024 21:38,0,100,150,1,4/22/2024 21:38,R_8E6ZuFutDl7uFUJ,2,2,2,-2,0,1,2,1,1,2,1,0,100,60d717617a4504ac6321d635,1,2
4/22/2024 21:37,4/22/2024 21:38,0,100,78,1,4/22/2024 21:38,R_2lzdLUolaxLNPCN,2,2,2,-2,2,0,1,1,3,2,0,0,100,634b26ce0aaab507fa36b71c,1,4
4/22/2024 21:34,4/22/2024 21:38,0,100,226,1,4/22/2024 21:38,R_3xsbIaMLExw22d3,1,2,1,-1,3,0,2,1,0,1,2,2,80,610bf00d1942d359434ebfb3,0,0
4/22/2024 21:36,4/22/2024 21:38,0,100,136,1,4/22/2024 21:38,R_2Yo0vZ2PJw76w0z,2,2,2,-2,2,0,1,0,3,0,0,0,100,5d128b2090265e00159ba969,0,2
4/22/2024 21:36,4/22/2024 21:39,0,100,148,1,4/22/2024 21:39,R_6jP9Q1XbYiVe3BU,2,2,2,-2,0,1,0,1,3,2,2,0,85,647cbfb3ecf2e79ea968eae0,0,4
4/22/2024 21:37,4/22/2024 21:39,0,100,115,1,4/22/2024 21:39,R_2Sl4rAnwGZEmyYk,1,1,1,0,2,1,0,0,1,0,2,2,75,5ea06914c2b73202ae7a3f29,0,2
4/22/2024 21:36,4/22/2024 21:39,0,100,160,1,4/22/2024 21:39,R_6OO9SUBUOOzqCva,0,1,1,1,0,2,0,2,2,1,1,0,70,655f5e5d7ee58750ed033dc0,0,3
4/22/2024 21:33,4/22/2024 21:39,0,100,348,1,4/22/2024 21:39,R_6eqROsFaGe1wdzZ,2,2,1,-2,1,0,1,2,3,0,0,2,60,5ec1b6036575405f2f634581,0,4
4/22/2024 21:37,4/22/2024 21:39,0,100,113,1,4/22/2024 21:39,R_2WPE1tYB4zmSdXP,2,2,2,-2,1,1,1,0,3,2,2,1,95,601017ce4f1db9279c1f2b7c,0,1
4/22/2024 21:38,4/22/2024 21:39,0,100,79,1,4/22/2024 21:39,R_6lzoVnpaTZ9CfeM,2,1,1,-2,2,2,1,0,0,0,0,1,85,63e68535d78fc9bb61c3c6b4,0,0
4/22/2024 21:38,4/22/2024 21:39,0,100,87,1,4/22/2024 21:39,R_8azUOm90rxHgSb6,2,2,2,-1,0,0,1,0,3,2,0,2,100,5dcddf9f4d51e40a5292727d,0,2
4/22/2024 21:37,4/22/2024 21:39,0,100,128,1,4/22/2024 21:39,R_2Bu6IvAdMxdqtI5,1,1,-1,0,0,1,0,0,3,1,2,1,85,5caa11e5a15c9800161ad16d,0,3
4/22/2024 21:37,4/22/2024 21:39,0,100,138,1,4/22/2024 21:39,R_8VeH9WmL1ZWHqb7,1,2,1,-1,0,0,0,0,2,1,1,1,85,60a3fc9540b8da80ae5af067,0,1
4/22/2024 21:37,4/22/2024 21:39,0,100,163,1,4/22/2024 21:39,R_3EFHhWmB5AoCSZP,2,2,2,-2,0,1,1,1,3,2,0,0,100,5a94a3344eecca0001dd3c52,1,4
4/22/2024 21:38,4/22/2024 21:40,0,100,95,1,4/22/2024 21:40,R_40PKvQYuOcxzdXb,2,2,1,-1,3,0,0,2,0,0,0,0,90,5b76febccee87f0001f989ac,1,0
4/22/2024 21:38,4/22/2024 21:40,0,100,91,1,4/22/2024 21:40,R_3eqvPf90bpKW5bj,1,1,1,-1,2,0,0,0,1,0,0,0,75,6086ca7ded41075e39973ec1,1,3
4/22/2024 21:37,4/22/2024 21:40,0,100,150,1,4/22/2024 21:40,R_5mhfiZAcXKFKpUj,1,2,1,-1,2,1,0,0,3,2,1,1,95,59d4b503e59146000112e521,0,0
4/22/2024 21:38,4/22/2024 21:40,0,100,99,1,4/22/2024 21:40,R_4NaC8b3WoyYicWZ,1,1,1,-1,0,0,1,1,3,2,0,2,80,60187851316976127d909f30,1,1
4/22/2024 21:38,4/22/2024 21:40,0,100,98,1,4/22/2024 21:40,R_2SizD0PMJ8KY8nI,2,2,2,-2,2,2,0,2,0,0,0,2,85,643ac28192af48c396d97709,1,3
4/22/2024 21:36,4/22/2024 21:40,0,100,214,1,4/22/2024 21:40,R_2Bj5GRbOoDzmnmN,1,1,1,-1,2,2,2,2,2,0,0,0,65,6419db97c911c12d6dacdca1,0,4
4/22/2024 21:38,4/22/2024 21:40,0,100,142,1,4/22/2024 21:40,R_2y2cGvP2cvnTPPN,1,1,0,1,1,1,0,0,3,2,2,0,70,5e0b3d5dbf3d4e3868abc3ea,0,3
4/22/2024 21:39,4/22/2024 21:40,0,100,85,1,4/22/2024 21:40,R_7KPiPj2RVuSqQko,2,2,2,-2,3,2,2,0,0,0,1,1,100,65e0c22407b95d6e712ebf0b,0,0
4/22/2024 21:38,4/22/2024 21:40,0,100,118,1,4/22/2024 21:40,R_7PbwX0CUBSSanYm,2,2,2,-2,3,0,1,0,3,2,2,1,95,544e94c4fdf99b50bd30726c,1,0
4/22/2024 21:38,4/22/2024 21:40,0,100,119,1,4/22/2024 21:40,R_4MznTAjkEkpK2bL,2,2,1,-2,0,0,1,2,3,0,0,1,85,62cca84756bb6c2f41eb7d3c,1,4
4/22/2024 21:39,4/22/2024 21:41,0,100,118,1,4/22/2024 21:41,R_2CvCNiStockd7m8,1,2,1,-1,2,2,0,0,1,0,0,0,80,6323548b436fb6bb2948c920,1,2
4/22/2024 21:38,4/22/2024 21:41,0,100,138,1,4/22/2024 21:41,R_2O9zp0YmQYfwhta,2,2,2,-1,3,0,0,0,2,2,2,1,100,627e7e91d0e389328983e765,1,4
4/22/2024 21:39,4/22/2024 21:41,0,100,82,1,4/22/2024 21:41,R_7Uco6hRZrFGtfVI,2,2,2,-2,2,1,1,0,0,0,2,1,100,6563b6f294d42b4d11186d27,1,0
4/22/2024 21:35,4/22/2024 21:41,0,100,340,1,4/22/2024 21:41,R_5fJJZTYr22gVWIY,2,2,1,0,2,1,1,1,0,0,2,0,70,5be1cc598c6a19000137a503,1,4
4/22/2024 21:40,4/22/2024 21:41,0,100,70,1,4/22/2024 21:41,R_5dopOSMjVUajOnl,1,1,0,-1,1,1,1,0,3,2,2,1,80,5cf3fc71cf9293001982d4ea,0,2
4/22/2024 21:39,4/22/2024 21:41,0,100,100,1,4/22/2024 21:41,R_2YkfmEXwtDkLJnj,1,1,1,-1,1,1,0,0,3,0,2,1,80,57698d52688a5c00018d958d,0,0
4/22/2024 21:38,4/22/2024 21:41,0,100,182,1,4/22/2024 21:41,R_4qkeiIOTKYE7klG,2,2,1,-2,2,1,1,0,0,0,2,1,80,593c25fc048d06000182f21b,0,1
4/22/2024 21:37,4/22/2024 21:41,0,100,205,1,4/22/2024 21:41,R_8ldjEWZH9aeBeFz,2,2,1,-2,0,2,0,0,3,1,2,1,100,652a9d958bce086cb254e37e,1,2
4/22/2024 21:39,4/22/2024 21:41,0,100,133,1,4/22/2024 21:41,R_2KJzvvBA8U8rGv2,2,2,2,-2,3,0,1,2,3,1,0,0,85,6613b1e51bb2f4e11dcb5512,0,3
4/22/2024 21:40,4/22/2024 21:41,0,100,84,1,4/22/2024 21:41,R_2gBjqkpQ1nAT1HH,2,2,2,-2,1,1,0,2,3,2,2,0,90,63b9792032364178f397d92b,0,0
4/22/2024 21:39,4/22/2024 21:41,0,100,97,1,4/22/2024 21:41,R_4OOa9dWbRtTCa0H,2,2,2,-2,0,1,1,2,3,2,0,0,100,60b1073cfd6d4ef92a3fed74,1,1
4/22/2024 21:37,4/22/2024 21:41,0,100,255,1,4/22/2024 21:41,R_2zrWYM58sVWT9PX,2,2,2,-2,2,0,2,1,3,0,0,0,85,63ea4795464cb743d5aa6ddb,1,3
4/22/2024 21:40,4/22/2024 21:41,0,100,94,1,4/22/2024 21:41,R_2hEcRXwn0mnN1V7,2,2,2,-2,2,1,2,0,0,2,0,1,90,60eb11e45f3e9cb0ae58a090,1,4
4/22/2024 21:36,4/22/2024 21:42,0,100,326,1,4/22/2024 21:42,R_6fpaZnbMNr7WIoD,2,1,2,-2,1,2,2,0,3,0,0,1,50,5c5a212b5ed69900019c7e0a,0,0
4/22/2024 21:40,4/22/2024 21:42,0,100,120,1,4/22/2024 21:42,R_7NyTdCFf3tjg5wb,-1,1,1,-1,0,0,0,0,3,1,2,1,80,5ea4ae3d9b5ea646f32bf6ce,1,1
4/22/2024 21:40,4/22/2024 21:42,0,100,69,1,4/22/2024 21:42,R_29rIXNQEr1OsaXL,0,-1,-1,0,2,1,2,2,3,1,2,2,75,6413599b9578c7f923d4b2c2,1,3
4/22/2024 21:40,4/22/2024 21:42,0,100,126,1,4/22/2024 21:42,R_4TSO0iZroFBoTMd,2,2,2,-2,2,2,1,1,0,0,0,0,80,5f54d772f5bba984fdf8676e,1,4
4/22/2024 21:40,4/22/2024 21:42,0,100,124,1,4/22/2024 21:42,R_5hFNfQvI11IDfvs,1,1,1,-1,1,0,0,1,3,2,2,0,70,604693490c8a9f0be38a4ecd,0,4
4/22/2024 21:40,4/22/2024 21:42,0,100,110,1,4/22/2024 21:42,R_7rX798PRx660OOZ,2,2,2,-2,1,2,0,0,3,0,2,1,95,5f620fdcc464341e830b3866,1,0
4/22/2024 21:40,4/22/2024 21:42,0,100,151,1,4/22/2024 21:42,R_1ObJCwNArWTbDdD,1,2,2,-2,0,0,1,0,3,2,0,0,95,63d408c9f733440325cfa2cc,0,0
4/22/2024 21:41,4/22/2024 21:42,0,100,100,1,4/22/2024 21:42,R_2Mj0i7Lfvx1lHGx,2,2,2,-2,3,1,0,0,0,0,2,1,95,5ccef4423f15b900199e1ec3,1,4
4/22/2024 21:40,4/22/2024 21:42,0,100,136,1,4/22/2024 21:42,R_2CKtpO7sUZcXGmR,2,2,2,-2,1,2,1,2,2,2,0,0,90,5dd31f8e7f1bbf33942dfcbf,0,2
4/22/2024 21:40,4/22/2024 21:43,0,100,149,1,4/22/2024 21:43,R_5XiHfKaoC2SEwZu,2,1,2,-1,0,2,0,0,3,2,2,2,90,5d3821f0ddea5a0001757f93,0,3
4/22/2024 21:40,4/22/2024 21:43,0,100,142,1,4/22/2024 21:43,R_37KIVWXxUQdPFPX,2,2,2,-2,1,2,0,0,0,0,2,1,70,5cffb12df6c3fb00157b2f39,1,0
4/22/2024 21:41,4/22/2024 21:43,0,100,111,1,4/22/2024 21:43,R_2vVrKYMzD0SaR9L,1,1,1,-1,0,1,1,2,1,1,0,0,75,5a6879cdc0d8360001081410,0,1
4/22/2024 21:41,4/22/2024 21:43,0,100,108,1,4/22/2024 21:43,R_5JxRSvYYuV2Cauo,2,2,2,-2,2,1,0,2,3,2,2,0,90,652fdbbe14ff27e2e06b94ea,1,2
4/22/2024 21:40,4/22/2024 21:43,0,100,144,1,4/22/2024 21:43,R_7zed8sSGCNyY2E9,2,2,2,0,1,0,1,2,3,1,0,1,100,5d95dfca33f8930017e85486,1,4
4/22/2024 21:41,4/22/2024 21:43,0,100,116,1,4/22/2024 21:43,R_4efZ9ZtTpmF8GcS,2,2,2,-2,0,2,0,1,1,0,0,0,75,5cba0e35d7ebf300177ff529,1,4
4/22/2024 21:40,4/22/2024 21:43,0,100,163,1,4/22/2024 21:43,R_7kzcEXXnZyE4XYJ,2,2,2,-2,0,2,1,0,3,0,2,1,50,576047b3eeb575000715dcdc,1,4
4/22/2024 21:41,4/22/2024 21:43,0,100,113,1,4/22/2024 21:43,R_3FEDjxdk7JmcNYm,2,2,1,-1,0,2,0,1,3,0,0,0,90,612f5766c681a2477789d0f1,1,0
4/22/2024 21:40,4/22/2024 21:43,0,100,148,1,4/22/2024 21:43,R_5CISpVUR7q3Dx9O,1,2,1,-1,2,0,1,0,0,1,0,2,85,652fbe161a35986b7fbfc940,0,3
4/22/2024 21:41,4/22/2024 21:43,0,100,101,1,4/22/2024 21:43,R_17ACp9rrMQlFb9v,2,2,2,-2,1,1,2,1,3,2,0,0,80,542bdb6dfdf99b324ea37c3a,1,4
4/22/2024 21:41,4/22/2024 21:43,0,100,118,1,4/22/2024 21:43,R_1llSnBTtPfbY9Ai,2,2,2,-2,3,0,0,0,0,2,2,1,85,653fed546a45118a32fe378e,1,4
4/22/2024 21:42,4/22/2024 21:44,0,100,64,1,4/22/2024 21:44,R_5l1apPveoKspmJb,2,2,2,-2,2,2,0,2,0,0,2,0,85,63d79d7e23a410a0bcdb390a,1,1
4/22/2024 21:41,4/22/2024 21:44,0,100,189,1,4/22/2024 21:44,R_7H3epxXcIz9Lg6l,1,2,1,-2,0,2,2,2,3,2,1,1,85,6287818abba6a55b1d5db5c7,0,3
4/22/2024 21:42,4/22/2024 21:44,0,100,145,1,4/22/2024 21:44,R_1I9Kbhaw9kEqxep,2,2,2,-2,2,0,0,2,0,2,2,1,90,5ea16cb48366db01843ff38b,0,2
4/22/2024 21:40,4/22/2024 21:44,0,100,240,1,4/22/2024 21:44,R_5vavD2FVx7C1vAl,1,-1,1,-1,1,1,0,0,3,2,1,1,55,5c745bc320c8520012dcc40c,0,1
4/22/2024 21:40,4/22/2024 21:44,0,100,230,1,4/22/2024 21:44,R_2pE6hH2uiiB8EDv,1,2,1,-1,3,0,1,0,1,2,2,1,85,63034df51d918e1e3b97e5ce,0,3
4/22/2024 21:42,4/22/2024 21:44,0,100,158,1,4/22/2024 21:44,R_1qLehMBQB2TGIb7,1,1,1,-1,1,1,0,0,0,1,0,0,50,65ccc928efd96247301df0eb,1,3
4/22/2024 21:40,4/22/2024 21:44,0,100,235,1,4/22/2024 21:44,R_2MAlG0VOXqiMdPC,2,2,2,-2,0,2,0,1,3,0,0,2,75,5ed68c770e41400dd0056c55,1,3
4/22/2024 21:37,4/22/2024 21:44,0,100,419,1,4/22/2024 21:44,R_8Epe6DfNCYHi2b6,1,1,1,-1,0,0,1,0,0,0,0,0,75,63d69163ecd60f16ced6c9c4,1,0
4/22/2024 21:43,4/22/2024 21:44,0,100,107,1,4/22/2024 21:44,R_5fCdbqttfEfzrc5,2,2,2,-2,2,2,1,2,0,2,0,0,55,62e41888387197b61ec6eb6f,0,0
4/22/2024 21:42,4/22/2024 21:44,0,100,117,1,4/22/2024 21:44,R_2uNg8tASCDesR0d,2,2,2,-2,3,2,0,2,0,0,1,0,85,586fbaa37e187d0001cb36d5,1,3
4/22/2024 21:43,4/22/2024 21:45,0,100,110,1,4/22/2024 21:45,R_4CBVtmOsXTC1rR7,2,2,0,-2,1,2,1,2,0,0,0,0,75,5c8017354f7eca00010a38f2,1,3
4/22/2024 21:43,4/22/2024 21:45,0,100,127,1,4/22/2024 21:45,R_2f9WYW9KLNubWJE,2,,1,-2,3,0,0,2,3,2,2,1,85,5d604ce86288010001e8df36,0,4
4/22/2024 21:42,4/22/2024 21:45,0,100,164,1,4/22/2024 21:45,R_3siyOmWuzmuXesL,2,2,2,-2,0,1,0,2,2,0,2,0,70,63f77f377db7af5ef02edbc3,1,1
4/22/2024 21:43,4/22/2024 21:45,0,100,153,1,4/22/2024 21:45,R_33fCZJlwyx8GvD3,2,1,2,-2,1,0,0,0,1,1,1,2,100,5ed5126d5d4199058acbe1e2,0,2
4/22/2024 21:43,4/22/2024 21:45,0,100,124,1,4/22/2024 21:45,R_2kXmA9oAdKYIWU9,2,1,1,0,1,1,0,0,0,2,1,2,75,584ab3c31f819a00018695e3,1,0
4/22/2024 21:39,4/22/2024 21:45,0,100,349,1,4/22/2024 21:45,R_1XBs4ZTEStLia8F,2,2,2,-2,0,1,2,2,3,2,0,0,95,616df0df56db54d73aed88cf,1,0
4/22/2024 21:43,4/22/2024 21:45,0,100,154,1,4/22/2024 21:45,R_3FONJsHdOADbpPH,2,2,2,-2,2,0,2,1,1,0,0,0,95,61268bfae35dcb011f6081b5,1,0
4/22/2024 21:38,4/22/2024 21:46,0,100,433,1,4/22/2024 21:46,R_7nZRMKLOabgURui,1,2,1,0,1,1,1,0,1,1,0,0,65,5c2d4c6a70d93a0001223e5d,0,4
4/22/2024 21:41,4/22/2024 21:46,0,100,298,1,4/22/2024 21:46,R_5ijLqd3MqjX4aZd,2,2,2,-2,1,1,1,1,0,0,2,0,95,5e2f2afece5e9a4ef7de8452,1,0
4/22/2024 21:44,4/22/2024 21:46,0,100,119,1,4/22/2024 21:46,R_5eWNHBbv83grjmd,1,2,1,-2,3,0,0,2,0,2,1,0,85,6613eaa8e44e25e801f85215,0,0
4/22/2024 21:45,4/22/2024 21:46,0,100,76,1,4/22/2024 21:46,R_2rHPm7KtWq8BhR5,2,2,2,-2,1,2,2,0,3,2,0,1,95,63d13c9a4c0601c55747e64c,1,4
4/22/2024 21:45,4/22/2024 21:46,0,100,74,1,4/22/2024 21:46,R_2FfefM9q1qo85Vl,1,1,1,-1,1,2,1,0,1,2,0,1,85,5efe20bbc05e8610f47600f7,0,0
4/22/2024 21:44,4/22/2024 21:46,0,100,148,1,4/22/2024 21:46,R_8IpiqK8bD6wIa5s,2,2,1,-2,0,2,2,2,3,2,1,2,90,647b3cefb08f4fda77adccad,0,3
4/22/2024 21:44,4/22/2024 21:46,0,100,94,1,4/22/2024 21:46,R_2QGFElrdIAeVDXo,2,1,2,-1,1,1,0,2,0,0,2,0,90,611d3b872fc318bf723e94aa,1,0
4/22/2024 21:44,4/22/2024 21:46,0,100,148,1,4/22/2024 21:46,R_2nPgmDlzbpx5Eqi,2,2,2,-2,1,2,0,0,3,2,2,2,85,5ddc361a1f179eb823c1f09d,0,4
4/22/2024 21:44,4/22/2024 21:46,0,100,138,1,4/22/2024 21:46,R_4LpScciRljTPKLL,1,1,1,-1,3,0,1,1,1,1,0,2,80,5cdd4befd3651c001950e539,0,3
4/22/2024 21:42,4/22/2024 21:46,0,100,233,1,4/22/2024 21:46,R_5je373oiS6xjrZo,2,2,2,-2,2,1,2,1,0,0,0,0,90,661e26f936c494878ebc8203,1,0
4/22/2024 21:44,4/22/2024 21:46,0,100,149,1,4/22/2024 21:46,R_2S0uHdXTMPNU641,2,2,2,-2,0,0,1,0,1,1,0,2,70,6110f9fd3a01425bd66a1251,1,4
4/22/2024 21:42,4/22/2024 21:47,0,100,255,1,4/22/2024 21:47,R_42lCFETOSQCfSLd,1,2,1,-1,1,0,1,2,3,2,0,1,70,60eec0367a7cc5ea6ed0e099,0,0
4/22/2024 21:44,4/22/2024 21:47,0,100,124,1,4/22/2024 21:47,R_7L077BEl1WVhTkJ,2,1,2,-2,1,1,1,0,3,2,2,2,85,660453c9877e571d12b555f7,0,2
4/22/2024 21:44,4/22/2024 21:47,0,100,155,1,4/22/2024 21:47,R_2zbteAfoVMSUYGy,1,1,1,-1,0,1,0,2,3,2,2,1,60,58e48d4d1a964e00019a57b5,0,1
4/22/2024 21:44,4/22/2024 21:47,0,100,168,1,4/22/2024 21:47,R_4GdmtNr1DZ0ZFZd,-1,1,-1,1,0,0,1,0,1,2,2,1,70,638e2eed82fa613f2140ba13,0,0
4/22/2024 21:46,4/22/2024 21:47,0,100,70,1,4/22/2024 21:47,R_3mQnANK2seZzKmq,2,2,2,-2,0,0,2,0,3,2,0,1,95,65c8d3a3a7dc9db70e310557,1,2
4/22/2024 21:45,4/22/2024 21:47,0,100,124,1,4/22/2024 21:47,R_3h9nx37K3nsKKz7,2,2,2,-2,1,2,2,0,3,0,0,1,100,5e3b0defeab8663234a735c0,0,1
4/22/2024 21:44,4/22/2024 21:47,0,100,202,1,4/22/2024 21:47,R_32xzuA7fBKo3DXr,2,2,2,-2,0,0,1,2,3,2,2,0,95,5ec705b09b469614f8418b27,0,3
4/22/2024 21:46,4/22/2024 21:47,0,100,78,1,4/22/2024 21:47,R_2PpSrREDy5GDnjT,1,1,1,-1,3,0,0,2,1,1,1,0,65,5b4b0e8d94020800016323ed,0,1
4/22/2024 21:45,4/22/2024 21:48,0,100,176,1,4/22/2024 21:48,R_4KTpNMb3Edh4te3,1,2,2,-2,0,1,1,0,1,2,2,2,95,65d1edb5d6a7505e08e064b3,0,4
4/22/2024 21:46,4/22/2024 21:49,0,100,168,1,4/22/2024 21:49,R_2SADkgoH04Tv9SZ,2,-2,1,-2,3,2,0,2,0,0,1,0,100,64139d773ac9a0278d479b1c,1,0
4/22/2024 21:46,4/22/2024 21:49,0,100,210,1,4/22/2024 21:49,R_3O8r3yLPu2HGYFo,0,1,1,-1,0,1,0,0,3,2,1,1,60,5b07e80e9d397e0001919fba,0,2
4/22/2024 21:46,4/22/2024 21:49,0,100,176,1,4/22/2024 21:49,R_2NG479gFKAPQl8J,2,2,2,-2,0,2,2,2,2,1,0,0,90,659ea8c8d23b231204a14e63,0,0
4/22/2024 21:46,4/22/2024 21:49,0,100,192,1,4/22/2024 21:49,R_2t8rkpTrmC7lFAt,0,1,1,1,1,0,0,2,3,1,0,0,85,5ede80a7316c240fc78b6f6a,0,1
4/22/2024 21:48,4/22/2024 21:50,0,100,116,1,4/22/2024 21:50,R_2L1DxM0W0cG1fGP,2,2,2,-1,3,2,1,2,0,0,2,0,90,63b80a8b220f924d975670bc,1,1
4/22/2024 21:48,4/22/2024 21:50,0,100,143,1,4/22/2024 21:50,R_1tM6bAu7sDuHRLb,2,2,2,-2,3,0,1,0,0,2,2,1,100,5e0f443e8205266652153f5e,1,1
4/22/2024 21:48,4/22/2024 21:50,0,100,107,1,4/22/2024 21:50,R_1CwU4O5DWZ0agCT,1,1,1,-2,2,1,1,1,0,2,0,0,85,652c23ad28f2f3506085a1c2,0,4
4/22/2024 21:48,4/22/2024 21:51,0,100,134,1,4/22/2024 21:51,R_5dlWZqhwCRTV5ce,2,2,1,-2,0,1,0,1,3,1,2,2,90,5c75c7c92c662600014eb328,0,3
4/22/2024 21:50,4/22/2024 21:51,0,100,71,1,4/22/2024 21:51,R_55FVfpgx0039IOR,0,0,0,0,1,1,1,0,3,2,2,0,75,60c5165878a82f763c29536a,0,2
4/22/2024 21:49,4/22/2024 21:51,0,100,136,1,4/22/2024 21:51,R_8GDS4RDf6IqZTUn,1,1,2,-2,1,1,0,1,3,0,1,0,85,60fd7e8ba4ce504c0ad86690,1,4
4/22/2024 21:50,4/22/2024 21:53,0,100,174,1,4/22/2024 21:53,R_1RaVBjw7uybXK9k,2,2,1,-2,0,1,0,1,0,0,0,0,90,5fa01b6003aed3026366571c,1,4
4/22/2024 21:51,4/22/2024 21:53,0,100,112,1,4/22/2024 21:53,R_5Mf7Qv9h5l9onC1,2,2,2,-2,0,2,2,1,2,0,0,0,65,5b4cb0ebcf1ead0001fd8a7c,1,2
4/22/2024 21:51,4/22/2024 21:54,0,100,182,1,4/22/2024 21:54,R_1qsArT04HrSwsi6,2,2,2,-2,0,0,0,0,2,2,2,2,85,5c98c51774cc7f0001e67c8c,1,3
4/22/2024 21:51,4/22/2024 21:55,0,100,248,1,4/22/2024 21:55,R_5D5PErJSBNI3F4t,2,2,2,-2,2,1,2,1,0,2,1,2,75,647f99680ecd4f7712a8c8f9,0,3
4/22/2024 21:49,4/22/2024 21:56,0,100,437,1,4/22/2024 21:56,R_3rigghB8ZW056VL,2,2,2,-2,0,2,2,2,3,0,1,1,95,62d2bca2c9485e173382c839,1,4
4/22/2024 22:01,4/22/2024 22:02,0,100,54,1,4/22/2024 22:02,R_4ffMJ1ES2kscyr7,2,2,2,-1,0,1,2,2,1,1,0,0,100,60061a88cef0ed96c3a26e58,0,1
4/22/2024 22:02,4/22/2024 22:04,0,100,64,1,4/22/2024 22:04,R_2ilEj3XWanMO94b,2,2,2,-2,1,1,0,0,2,0,1,2,90,5ea0c2b2d1a9320c004f2969,0,1
4/22/2024 22:03,4/22/2024 22:04,0,100,65,1,4/22/2024 22:04,R_4qrqhtNcjMChCyK,1,1,1,-1,2,0,2,2,3,2,0,0,85,58b99fcaf814e400015249bc,0,0
4/22/2024 22:03,4/22/2024 22:06,0,100,204,1,4/22/2024 22:06,R_7Mrjc7LzDghMKnt,2,2,2,-2,0,1,1,1,0,0,0,0,75,5e28e735ea776009d4d15c34,0,0
4/22/2024 22:04,4/22/2024 22:06,0,100,154,1,4/22/2024 22:06,R_51oLImWeMwrbUoU,2,2,2,-2,1,1,2,0,1,1,0,2,85,628e24c80b3e2b2e0d7a5af1,1,3
4/22/2024 22:07,4/22/2024 22:08,0,100,69,1,4/22/2024 22:08,R_6tbPIvP2JXFQncj,2,2,2,-2,1,2,0,0,2,1,2,1,75,5aeb078c1447960001fb64c7,1,0
4/22/2024 22:11,4/22/2024 22:12,0,100,66,1,4/22/2024 22:12,R_1gSF8TdsNqBITvQ,1,1,1,-1,0,1,0,0,2,2,1,2,80,63ed50df25d0ea08696b393f,0,1
4/22/2024 22:13,4/22/2024 22:14,0,100,80,1,4/22/2024 22:14,R_8Si9d8mMa6aJbwh,2,2,2,-1,0,2,1,1,3,0,2,2,85,572230173fbc810011c58a38,1,3
4/22/2024 22:13,4/22/2024 22:15,0,100,79,1,4/22/2024 22:15,R_2iGJVf74sf0rNLj,2,2,2,-2,0,2,0,0,3,1,2,2,80,631f8ac6a3465a389d2a398c,0,3
4/22/2024 22:14,4/22/2024 22:15,0,100,112,1,4/22/2024 22:15,R_741LvdQCrpajxXk,2,2,1,-2,1,2,2,0,0,0,0,1,100,5e7a2c8990574006b633ec09,1,2
4/22/2024 22:15,4/22/2024 22:17,0,100,122,1,4/22/2024 22:17,R_5mxa7s14c8zxGob,2,2,2,-2,2,1,0,2,0,2,2,1,80,632222532c12ab0ab7ca00bd,1,1
4/22/2024 22:11,4/22/2024 22:17,0,100,368,1,4/22/2024 22:17,R_7dKMWbHV1YgBTSL,2,2,2,-2,1,2,2,2,0,0,0,1,80,62e40abe71c1b7e395e9bf4a,1,1
4/22/2024 22:16,4/22/2024 22:18,0,100,123,1,4/22/2024 22:18,R_2pLuLJ8ewDUrQmh,2,2,2,-2,0,1,1,1,3,2,0,2,90,59e8a9b1d838ae0001850c89,1,4
4/22/2024 22:16,4/22/2024 22:19,0,100,154,1,4/22/2024 22:19,R_4KVIzncfwPxVfIR,1,2,1,2,0,2,2,0,3,1,0,1,100,640239e99e1aca6cf18a2b87,0,2
4/22/2024 22:18,4/22/2024 22:19,0,100,79,1,4/22/2024 22:19,R_3Vf3dIOmydYQ2Dw,2,2,2,-2,2,2,0,2,0,0,1,1,95,56f699e876348f000c883bba,1,1
4/22/2024 22:19,4/22/2024 22:20,0,100,55,1,4/22/2024 22:20,R_1iHJRzpCvFsYE1z,1,2,1,-1,0,0,0,2,3,2,2,1,65,60ba366b3792b3b40b6716bc,0,2
4/22/2024 22:17,4/22/2024 22:20,0,100,194,1,4/22/2024 22:20,R_1TVic5d6Bnff6U1,1,1,1,-1,0,1,0,2,0,1,1,2,100,65ac4161479fdc244d165aa6,1,4
4/22/2024 22:17,4/22/2024 22:21,0,100,188,1,4/22/2024 22:21,R_5QGaIkUZ03rC2mq,1,1,1,-1,3,0,1,0,0,1,2,2,75,603b7527efab507a7a9208d0,0,0
4/22/2024 22:17,4/22/2024 22:21,0,100,242,1,4/22/2024 22:21,R_6QcI7ZrxdWDpCRd,1,2,2,-2,3,1,0,2,0,0,2,1,95,65fb039ac70d0817d16edae3,0,3
4/22/2024 22:20,4/22/2024 22:24,0,100,254,1,4/22/2024 22:24,R_6UgzYI1kPOYEH13,2,2,2,-2,0,2,0,1,0,0,2,0,100,63d45b37f8f7c19c1dce7c5d,0,0
4/22/2024 22:23,4/22/2024 22:27,0,100,210,1,4/22/2024 22:27,R_2zARsnHWUVgYp8J,2,2,0,-2,1,1,1,0,3,0,0,0,100,5f639c21192b540a86e6e559,0,3
4/22/2024 22:43,4/22/2024 22:46,0,100,155,1,4/22/2024 22:46,R_4uFq5YlvLOOm9kl,2,2,2,-2,1,1,1,0,3,2,1,0,75,65aa3c081d2203deb4d2d4fc,1,0
