StartDate,EndDate,RecordedDate,turkid,condid,condition,replicate,included,DV_1,DV_2,DV_3,DV_4,DV_4_R,illusory_beliefs_index,best_duration,best_frequency,best_content,best_location,worst_duration,worst_frequency,worst_content,worst_location,prob_superiority
4/22/2024 21:09,4/22/2024 21:10,4/22/2024 21:10,5797bc9aad1a6c000146818c,0,Flat,3,TRUE,1,1,0,1,-1,3.75,0,0,0,0,3,2,2,1,100
4/22/2024 21:09,4/22/2024 21:11,4/22/2024 21:11,5d790c98242bbf0017c128ee,1,Increasing,3,TRUE,1,1,1,1,-1,4,1,1,0,0,3,2,0,2,90
4/22/2024 21:10,4/22/2024 21:11,4/22/2024 21:11,661ad945491cd64549e37d48,1,Increasing,2,TRUE,2,1,1,2,-2,4.5,1,1,2,2,0,2,0,1,100
4/22/2024 21:11,4/22/2024 21:12,4/22/2024 21:12,6626a85637fc8e874d77d5ae,0,Flat,2,TRUE,1,1,1,1,-1,4,1,0,0,1,3,0,0,2,85
4/22/2024 21:12,4/22/2024 21:13,4/22/2024 21:13,5f58c1e77a127b04f512baed,1,Increasing,1,TRUE,2,2,1,1,-1,4.5,0,2,0,2,3,2,0,0,85
4/22/2024 21:12,4/22/2024 21:13,4/22/2024 21:13,60fc7b8dca87b4a87786220b,0,Flat,3,TRUE,2,1,1,1,-1,4.25,0,1,1,1,2,0,0,2,90
4/22/2024 21:13,4/22/2024 21:14,4/22/2024 21:14,5db21a3cad248e000dae8bc2,1,Increasing,4,TRUE,2,2,1,1,-1,4.5,0,2,0,2,3,2,2,0,90
4/22/2024 21:13,4/22/2024 21:15,4/22/2024 21:15,6277d9826e1cc6280aab7f0d,1,Increasing,1,TRUE,1,1,1,1,-1,4,0,2,0,0,3,2,2,2,85
4/22/2024 21:14,4/22/2024 21:16,4/22/2024 21:16,59ada0805ea0f30001281732,1,Increasing,1,TRUE,2,2,2,2,-2,5,0,1,1,2,3,2,2,0,90
4/22/2024 21:14,4/22/2024 21:16,4/22/2024 21:16,5dd6abf622749763a10324ec,1,Increasing,4,TRUE,2,2,2,2,-2,5,2,2,1,0,3,1,2,1,80
4/22/2024 21:14,4/22/2024 21:16,4/22/2024 21:16,55dd078350a1f7001090e238,0,Flat,4,TRUE,2,2,2,2,-2,5,3,1,0,2,0,2,2,2,90
4/22/2024 21:15,4/22/2024 21:17,4/22/2024 21:17,5e3d2ab94aebac111b5f6cd2,0,Flat,3,TRUE,2,2,0,1,-1,4.25,1,1,2,1,3,2,1,0,80
4/22/2024 21:15,4/22/2024 21:17,4/22/2024 21:17,65537e3626cba7aec5f01cfb,0,Flat,1,TRUE,2,1,-1,-0,0,3.5,3,1,1,1,3,1,0,0,60
4/22/2024 21:16,4/22/2024 21:17,4/22/2024 21:17,5c67e30581ea8900018ae0d0,1,Increasing,1,TRUE,2,1,2,-0,0,4.25,0,1,0,2,3,2,2,0,85
4/22/2024 21:16,4/22/2024 21:17,4/22/2024 21:17,5c288e65867f660001ae8f36,0,Flat,2,TRUE,2,1,2,1,-1,4.5,0,1,0,1,3,2,2,0,65
4/22/2024 21:15,4/22/2024 21:17,4/22/2024 21:17,60cfc32c983f7aa662977d76,0,Flat,3,TRUE,1,1,1,1,-1,4,0,0,1,0,3,2,2,1,95
4/22/2024 21:16,4/22/2024 21:17,4/22/2024 21:17,5eea1be10e95520beb9fa654,0,Flat,4,TRUE,2,2,2,2,-2,5,0,1,1,0,3,2,2,1,100
4/22/2024 21:16,4/22/2024 21:18,4/22/2024 21:18,653fcf588ab0516beb4bf546,0,Flat,1,TRUE,-1,1,0,-1,1,2.75,3,0,1,0,2,2,2,2,55
4/22/2024 21:16,4/22/2024 21:18,4/22/2024 21:18,606b45db446b01c659706420,0,Flat,4,TRUE,2,2,2,2,-2,5,1,1,0,2,0,2,0,1,95
4/22/2024 21:17,4/22/2024 21:19,4/22/2024 21:19,5f6b027e6eae971e2fa13594,0,Flat,3,TRUE,1,1,1,-0,0,3.75,1,0,0,2,3,0,1,0,80
4/22/2024 21:17,4/22/2024 21:19,4/22/2024 21:19,57f18e976c19420001438a1b,0,Flat,1,TRUE,2,2,2,2,-2,5,0,2,0,2,2,1,2,2,70
4/22/2024 21:17,4/22/2024 21:19,4/22/2024 21:19,5dfe77c2f9e750afd4f58dda,0,Flat,0,TRUE,1,1,1,1,-1,4,0,1,1,0,3,0,0,1,100
4/22/2024 21:18,4/22/2024 21:19,4/22/2024 21:19,5e78c6725088ab44b24e2545,1,Increasing,4,TRUE,2,2,2,2,-2,5,3,0,1,1,0,0,0,0,90
4/22/2024 21:18,4/22/2024 21:20,4/22/2024 21:20,60db72d01883744645ec3b10,0,Flat,3,TRUE,0,0,0,-1,1,2.75,2,0,0,2,1,2,1,1,50
4/22/2024 21:19,4/22/2024 21:20,4/22/2024 21:20,606ee8f52a168c78fda80c23,1,Increasing,4,TRUE,2,2,2,2,-2,5,0,0,1,2,3,2,2,0,100
4/22/2024 21:19,4/22/2024 21:20,4/22/2024 21:20,5d56e5a6ed4dff00155112ea,0,Flat,1,TRUE,2,2,1,1,-1,4.5,2,1,0,0,0,0,2,1,85
4/22/2024 21:17,4/22/2024 21:20,4/22/2024 21:20,572685c4f2a83f000d6aecee,1,Increasing,4,TRUE,0,0,0,-0,0,3,2,0,1,0,0,1,2,2,65
4/22/2024 21:17,4/22/2024 21:20,4/22/2024 21:20,6019a575bd484911682112eb,1,Increasing,3,TRUE,2,2,2,1,-1,4.75,2,2,2,0,3,0,0,2,100
4/22/2024 21:19,4/22/2024 21:21,4/22/2024 21:21,5ed52e37266235094a3abcf4,1,Increasing,1,TRUE,2,2,1,1,-1,4.5,1,1,1,2,3,2,0,0,50
4/22/2024 21:20,4/22/2024 21:21,4/22/2024 21:21,5e282e43266894a3e79a6eaa,0,Flat,0,TRUE,1,1,1,1,-1,4,0,2,2,0,3,0,0,1,90
4/22/2024 21:20,4/22/2024 21:22,4/22/2024 21:22,62fb88be841f0dcba3db01ff,0,Flat,3,TRUE,1,1,0,-2,2,3,2,2,1,1,0,0,2,0,70
4/22/2024 21:18,4/22/2024 21:22,4/22/2024 21:22,6140bf6523a8f20a2ea1e417,1,Increasing,4,TRUE,1,1,1,1,-1,4,0,2,1,2,3,1,2,0,60
4/22/2024 21:21,4/22/2024 21:22,4/22/2024 21:22,60730cdbbc89ec27b9cc7acd,0,Flat,4,TRUE,2,2,2,2,-2,5,3,0,0,0,2,2,2,1,85
4/22/2024 21:21,4/22/2024 21:22,4/22/2024 21:22,640103805957bbf6a1326ed0,0,Flat,0,TRUE,-1,0,-1,-0,0,2.5,1,0,1,1,3,2,2,2,65
4/22/2024 21:20,4/22/2024 21:22,4/22/2024 21:22,5d163efd53b9bb0017117638,1,Increasing,3,TRUE,2,2,2,2,-2,5,1,1,2,0,0,1,0,1,85
4/22/2024 21:21,4/22/2024 21:23,4/22/2024 21:23,60db3eeb564183360082d3a7,0,Flat,0,TRUE,2,2,2,1,-1,4.75,2,1,0,0,3,0,2,1,85
4/22/2024 21:21,4/22/2024 21:23,4/22/2024 21:23,5fa69d14787b502edb9a305f,0,Flat,3,TRUE,2,2,2,2,-2,5,0,2,0,0,1,0,1,0,100
4/22/2024 21:21,4/22/2024 21:23,4/22/2024 21:23,5f7d155adbf2561f33d35e60,1,Increasing,2,TRUE,2,2,2,2,-2,5,3,2,2,1,0,0,0,2,100
4/22/2024 21:22,4/22/2024 21:23,4/22/2024 21:23,5b96b497169b86000125198e,1,Increasing,4,TRUE,-2,2,2,2,-2,4,1,0,1,0,3,0,0,1,100
4/22/2024 21:20,4/22/2024 21:23,4/22/2024 21:23,5c0c0c78d56d2200015ad04f,1,Increasing,3,TRUE,2,1,1,1,-1,4.25,1,0,1,1,0,0,0,0,90
4/22/2024 21:22,4/22/2024 21:24,4/22/2024 21:24,628f6f85d192d1fee0014ef0,0,Flat,2,TRUE,2,2,1,1,-1,4.5,3,0,0,0,0,2,0,1,85
4/22/2024 21:20,4/22/2024 21:24,4/22/2024 21:24,5788c16f275be600013590a8,0,Flat,0,TRUE,1,1,1,-0,0,3.75,0,1,1,2,1,1,1,1,65
4/22/2024 21:22,4/22/2024 21:24,4/22/2024 21:24,5ec1a76a903b335cae864ca8,1,Increasing,0,TRUE,1,1,1,2,-2,4.25,0,2,0,1,3,0,2,2,70
4/22/2024 21:23,4/22/2024 21:24,4/22/2024 21:24,5e03f04a6e8aabebb72e52c5,0,Flat,3,TRUE,2,2,2,2,-2,5,0,0,0,2,3,2,2,0,95
4/22/2024 21:23,4/22/2024 21:24,4/22/2024 21:24,5fcfa3168335430d143b4431,1,Increasing,4,TRUE,1,2,2,-0,0,4.25,1,1,0,2,0,0,2,2,85
4/22/2024 21:23,4/22/2024 21:24,4/22/2024 21:24,63d10f0e868986d890b2c5ba,1,Increasing,4,TRUE,2,2,1,-1,1,4,3,0,0,0,1,1,2,1,80
4/22/2024 21:23,4/22/2024 21:24,4/22/2024 21:24,60fd5177025610c34abe7a14,1,Increasing,3,TRUE,2,2,2,2,-2,5,1,1,0,2,3,2,1,1,90
4/22/2024 21:23,4/22/2024 21:25,4/22/2024 21:25,60be1ea6b06c026c3531e0f5,1,Increasing,0,TRUE,-1,0,0,1,-1,3,1,0,1,0,3,2,0,1,85
4/22/2024 21:22,4/22/2024 21:25,4/22/2024 21:25,5c1431dcd47b0000014a16ad,1,Increasing,4,TRUE,2,2,2,2,-2,5,1,0,2,2,3,0,0,0,95
4/22/2024 21:23,4/22/2024 21:25,4/22/2024 21:25,6525f403858fe5cdc54aa01f,1,Increasing,1,TRUE,1,1,1,1,-1,4,3,1,2,1,0,2,1,0,75
4/22/2024 21:22,4/22/2024 21:25,4/22/2024 21:25,6521c291a7839c9271a13af8,0,Flat,0,TRUE,1,1,1,1,-1,4,1,0,1,2,3,2,2,1,100
4/22/2024 21:22,4/22/2024 21:25,4/22/2024 21:25,5e0a26284acfb92ba3532ff4,0,Flat,1,TRUE,1,2,1,1,-1,4.25,0,2,2,2,1,1,1,2,80
4/22/2024 21:24,4/22/2024 21:25,4/22/2024 21:25,5c76474e3348af00159191e4,0,Flat,2,TRUE,2,2,2,2,-2,5,1,1,1,0,3,2,0,1,75
4/22/2024 21:22,4/22/2024 21:25,4/22/2024 21:25,63d4079b9f81c5da3433f4b8,1,Increasing,0,TRUE,1,1,2,1,-1,4.25,0,1,0,2,3,2,2,1,90
4/22/2024 21:24,4/22/2024 21:25,4/22/2024 21:25,63ea44a0adefd2af8e13015c,0,Flat,0,TRUE,1,2,1,2,-2,4.5,0,2,1,2,3,0,0,0,75
4/22/2024 21:19,4/22/2024 21:25,4/22/2024 21:25,5d869a57c38e8100012f3c29,0,Flat,3,TRUE,2,1,0,-1,1,3.5,2,0,0,0,0,2,1,2,80
4/22/2024 21:24,4/22/2024 21:25,4/22/2024 21:25,6447a3d08660f56db643d925,0,Flat,0,TRUE,1,1,1,1,-1,4,0,1,0,0,1,2,2,2,85
4/22/2024 21:25,4/22/2024 21:26,4/22/2024 21:26,5bd6c7a7abc5ee00017a5928,0,Flat,4,TRUE,2,2,1,2,-2,4.75,1,1,1,0,3,2,2,1,85
4/22/2024 21:24,4/22/2024 21:26,4/22/2024 21:26,64355650160b57904c13cf3e,0,Flat,1,TRUE,-1,-1,-1,-1,1,2,2,0,2,0,3,2,1,1,60
4/22/2024 21:24,4/22/2024 21:26,4/22/2024 21:26,63062f7d8fb591eee9806333,0,Flat,2,TRUE,0,1,0,1,-1,3.5,1,2,0,0,0,0,1,1,80
4/22/2024 21:23,4/22/2024 21:26,4/22/2024 21:26,5b7af69d2f3fc30001374190,0,Flat,1,TRUE,1,1,1,1,-1,4,3,2,0,0,0,0,2,2,90
4/22/2024 21:24,4/22/2024 21:26,4/22/2024 21:26,60de11d08bb67fc2a1e19c6a,1,Increasing,3,TRUE,1,1,1,1,-1,4,2,1,1,0,0,0,2,1,85
4/22/2024 21:25,4/22/2024 21:26,4/22/2024 21:26,5e64d9d36e2ba1249699e520,0,Flat,1,TRUE,2,2,2,2,-2,5,1,1,1,2,2,2,2,1,95
4/22/2024 21:24,4/22/2024 21:26,4/22/2024 21:26,60b85becc8a6814025bc03f6,0,Flat,0,TRUE,2,2,2,2,-2,5,0,1,0,0,3,2,1,1,95
4/22/2024 21:25,4/22/2024 21:26,4/22/2024 21:26,613a587c12eb153c16c310c2,0,Flat,4,TRUE,1,2,2,2,-2,4.75,0,0,0,2,1,2,2,0,100
4/22/2024 21:25,4/22/2024 21:27,4/22/2024 21:27,5977986837d15f00016f1d08,1,Increasing,3,TRUE,2,2,2,2,-2,5,1,0,1,0,2,1,0,1,100
4/22/2024 21:25,4/22/2024 21:27,4/22/2024 21:27,5b50f81d2a4d0c0001adcf15,0,Flat,0,TRUE,1,2,-1,1,-1,3.75,0,1,1,1,1,2,2,0,60
4/22/2024 21:25,4/22/2024 21:27,4/22/2024 21:27,654d27f44a41fb507d44bb1a,0,Flat,4,TRUE,-1,0,0,-1,1,2.5,1,1,1,0,0,0,0,1,85
4/22/2024 21:26,4/22/2024 21:27,4/22/2024 21:27,5e80e70d3c00ce7d6fdb69ef,1,Increasing,2,TRUE,1,2,2,2,-2,4.75,0,0,2,1,2,1,0,0,100
4/22/2024 21:25,4/22/2024 21:27,4/22/2024 21:27,57a980098eccbc0001f3a131,0,Flat,3,TRUE,2,1,1,2,-2,4.5,1,2,1,0,0,0,1,0,95
4/22/2024 21:25,4/22/2024 21:27,4/22/2024 21:27,5849916abb147f0001786ac5,0,Flat,4,TRUE,1,1,1,2,-2,4.25,2,0,0,0,0,0,1,1,100
4/22/2024 21:25,4/22/2024 21:27,4/22/2024 21:27,5cc29fbea548c00018afb7a0,1,Increasing,3,TRUE,1,2,2,2,-2,4.75,1,2,2,0,0,0,1,1,85
4/22/2024 21:25,4/22/2024 21:27,4/22/2024 21:27,5d545c4618ca41001c7c3268,1,Increasing,4,TRUE,2,2,1,2,-2,4.75,2,1,1,1,3,2,0,0,95
4/22/2024 21:25,4/22/2024 21:27,4/22/2024 21:27,631a0fe0eb6a5b8c1f501d22,0,Flat,0,TRUE,2,2,1,1,-1,4.5,1,1,1,1,0,0,0,0,75
4/22/2024 21:22,4/22/2024 21:27,4/22/2024 21:27,6565fff05ec125a5ff77a77c,0,Flat,4,TRUE,2,2,2,2,-2,5,2,2,0,2,3,2,2,0,85
4/22/2024 21:26,4/22/2024 21:27,4/22/2024 21:27,5eefae66afa4e549ac714f73,1,Increasing,3,TRUE,2,2,2,2,-2,5,1,2,0,0,3,2,2,1,75
4/22/2024 21:25,4/22/2024 21:27,4/22/2024 21:27,57bba6d30cc6ca00014421a3,1,Increasing,4,TRUE,2,2,2,2,-2,5,2,1,1,0,3,0,0,1,85
4/22/2024 21:27,4/22/2024 21:28,4/22/2024 21:28,6018851ceec02b15576038a1,1,Increasing,4,TRUE,2,2,2,2,-2,5,1,0,1,1,3,0,0,0,100
4/22/2024 21:27,4/22/2024 21:28,4/22/2024 21:28,5c96c61d9e64c70001944a5e,0,Flat,3,TRUE,1,2,1,1,-1,4.25,0,1,0,0,1,0,2,2,80
4/22/2024 21:25,4/22/2024 21:28,4/22/2024 21:28,5fb04d7b18107a403a5e77c8,1,Increasing,3,TRUE,2,2,1,2,-2,4.75,1,2,0,0,0,0,0,0,85
4/22/2024 21:25,4/22/2024 21:28,4/22/2024 21:28,5d960ffd35a770001a9a0592,0,Flat,4,TRUE,2,2,1,2,-2,4.75,0,2,0,0,2,0,0,2,85
4/22/2024 21:27,4/22/2024 21:28,4/22/2024 21:28,5b7da2499fcd3c000118f680,0,Flat,0,TRUE,1,1,2,1,-1,4.25,1,1,0,2,3,2,2,1,90
4/22/2024 21:27,4/22/2024 21:28,4/22/2024 21:28,59dd90f6e75b450001a68dac,0,Flat,3,TRUE,2,2,2,2,-2,5,1,2,0,2,0,0,1,0,100
4/22/2024 21:28,4/22/2024 21:28,4/22/2024 21:28,62b4388226967b3994d79da1,1,Increasing,4,TRUE,1,1,1,2,-2,4.25,1,2,2,0,3,0,2,1,70
4/22/2024 21:27,4/22/2024 21:29,4/22/2024 21:29,65670c117388e6de56a878a7,0,Flat,2,TRUE,2,2,2,2,-2,5,0,0,0,0,3,2,2,0,90
4/22/2024 21:28,4/22/2024 21:29,4/22/2024 21:29,62869a1b7fff9c9a48fe6087,0,Flat,3,TRUE,1,0,0,-1,1,3,0,0,0,0,3,2,2,1,90
4/22/2024 21:26,4/22/2024 21:29,4/22/2024 21:29,651981427b3e6e5ab4661353,1,Increasing,2,TRUE,1,2,1,2,-2,4.5,0,0,0,0,3,2,0,0,90
4/22/2024 21:28,4/22/2024 21:29,4/22/2024 21:29,5e93b11003fcc31e98668579,0,Flat,4,TRUE,2,2,2,2,-2,5,0,1,1,0,1,2,2,2,100
4/22/2024 21:28,4/22/2024 21:29,4/22/2024 21:29,634da1de877425cde2d72511,1,Increasing,1,TRUE,2,2,2,2,-2,5,2,2,2,1,0,0,1,0,95
4/22/2024 21:27,4/22/2024 21:29,4/22/2024 21:29,5ccdf9035bcd0800188417d3,0,Flat,3,TRUE,2,2,1,2,-2,4.75,0,2,1,1,3,1,2,0,85
4/22/2024 21:25,4/22/2024 21:29,4/22/2024 21:29,57bae671dec5910001467ffd,1,Increasing,3,TRUE,2,2,2,-2,2,4,0,2,1,0,1,1,0,2,70
4/22/2024 21:28,4/22/2024 21:29,4/22/2024 21:29,5b9f707da0e8f30001a17cba,1,Increasing,4,TRUE,2,2,2,2,-2,5,3,0,0,2,0,2,2,0,100
4/22/2024 21:28,4/22/2024 21:29,4/22/2024 21:29,65bf9c9c8371681a1f91f4c9,0,Flat,2,TRUE,2,2,2,2,-2,5,0,0,0,0,0,2,2,2,90
4/22/2024 21:28,4/22/2024 21:29,4/22/2024 21:29,5f217ef0c4020b08c27ece21,0,Flat,0,TRUE,2,2,2,2,-2,5,3,0,2,2,0,2,0,0,85
4/22/2024 21:28,4/22/2024 21:30,4/22/2024 21:30,650ff8970c12627940c83d7f,0,Flat,4,TRUE,0,0,0,-0,0,3,1,1,0,0,3,2,2,1,70
4/22/2024 21:27,4/22/2024 21:30,4/22/2024 21:30,65dda7df0179f928c72e3475,0,Flat,4,TRUE,2,2,2,2,-2,5,0,2,1,0,0,0,0,1,85
4/22/2024 21:28,4/22/2024 21:30,4/22/2024 21:30,5974d96dfc0cf30001fa0917,0,Flat,0,TRUE,1,2,1,1,-1,4.25,1,1,1,0,0,2,0,0,65
4/22/2024 21:28,4/22/2024 21:30,4/22/2024 21:30,661a8ecba0431701ec6f0c29,1,Increasing,4,TRUE,1,1,2,1,-1,4.25,2,0,0,2,3,2,2,0,75
4/22/2024 21:28,4/22/2024 21:30,4/22/2024 21:30,62a0de4f72feb48895b1e4e8,1,Increasing,4,TRUE,2,2,2,2,-2,5,1,1,0,2,0,0,1,0,65
4/22/2024 21:28,4/22/2024 21:30,4/22/2024 21:30,5f525ab3d904fa4e38e01772,1,Increasing,2,TRUE,2,2,1,2,-2,4.75,3,0,1,0,0,1,0,1,100
4/22/2024 21:27,4/22/2024 21:30,4/22/2024 21:30,5a56222f8e6259000175b271,1,Increasing,4,TRUE,2,2,1,2,-2,4.75,0,0,2,1,0,0,0,0,95
4/22/2024 21:29,4/22/2024 21:30,4/22/2024 21:30,662004840cf5731b955a2d0f,0,Flat,1,TRUE,1,2,1,1,-1,4.25,1,2,1,0,0,1,0,0,75
4/22/2024 21:29,4/22/2024 21:30,4/22/2024 21:30,5a7cb83a000dab00018c530b,1,Increasing,0,TRUE,2,2,2,2,-2,5,0,1,0,0,3,2,2,1,100
4/22/2024 21:29,4/22/2024 21:30,4/22/2024 21:30,60eb7a4e37a7b08a26f2e8ef,1,Increasing,2,TRUE,2,2,2,2,-2,5,2,1,1,1,0,0,0,2,80
4/22/2024 21:28,4/22/2024 21:30,4/22/2024 21:30,5dac2415bb24a50017217397,1,Increasing,0,TRUE,2,2,2,2,-2,5,1,2,1,1,3,0,0,0,85
4/22/2024 21:28,4/22/2024 21:30,4/22/2024 21:30,5e3ec50d45df2e1192e3be84,0,Flat,2,TRUE,1,2,1,1,-1,4.25,1,0,2,1,3,1,0,0,75
4/22/2024 21:29,4/22/2024 21:30,4/22/2024 21:30,60ef416bf0b42b5595e4f4c0,0,Flat,3,TRUE,1,1,1,1,-1,4,1,1,1,2,3,2,2,0,75
4/22/2024 21:30,4/22/2024 21:31,4/22/2024 21:31,61507c30291069d83501fdad,1,Increasing,3,TRUE,1,1,1,1,-1,4,1,1,1,1,3,2,2,2,80
4/22/2024 21:25,4/22/2024 21:31,4/22/2024 21:31,54d14828fdf99b06cf9214c7,1,Increasing,2,TRUE,2,2,2,2,-2,5,3,1,2,0,1,0,0,1,85
4/22/2024 21:30,4/22/2024 21:31,4/22/2024 21:31,5d542c3a5af5900019bc80c4,1,Increasing,3,TRUE,2,2,2,2,-2,5,0,2,2,0,3,0,0,2,100
4/22/2024 21:30,4/22/2024 21:31,4/22/2024 21:31,5b88002a7bb9e90001f0703f,0,Flat,3,TRUE,1,1,1,1,-1,4,1,0,0,0,3,2,2,2,90
4/22/2024 21:24,4/22/2024 21:31,4/22/2024 21:31,652d7f42ece5cec67355a4b8,1,Increasing,0,TRUE,-2,-2,-2,-2,2,1,0,0,0,0,3,2,2,1,100
4/22/2024 21:29,4/22/2024 21:31,4/22/2024 21:31,5a93e14b89de8200013ebd26,1,Increasing,0,TRUE,2,1,1,1,-1,4.25,1,1,0,2,3,0,1,1,80
4/22/2024 21:29,4/22/2024 21:31,4/22/2024 21:31,5fb3d0c3f2ff18016df4934d,0,Flat,2,TRUE,1,1,1,1,-1,4,3,0,0,2,3,2,1,0,80
4/22/2024 21:29,4/22/2024 21:31,4/22/2024 21:31,5c1813d5d2790700010a718f,1,Increasing,2,TRUE,1,2,1,2,-2,4.5,3,0,0,1,1,1,2,0,75
4/22/2024 21:29,4/22/2024 21:31,4/22/2024 21:31,632b63afb2925ec0b40d0f3d,0,Flat,0,TRUE,2,1,1,2,-2,4.5,1,0,0,2,3,1,2,0,90
4/22/2024 21:30,4/22/2024 21:31,4/22/2024 21:31,5bc127e62c0e6700013f2a08,0,Flat,4,TRUE,1,1,1,1,-1,4,1,0,1,0,3,2,2,1,80
4/22/2024 21:29,4/22/2024 21:31,4/22/2024 21:31,5ed91ca79e50c2472f4045a2,0,Flat,4,TRUE,1,2,1,1,-1,4.25,1,0,1,0,2,1,0,0,100
4/22/2024 21:28,4/22/2024 21:31,4/22/2024 21:31,60314709a11bc805094d9628,1,Increasing,4,TRUE,2,1,2,2,-2,4.75,3,1,2,2,0,0,0,0,90
4/22/2024 21:29,4/22/2024 21:31,4/22/2024 21:31,603f5a050ff5a80e5d1ca9df,1,Increasing,1,TRUE,2,2,2,2,-2,5,3,1,0,1,2,0,2,2,100
4/22/2024 21:29,4/22/2024 21:31,4/22/2024 21:31,5d692cf290cade0018695dfb,0,Flat,0,TRUE,1,2,1,1,-1,4.25,0,0,0,1,1,1,1,0,80
4/22/2024 21:29,4/22/2024 21:31,4/22/2024 21:31,605e1045db1e78400f8121dc,1,Increasing,4,TRUE,2,2,2,2,-2,5,3,0,1,0,0,0,2,1,95
4/22/2024 21:30,4/22/2024 21:32,4/22/2024 21:32,61671a9d42eb53946faa44c2,0,Flat,0,TRUE,1,1,0,-1,1,3.25,2,1,1,2,3,0,2,1,90
4/22/2024 21:30,4/22/2024 21:32,4/22/2024 21:32,63d3fa5f9ca6d38022920258,1,Increasing,2,TRUE,2,2,1,1,-1,4.5,3,0,1,0,0,2,2,1,85
4/22/2024 21:30,4/22/2024 21:32,4/22/2024 21:32,660d5572c059afcbc587f8ac,1,Increasing,3,TRUE,2,2,2,2,-2,5,2,1,0,1,0,0,1,0,85
4/22/2024 21:29,4/22/2024 21:32,4/22/2024 21:32,611e8bbe52b050f81208f7ea,1,Increasing,3,TRUE,1,2,-1,2,-2,4,0,2,0,2,3,2,2,1,70
4/22/2024 21:31,4/22/2024 21:32,4/22/2024 21:32,61446a1ecda939d3c22d9787,0,Flat,3,TRUE,1,1,1,1,-1,4,2,1,1,1,0,0,0,0,95
4/22/2024 21:30,4/22/2024 21:32,4/22/2024 21:32,660b059ffb57359f06e0cb5b,1,Increasing,1,TRUE,2,2,2,2,-2,5,0,2,1,2,3,2,2,0,100
4/22/2024 21:31,4/22/2024 21:32,4/22/2024 21:32,6361661d1e9f0ed11a83645c,0,Flat,4,TRUE,2,2,2,2,-2,5,0,2,0,1,3,0,0,0,70
4/22/2024 21:29,4/22/2024 21:32,4/22/2024 21:32,63b726bd148ea7d9910f50d2,1,Increasing,4,TRUE,2,2,2,2,-2,5,0,1,0,2,0,0,0,0,95
4/22/2024 21:29,4/22/2024 21:32,4/22/2024 21:32,6277fa58c449d119007f774e,1,Increasing,1,TRUE,2,2,2,2,-2,5,2,1,1,2,0,2,0,2,100
4/22/2024 21:30,4/22/2024 21:32,4/22/2024 21:32,5d67fe32070cbd0001d15ffd,0,Flat,3,TRUE,1,1,1,1,-1,4,1,2,0,2,3,0,1,1,100
4/22/2024 21:30,4/22/2024 21:32,4/22/2024 21:32,62c4447bf90fc4b646c59a62,1,Increasing,2,TRUE,2,1,1,2,-2,4.5,1,1,1,2,3,0,2,0,75
4/22/2024 21:31,4/22/2024 21:33,4/22/2024 21:33,5beb492b5324b10001c26ae8,1,Increasing,1,TRUE,2,2,2,2,-2,5,2,0,2,1,0,2,1,0,90
4/22/2024 21:30,4/22/2024 21:33,4/22/2024 21:33,5c913839a6e0aa00162c2ca5,1,Increasing,2,TRUE,2,2,2,2,-2,5,3,1,0,2,0,2,2,1,85
4/22/2024 21:32,4/22/2024 21:33,4/22/2024 21:33,5f3c2b8810877fa56a972b96,0,Flat,1,TRUE,1,1,0,-0,0,3.5,0,1,2,0,1,1,1,2,50
4/22/2024 21:29,4/22/2024 21:33,4/22/2024 21:33,608ee492d63622f9f4d5306f,1,Increasing,0,TRUE,1,1,1,1,-1,4,3,0,0,1,0,0,0,0,65
4/22/2024 21:30,4/22/2024 21:33,4/22/2024 21:33,5b91a7f012fa940001a30997,1,Increasing,1,TRUE,1,1,1,1,-1,4,1,0,1,0,1,0,0,1,75
4/22/2024 21:32,4/22/2024 21:33,4/22/2024 21:33,5f057c7f3f3bf0000b446bb9,1,Increasing,1,TRUE,1,1,0,-2,2,3,0,1,0,0,3,1,2,1,80
4/22/2024 21:32,4/22/2024 21:33,4/22/2024 21:33,60eacff7b678411f44e11a12,0,Flat,2,TRUE,1,1,0,1,-1,3.75,1,1,0,0,3,2,2,2,70
4/22/2024 21:32,4/22/2024 21:33,4/22/2024 21:33,59ce4b5519d3170001b1d4cb,1,Increasing,2,TRUE,2,2,1,1,-1,4.5,2,1,0,1,0,2,2,0,85
4/22/2024 21:32,4/22/2024 21:33,4/22/2024 21:33,5b2973a08c745200013b84ae,0,Flat,3,TRUE,2,2,2,2,-2,5,1,0,0,0,2,1,0,1,90
4/22/2024 21:30,4/22/2024 21:33,4/22/2024 21:33,5ed69d3e9ef2ea0e828d06b6,0,Flat,3,TRUE,2,2,2,2,-2,5,0,2,0,0,3,2,2,1,65
4/22/2024 21:31,4/22/2024 21:33,4/22/2024 21:33,58bc46e24cdfd90001778235,1,Increasing,0,TRUE,2,2,2,1,-1,4.75,0,1,0,2,1,2,2,0,85
4/22/2024 21:32,4/22/2024 21:33,4/22/2024 21:33,5f737193245fcd0967d7ced5,1,Increasing,2,TRUE,2,2,1,2,-2,4.75,2,0,2,1,3,1,1,1,85
4/22/2024 21:32,4/22/2024 21:33,4/22/2024 21:33,597f88ce7b7b850001fa4f3d,0,Flat,1,TRUE,2,2,2,2,-2,5,2,0,0,0,3,2,2,2,85
4/22/2024 21:32,4/22/2024 21:34,4/22/2024 21:34,5ef8aa9b55ec476081b348bf,1,Increasing,4,TRUE,0,2,1,1,-1,4,1,1,0,0,3,2,2,2,85
4/22/2024 21:32,4/22/2024 21:34,4/22/2024 21:34,634e5e65098e5d120efa7ec7,0,Flat,0,TRUE,0,-1,-1,-1,1,2.25,1,1,0,2,3,2,1,1,60
4/22/2024 21:31,4/22/2024 21:34,4/22/2024 21:34,62fccb9647eb07d62e9b6baa,1,Increasing,2,TRUE,2,2,2,2,-2,5,3,0,0,0,0,2,2,1,100
4/22/2024 21:30,4/22/2024 21:34,4/22/2024 21:34,60c961dd88bde0638e8ee828,1,Increasing,2,TRUE,1,1,1,1,-1,4,1,0,2,2,0,1,0,0,90
4/22/2024 21:32,4/22/2024 21:34,4/22/2024 21:34,599f00c54d25e800012fc9a6,1,Increasing,0,TRUE,2,2,2,2,-2,5,2,1,0,2,0,0,2,0,90
4/22/2024 21:31,4/22/2024 21:34,4/22/2024 21:34,6310a8ab841ddd69c4fc330c,0,Flat,0,TRUE,1,1,1,1,-1,4,1,1,1,2,3,2,2,1,85
4/22/2024 21:32,4/22/2024 21:34,4/22/2024 21:34,5e64fc338ebdaf26e332aec0,1,Increasing,2,TRUE,2,2,0,2,-2,4.5,0,1,2,2,0,0,0,0,100
4/22/2024 21:33,4/22/2024 21:34,4/22/2024 21:34,61533356ce435e5a4a4addd0,1,Increasing,1,TRUE,2,2,2,1,-1,4.75,0,2,2,2,3,0,1,1,100
4/22/2024 21:33,4/22/2024 21:34,4/22/2024 21:34,60aecded93eb495d413a482b,0,Flat,1,TRUE,2,2,2,2,-2,5,1,0,1,0,3,2,2,2,95
4/22/2024 21:33,4/22/2024 21:34,4/22/2024 21:34,6323f6da8ff5d9cd85b0ffc7,0,Flat,3,TRUE,1,2,1,-1,1,3.75,0,0,1,2,1,1,0,0,90
4/22/2024 21:33,4/22/2024 21:35,4/22/2024 21:35,616c4a95398b06c2c85b32ed,0,Flat,3,TRUE,2,2,2,2,-2,5,1,1,0,0,3,2,2,2,100
4/22/2024 21:33,4/22/2024 21:35,4/22/2024 21:35,5c0430c71a20110001e9b05a,1,Increasing,3,TRUE,2,1,1,2,-2,4.5,0,0,0,1,3,2,2,0,90
4/22/2024 21:32,4/22/2024 21:35,4/22/2024 21:35,63d40219337fe37c8de6582f,1,Increasing,2,TRUE,1,2,1,1,-1,4.25,1,2,0,2,0,2,2,2,80
4/22/2024 21:34,4/22/2024 21:35,4/22/2024 21:35,5f24978b3b9626088ac0eeb7,1,Increasing,2,TRUE,2,2,2,2,-2,5,0,2,0,2,1,1,2,1,80
4/22/2024 21:33,4/22/2024 21:35,4/22/2024 21:35,6508dcd4c44b2c8ff9e0a22f,1,Increasing,2,TRUE,2,1,1,2,-2,4.5,0,0,1,2,3,2,2,0,95
4/22/2024 21:31,4/22/2024 21:35,4/22/2024 21:35,5fb6a7d5e6359309c20a5c74,0,Flat,4,TRUE,0,1,1,-0,0,3.5,0,0,0,0,3,1,2,1,65
4/22/2024 21:33,4/22/2024 21:35,4/22/2024 21:35,5efe4e2fc349d8346273c2af,1,Increasing,0,TRUE,1,1,1,1,-1,4,1,1,1,2,3,0,0,1,80
4/22/2024 21:33,4/22/2024 21:35,4/22/2024 21:35,63edf5db7358db4fabaf9c46,0,Flat,2,TRUE,2,2,2,2,-2,5,1,2,0,2,3,0,2,0,90
4/22/2024 21:33,4/22/2024 21:35,4/22/2024 21:35,5da9bb00ef4ab500179c645f,0,Flat,4,TRUE,2,2,2,2,-2,5,1,0,0,1,0,2,0,0,70
4/22/2024 21:32,4/22/2024 21:35,4/22/2024 21:35,5af9d543672ea800010d8e0f,0,Flat,4,TRUE,2,2,2,2,-2,5,0,1,1,0,2,0,0,1,90
4/22/2024 21:33,4/22/2024 21:35,4/22/2024 21:35,5d9029dab1a0f00017dac7b9,0,Flat,4,TRUE,2,1,2,1,-1,4.5,0,0,1,0,3,2,0,1,85
4/22/2024 21:32,4/22/2024 21:35,4/22/2024 21:35,6458d490b2d0e59c52be7fe7,1,Increasing,4,TRUE,2,2,2,1,-1,4.75,1,0,1,0,3,2,2,1,90
4/22/2024 21:32,4/22/2024 21:35,4/22/2024 21:35,60ddab537d232b409e648869,0,Flat,3,TRUE,1,1,1,1,-1,4,1,1,2,2,3,2,0,2,85
4/22/2024 21:35,4/22/2024 21:35,4/22/2024 21:35,5b55f0867c0c5e0001635ee3,0,Flat,3,TRUE,1,1,1,2,-2,4.25,1,0,1,0,3,2,0,1,90
4/22/2024 21:34,4/22/2024 21:36,4/22/2024 21:36,5f1d33793e85b262ec88556e,0,Flat,0,TRUE,1,1,1,1,-1,4,1,0,0,2,0,2,2,0,95
4/22/2024 21:34,4/22/2024 21:36,4/22/2024 21:36,5d3caf9429130a00015cd0e3,0,Flat,0,TRUE,1,2,1,1,-1,4.25,0,1,0,2,3,2,1,0,90
4/22/2024 21:34,4/22/2024 21:36,4/22/2024 21:36,60cf67593474c7e125a74db1,1,Increasing,4,TRUE,2,2,2,2,-2,5,2,0,2,1,0,1,0,0,85
4/22/2024 21:33,4/22/2024 21:36,4/22/2024 21:36,60aa16c68f8b93c186c5465b,1,Increasing,0,TRUE,2,2,2,2,-2,5,0,1,1,2,1,0,0,0,80
4/22/2024 21:35,4/22/2024 21:36,4/22/2024 21:36,648377e2d90103fb05768d81,1,Increasing,0,TRUE,2,2,2,2,-2,5,0,1,2,0,3,2,0,1,90
4/22/2024 21:34,4/22/2024 21:36,4/22/2024 21:36,6100847ffe10a3e5deac42f9,0,Flat,4,TRUE,2,2,2,2,-2,5,0,0,1,1,3,2,2,0,85
4/22/2024 21:34,4/22/2024 21:36,4/22/2024 21:36,57e7e2cb91b7fc00014953a0,0,Flat,4,TRUE,1,2,1,1,-1,4.25,1,2,0,2,3,2,2,0,95
4/22/2024 21:34,4/22/2024 21:36,4/22/2024 21:36,5ecd41b94c2e85070cdafa60,0,Flat,2,TRUE,2,2,2,2,-2,5,1,1,1,1,0,0,2,0,95
4/22/2024 21:35,4/22/2024 21:36,4/22/2024 21:36,629e2c4c7cd3c55c174dd297,1,Increasing,2,TRUE,2,2,2,2,-2,5,2,1,2,0,0,2,0,2,90
4/22/2024 21:30,4/22/2024 21:36,4/22/2024 21:36,63222295ea5d2f98b7296aae,0,Flat,3,TRUE,2,2,2,2,-2,5,1,2,0,2,3,2,1,1,80
4/22/2024 21:32,4/22/2024 21:36,4/22/2024 21:36,5617203c5c62cf0005822f0c,0,Flat,4,TRUE,2,2,1,1,-1,4.5,1,0,0,2,2,1,1,0,90
4/22/2024 21:34,4/22/2024 21:36,4/22/2024 21:36,616b8139551b94321313af3e,1,Increasing,1,TRUE,2,2,0,2,-2,4.5,3,0,1,2,0,0,0,0,100
4/22/2024 21:34,4/22/2024 21:37,4/22/2024 21:37,6150520d0e7c916e822a0021,1,Increasing,0,TRUE,2,2,2,2,-2,5,1,1,2,0,0,0,0,0,85
4/22/2024 21:35,4/22/2024 21:37,4/22/2024 21:37,5ea7fede5d7e961ed4cc296f,1,Increasing,4,TRUE,2,2,2,2,-2,5,1,1,1,1,0,0,2,2,95
4/22/2024 21:35,4/22/2024 21:37,4/22/2024 21:37,602e85c76e51baa166315eb8,1,Increasing,0,TRUE,1,1,1,-0,0,3.75,1,0,0,2,3,1,0,0,75
4/22/2024 21:35,4/22/2024 21:37,4/22/2024 21:37,5d1a70c42ba4ad0001d622e1,1,Increasing,3,TRUE,2,2,2,2,-2,5,1,1,0,2,3,0,1,2,95
4/22/2024 21:35,4/22/2024 21:37,4/22/2024 21:37,604bd866aaf76cee7a7af909,1,Increasing,2,TRUE,2,1,2,2,-2,4.75,0,2,0,0,3,1,0,2,90
4/22/2024 21:36,4/22/2024 21:37,4/22/2024 21:37,5aaa73e3f8a57d00010fe416,1,Increasing,1,TRUE,1,0,-1,-1,1,2.75,3,2,2,0,0,0,1,2,65
4/22/2024 21:36,4/22/2024 21:37,4/22/2024 21:37,62a7970f8387f3fcc95b106b,0,Flat,0,TRUE,2,2,2,2,-2,5,2,2,1,1,2,1,2,0,80
4/22/2024 21:32,4/22/2024 21:37,4/22/2024 21:37,5cd959b304748d001819f233,0,Flat,1,TRUE,2,2,2,2,-2,5,1,0,0,1,1,0,1,2,100
4/22/2024 21:36,4/22/2024 21:37,4/22/2024 21:37,5f57be602095072bb238a7ab,1,Increasing,4,TRUE,2,2,2,2,-2,5,0,1,1,0,1,0,0,2,70
4/22/2024 21:36,4/22/2024 21:38,4/22/2024 21:38,63469fc8c286d78c8b7ab1d4,0,Flat,1,TRUE,1,1,1,1,-1,4,0,2,1,2,1,2,2,0,80
4/22/2024 21:35,4/22/2024 21:38,4/22/2024 21:38,62d1a6654ae9878390a97f5e,1,Increasing,3,TRUE,2,2,2,2,-2,5,1,1,1,0,3,0,0,1,80
4/22/2024 21:36,4/22/2024 21:38,4/22/2024 21:38,60db380112e336c6450e22ce,1,Increasing,0,TRUE,1,2,2,1,-1,4.5,1,1,0,1,3,2,1,0,95
4/22/2024 21:35,4/22/2024 21:38,4/22/2024 21:38,60d717617a4504ac6321d635,1,Increasing,2,TRUE,2,2,2,2,-2,5,0,1,2,1,1,2,1,0,100
4/22/2024 21:37,4/22/2024 21:38,4/22/2024 21:38,634b26ce0aaab507fa36b71c,1,Increasing,4,TRUE,2,2,2,2,-2,5,2,0,1,1,3,2,0,0,100
4/22/2024 21:34,4/22/2024 21:38,4/22/2024 21:38,610bf00d1942d359434ebfb3,0,Flat,0,TRUE,1,2,1,1,-1,4.25,3,0,2,1,0,1,2,2,80
4/22/2024 21:36,4/22/2024 21:38,4/22/2024 21:38,5d128b2090265e00159ba969,0,Flat,2,TRUE,2,2,2,2,-2,5,2,0,1,0,3,0,0,0,100
4/22/2024 21:36,4/22/2024 21:39,4/22/2024 21:39,647cbfb3ecf2e79ea968eae0,0,Flat,4,TRUE,2,2,2,2,-2,5,0,1,0,1,3,2,2,0,85
4/22/2024 21:37,4/22/2024 21:39,4/22/2024 21:39,5ea06914c2b73202ae7a3f29,0,Flat,2,TRUE,1,1,1,-0,0,3.75,2,1,0,0,1,0,2,2,75
4/22/2024 21:36,4/22/2024 21:39,4/22/2024 21:39,655f5e5d7ee58750ed033dc0,0,Flat,3,TRUE,0,1,1,-1,1,3.25,0,2,0,2,2,1,1,0,70
4/22/2024 21:33,4/22/2024 21:39,4/22/2024 21:39,5ec1b6036575405f2f634581,0,Flat,4,TRUE,2,2,1,2,-2,4.75,1,0,1,2,3,0,0,2,60
4/22/2024 21:37,4/22/2024 21:39,4/22/2024 21:39,601017ce4f1db9279c1f2b7c,0,Flat,1,TRUE,2,2,2,2,-2,5,1,1,1,0,3,2,2,1,95
4/22/2024 21:38,4/22/2024 21:39,4/22/2024 21:39,63e68535d78fc9bb61c3c6b4,0,Flat,0,TRUE,2,1,1,2,-2,4.5,2,2,1,0,0,0,0,1,85
4/22/2024 21:38,4/22/2024 21:39,4/22/2024 21:39,5dcddf9f4d51e40a5292727d,0,Flat,2,TRUE,2,2,2,1,-1,4.75,0,0,1,0,3,2,0,2,100
4/22/2024 21:37,4/22/2024 21:39,4/22/2024 21:39,5caa11e5a15c9800161ad16d,0,Flat,3,TRUE,1,1,-1,-0,0,3.25,0,1,0,0,3,1,2,1,85
4/22/2024 21:37,4/22/2024 21:39,4/22/2024 21:39,60a3fc9540b8da80ae5af067,0,Flat,1,TRUE,1,2,1,1,-1,4.25,0,0,0,0,2,1,1,1,85
4/22/2024 21:37,4/22/2024 21:39,4/22/2024 21:39,5a94a3344eecca0001dd3c52,1,Increasing,4,TRUE,2,2,2,2,-2,5,0,1,1,1,3,2,0,0,100
4/22/2024 21:38,4/22/2024 21:40,4/22/2024 21:40,5b76febccee87f0001f989ac,1,Increasing,0,TRUE,2,2,1,1,-1,4.5,3,0,0,2,0,0,0,0,90
4/22/2024 21:38,4/22/2024 21:40,4/22/2024 21:40,6086ca7ded41075e39973ec1,1,Increasing,3,TRUE,1,1,1,1,-1,4,2,0,0,0,1,0,0,0,75
4/22/2024 21:37,4/22/2024 21:40,4/22/2024 21:40,59d4b503e59146000112e521,0,Flat,0,TRUE,1,2,1,1,-1,4.25,2,1,0,0,3,2,1,1,95
4/22/2024 21:38,4/22/2024 21:40,4/22/2024 21:40,60187851316976127d909f30,1,Increasing,1,TRUE,1,1,1,1,-1,4,0,0,1,1,3,2,0,2,80
4/22/2024 21:38,4/22/2024 21:40,4/22/2024 21:40,643ac28192af48c396d97709,1,Increasing,3,TRUE,2,2,2,2,-2,5,2,2,0,2,0,0,0,2,85
4/22/2024 21:36,4/22/2024 21:40,4/22/2024 21:40,6419db97c911c12d6dacdca1,0,Flat,4,TRUE,1,1,1,1,-1,4,2,2,2,2,2,0,0,0,65
4/22/2024 21:38,4/22/2024 21:40,4/22/2024 21:40,5e0b3d5dbf3d4e3868abc3ea,0,Flat,3,TRUE,1,1,0,-1,1,3.25,1,1,0,0,3,2,2,0,70
4/22/2024 21:39,4/22/2024 21:40,4/22/2024 21:40,65e0c22407b95d6e712ebf0b,0,Flat,0,TRUE,2,2,2,2,-2,5,3,2,2,0,0,0,1,1,100
4/22/2024 21:38,4/22/2024 21:40,4/22/2024 21:40,544e94c4fdf99b50bd30726c,1,Increasing,0,TRUE,2,2,2,2,-2,5,3,0,1,0,3,2,2,1,95
4/22/2024 21:38,4/22/2024 21:40,4/22/2024 21:40,62cca84756bb6c2f41eb7d3c,1,Increasing,4,TRUE,2,2,1,2,-2,4.75,0,0,1,2,3,0,0,1,85
4/22/2024 21:39,4/22/2024 21:41,4/22/2024 21:41,6323548b436fb6bb2948c920,1,Increasing,2,TRUE,1,2,1,1,-1,4.25,2,2,0,0,1,0,0,0,80
4/22/2024 21:38,4/22/2024 21:41,4/22/2024 21:41,627e7e91d0e389328983e765,1,Increasing,4,TRUE,2,2,2,1,-1,4.75,3,0,0,0,2,2,2,1,100
4/22/2024 21:39,4/22/2024 21:41,4/22/2024 21:41,6563b6f294d42b4d11186d27,1,Increasing,0,TRUE,2,2,2,2,-2,5,2,1,1,0,0,0,2,1,100
4/22/2024 21:35,4/22/2024 21:41,4/22/2024 21:41,5be1cc598c6a19000137a503,1,Increasing,4,TRUE,2,2,1,-0,0,4.25,2,1,1,1,0,0,2,0,70
4/22/2024 21:40,4/22/2024 21:41,4/22/2024 21:41,5cf3fc71cf9293001982d4ea,0,Flat,2,TRUE,1,1,0,1,-1,3.75,1,1,1,0,3,2,2,1,80
4/22/2024 21:39,4/22/2024 21:41,4/22/2024 21:41,57698d52688a5c00018d958d,0,Flat,0,TRUE,1,1,1,1,-1,4,1,1,0,0,3,0,2,1,80
4/22/2024 21:38,4/22/2024 21:41,4/22/2024 21:41,593c25fc048d06000182f21b,0,Flat,1,TRUE,2,2,1,2,-2,4.75,2,1,1,0,0,0,2,1,80
4/22/2024 21:37,4/22/2024 21:41,4/22/2024 21:41,652a9d958bce086cb254e37e,1,Increasing,2,TRUE,2,2,1,2,-2,4.75,0,2,0,0,3,1,2,1,100
4/22/2024 21:39,4/22/2024 21:41,4/22/2024 21:41,6613b1e51bb2f4e11dcb5512,0,Flat,3,TRUE,2,2,2,2,-2,5,3,0,1,2,3,1,0,0,85
4/22/2024 21:40,4/22/2024 21:41,4/22/2024 21:41,63b9792032364178f397d92b,0,Flat,0,TRUE,2,2,2,2,-2,5,1,1,0,2,3,2,2,0,90
4/22/2024 21:39,4/22/2024 21:41,4/22/2024 21:41,60b1073cfd6d4ef92a3fed74,1,Increasing,1,TRUE,2,2,2,2,-2,5,0,1,1,2,3,2,0,0,100
4/22/2024 21:37,4/22/2024 21:41,4/22/2024 21:41,63ea4795464cb743d5aa6ddb,1,Increasing,3,TRUE,2,2,2,2,-2,5,2,0,2,1,3,0,0,0,85
4/22/2024 21:40,4/22/2024 21:41,4/22/2024 21:41,60eb11e45f3e9cb0ae58a090,1,Increasing,4,TRUE,2,2,2,2,-2,5,2,1,2,0,0,2,0,1,90
4/22/2024 21:36,4/22/2024 21:42,4/22/2024 21:42,5c5a212b5ed69900019c7e0a,0,Flat,0,TRUE,2,1,2,2,-2,4.75,1,2,2,0,3,0,0,1,50
4/22/2024 21:40,4/22/2024 21:42,4/22/2024 21:42,5ea4ae3d9b5ea646f32bf6ce,1,Increasing,1,TRUE,-1,1,1,1,-1,3.5,0,0,0,0,3,1,2,1,80
4/22/2024 21:40,4/22/2024 21:42,4/22/2024 21:42,6413599b9578c7f923d4b2c2,1,Increasing,3,TRUE,0,-1,-1,-0,0,2.5,2,1,2,2,3,1,2,2,75
4/22/2024 21:40,4/22/2024 21:42,4/22/2024 21:42,5f54d772f5bba984fdf8676e,1,Increasing,4,TRUE,2,2,2,2,-2,5,2,2,1,1,0,0,0,0,80
4/22/2024 21:40,4/22/2024 21:42,4/22/2024 21:42,5f620fdcc464341e830b3866,1,Increasing,0,TRUE,2,2,2,2,-2,5,1,2,0,0,3,0,2,1,95
4/22/2024 21:40,4/22/2024 21:42,4/22/2024 21:42,63d408c9f733440325cfa2cc,0,Flat,0,TRUE,1,2,2,2,-2,4.75,0,0,1,0,3,2,0,0,95
4/22/2024 21:41,4/22/2024 21:42,4/22/2024 21:42,5ccef4423f15b900199e1ec3,1,Increasing,4,TRUE,2,2,2,2,-2,5,3,1,0,0,0,0,2,1,95
4/22/2024 21:40,4/22/2024 21:42,4/22/2024 21:42,5dd31f8e7f1bbf33942dfcbf,0,Flat,2,TRUE,2,2,2,2,-2,5,1,2,1,2,2,2,0,0,90
4/22/2024 21:40,4/22/2024 21:43,4/22/2024 21:43,5d3821f0ddea5a0001757f93,0,Flat,3,TRUE,2,1,2,1,-1,4.5,0,2,0,0,3,2,2,2,90
4/22/2024 21:40,4/22/2024 21:43,4/22/2024 21:43,5cffb12df6c3fb00157b2f39,1,Increasing,0,TRUE,2,2,2,2,-2,5,1,2,0,0,0,0,2,1,70
4/22/2024 21:41,4/22/2024 21:43,4/22/2024 21:43,5a6879cdc0d8360001081410,0,Flat,1,TRUE,1,1,1,1,-1,4,0,1,1,2,1,1,0,0,75
4/22/2024 21:41,4/22/2024 21:43,4/22/2024 21:43,652fdbbe14ff27e2e06b94ea,1,Increasing,2,TRUE,2,2,2,2,-2,5,2,1,0,2,3,2,2,0,90
4/22/2024 21:40,4/22/2024 21:43,4/22/2024 21:43,5d95dfca33f8930017e85486,1,Increasing,4,TRUE,2,2,2,-0,0,4.5,1,0,1,2,3,1,0,1,100
4/22/2024 21:41,4/22/2024 21:43,4/22/2024 21:43,5cba0e35d7ebf300177ff529,1,Increasing,4,TRUE,2,2,2,2,-2,5,0,2,0,1,1,0,0,0,75
4/22/2024 21:40,4/22/2024 21:43,4/22/2024 21:43,576047b3eeb575000715dcdc,1,Increasing,4,TRUE,2,2,2,2,-2,5,0,2,1,0,3,0,2,1,50
4/22/2024 21:41,4/22/2024 21:43,4/22/2024 21:43,612f5766c681a2477789d0f1,1,Increasing,0,TRUE,2,2,1,1,-1,4.5,0,2,0,1,3,0,0,0,90
4/22/2024 21:40,4/22/2024 21:43,4/22/2024 21:43,652fbe161a35986b7fbfc940,0,Flat,3,TRUE,1,2,1,1,-1,4.25,2,0,1,0,0,1,0,2,85
4/22/2024 21:41,4/22/2024 21:43,4/22/2024 21:43,542bdb6dfdf99b324ea37c3a,1,Increasing,4,TRUE,2,2,2,2,-2,5,1,1,2,1,3,2,0,0,80
4/22/2024 21:41,4/22/2024 21:43,4/22/2024 21:43,653fed546a45118a32fe378e,1,Increasing,4,TRUE,2,2,2,2,-2,5,3,0,0,0,0,2,2,1,85
4/22/2024 21:42,4/22/2024 21:44,4/22/2024 21:44,63d79d7e23a410a0bcdb390a,1,Increasing,1,TRUE,2,2,2,2,-2,5,2,2,0,2,0,0,2,0,85
4/22/2024 21:41,4/22/2024 21:44,4/22/2024 21:44,6287818abba6a55b1d5db5c7,0,Flat,3,TRUE,1,2,1,2,-2,4.5,0,2,2,2,3,2,1,1,85
4/22/2024 21:42,4/22/2024 21:44,4/22/2024 21:44,5ea16cb48366db01843ff38b,0,Flat,2,TRUE,2,2,2,2,-2,5,2,0,0,2,0,2,2,1,90
4/22/2024 21:40,4/22/2024 21:44,4/22/2024 21:44,5c745bc320c8520012dcc40c,0,Flat,1,TRUE,1,-1,1,1,-1,3.5,1,1,0,0,3,2,1,1,55
4/22/2024 21:40,4/22/2024 21:44,4/22/2024 21:44,63034df51d918e1e3b97e5ce,0,Flat,3,TRUE,1,2,1,1,-1,4.25,3,0,1,0,1,2,2,1,85
4/22/2024 21:42,4/22/2024 21:44,4/22/2024 21:44,65ccc928efd96247301df0eb,1,Increasing,3,TRUE,1,1,1,1,-1,4,1,1,0,0,0,1,0,0,50
4/22/2024 21:40,4/22/2024 21:44,4/22/2024 21:44,5ed68c770e41400dd0056c55,1,Increasing,3,TRUE,2,2,2,2,-2,5,0,2,0,1,3,0,0,2,75
4/22/2024 21:37,4/22/2024 21:44,4/22/2024 21:44,63d69163ecd60f16ced6c9c4,1,Increasing,0,TRUE,1,1,1,1,-1,4,0,0,1,0,0,0,0,0,75
4/22/2024 21:43,4/22/2024 21:44,4/22/2024 21:44,62e41888387197b61ec6eb6f,0,Flat,0,TRUE,2,2,2,2,-2,5,2,2,1,2,0,2,0,0,55
4/22/2024 21:42,4/22/2024 21:44,4/22/2024 21:44,586fbaa37e187d0001cb36d5,1,Increasing,3,TRUE,2,2,2,2,-2,5,3,2,0,2,0,0,1,0,85
4/22/2024 21:43,4/22/2024 21:45,4/22/2024 21:45,5c8017354f7eca00010a38f2,1,Increasing,3,TRUE,2,2,0,2,-2,4.5,1,2,1,2,0,0,0,0,75
4/22/2024 21:43,4/22/2024 21:45,4/22/2024 21:45,5d604ce86288010001e8df36,0,Flat,4,TRUE,2,NA,1,2,-2,NA,3,0,0,2,3,2,2,1,85
4/22/2024 21:42,4/22/2024 21:45,4/22/2024 21:45,63f77f377db7af5ef02edbc3,1,Increasing,1,TRUE,2,2,2,2,-2,5,0,1,0,2,2,0,2,0,70
4/22/2024 21:43,4/22/2024 21:45,4/22/2024 21:45,5ed5126d5d4199058acbe1e2,0,Flat,2,TRUE,2,1,2,2,-2,4.75,1,0,0,0,1,1,1,2,100
4/22/2024 21:43,4/22/2024 21:45,4/22/2024 21:45,584ab3c31f819a00018695e3,1,Increasing,0,TRUE,2,1,1,-0,0,4,1,1,0,0,0,2,1,2,75
4/22/2024 21:43,4/22/2024 21:45,4/22/2024 21:45,61268bfae35dcb011f6081b5,1,Increasing,0,TRUE,2,2,2,2,-2,5,2,0,2,1,1,0,0,0,95
4/22/2024 21:38,4/22/2024 21:46,4/22/2024 21:46,5c2d4c6a70d93a0001223e5d,0,Flat,4,TRUE,1,2,1,-0,0,4,1,1,1,0,1,1,0,0,65
4/22/2024 21:41,4/22/2024 21:46,4/22/2024 21:46,5e2f2afece5e9a4ef7de8452,1,Increasing,0,TRUE,2,2,2,2,-2,5,1,1,1,1,0,0,2,0,95
4/22/2024 21:44,4/22/2024 21:46,4/22/2024 21:46,6613eaa8e44e25e801f85215,0,Flat,0,TRUE,1,2,1,2,-2,4.5,3,0,0,2,0,2,1,0,85
4/22/2024 21:45,4/22/2024 21:46,4/22/2024 21:46,63d13c9a4c0601c55747e64c,1,Increasing,4,TRUE,2,2,2,2,-2,5,1,2,2,0,3,2,0,1,95
4/22/2024 21:45,4/22/2024 21:46,4/22/2024 21:46,5efe20bbc05e8610f47600f7,0,Flat,0,TRUE,1,1,1,1,-1,4,1,2,1,0,1,2,0,1,85
4/22/2024 21:44,4/22/2024 21:46,4/22/2024 21:46,647b3cefb08f4fda77adccad,0,Flat,3,TRUE,2,2,1,2,-2,4.75,0,2,2,2,3,2,1,2,90
4/22/2024 21:44,4/22/2024 21:46,4/22/2024 21:46,611d3b872fc318bf723e94aa,1,Increasing,0,TRUE,2,1,2,1,-1,4.5,1,1,0,2,0,0,2,0,90
4/22/2024 21:44,4/22/2024 21:46,4/22/2024 21:46,5ddc361a1f179eb823c1f09d,0,Flat,4,TRUE,2,2,2,2,-2,5,1,2,0,0,3,2,2,2,85
4/22/2024 21:44,4/22/2024 21:46,4/22/2024 21:46,5cdd4befd3651c001950e539,0,Flat,3,TRUE,1,1,1,1,-1,4,3,0,1,1,1,1,0,2,80
4/22/2024 21:42,4/22/2024 21:46,4/22/2024 21:46,661e26f936c494878ebc8203,1,Increasing,0,TRUE,2,2,2,2,-2,5,2,1,2,1,0,0,0,0,90
4/22/2024 21:44,4/22/2024 21:46,4/22/2024 21:46,6110f9fd3a01425bd66a1251,1,Increasing,4,TRUE,2,2,2,2,-2,5,0,0,1,0,1,1,0,2,70
4/22/2024 21:42,4/22/2024 21:47,4/22/2024 21:47,60eec0367a7cc5ea6ed0e099,0,Flat,0,TRUE,1,2,1,1,-1,4.25,1,0,1,2,3,2,0,1,70
4/22/2024 21:44,4/22/2024 21:47,4/22/2024 21:47,660453c9877e571d12b555f7,0,Flat,2,TRUE,2,1,2,2,-2,4.75,1,1,1,0,3,2,2,2,85
4/22/2024 21:44,4/22/2024 21:47,4/22/2024 21:47,58e48d4d1a964e00019a57b5,0,Flat,1,TRUE,1,1,1,1,-1,4,0,1,0,2,3,2,2,1,60
4/22/2024 21:44,4/22/2024 21:47,4/22/2024 21:47,638e2eed82fa613f2140ba13,0,Flat,0,TRUE,-1,1,-1,-1,1,2.5,0,0,1,0,1,2,2,1,70
4/22/2024 21:46,4/22/2024 21:47,4/22/2024 21:47,65c8d3a3a7dc9db70e310557,1,Increasing,2,TRUE,2,2,2,2,-2,5,0,0,2,0,3,2,0,1,95
4/22/2024 21:45,4/22/2024 21:47,4/22/2024 21:47,5e3b0defeab8663234a735c0,0,Flat,1,TRUE,2,2,2,2,-2,5,1,2,2,0,3,0,0,1,100
4/22/2024 21:44,4/22/2024 21:47,4/22/2024 21:47,5ec705b09b469614f8418b27,0,Flat,3,TRUE,2,2,2,2,-2,5,0,0,1,2,3,2,2,0,95
4/22/2024 21:46,4/22/2024 21:47,4/22/2024 21:47,5b4b0e8d94020800016323ed,0,Flat,1,TRUE,1,1,1,1,-1,4,3,0,0,2,1,1,1,0,65
4/22/2024 21:45,4/22/2024 21:48,4/22/2024 21:48,65d1edb5d6a7505e08e064b3,0,Flat,4,TRUE,1,2,2,2,-2,4.75,0,1,1,0,1,2,2,2,95
4/22/2024 21:46,4/22/2024 21:49,4/22/2024 21:49,64139d773ac9a0278d479b1c,1,Increasing,0,TRUE,2,-2,1,2,-2,3.75,3,2,0,2,0,0,1,0,100
4/22/2024 21:46,4/22/2024 21:49,4/22/2024 21:49,5b07e80e9d397e0001919fba,0,Flat,2,TRUE,0,1,1,1,-1,3.75,0,1,0,0,3,2,1,1,60
4/22/2024 21:46,4/22/2024 21:49,4/22/2024 21:49,659ea8c8d23b231204a14e63,0,Flat,0,TRUE,2,2,2,2,-2,5,0,2,2,2,2,1,0,0,90
4/22/2024 21:46,4/22/2024 21:49,4/22/2024 21:49,5ede80a7316c240fc78b6f6a,0,Flat,1,TRUE,0,1,1,-1,1,3.25,1,0,0,2,3,1,0,0,85
4/22/2024 21:48,4/22/2024 21:50,4/22/2024 21:50,63b80a8b220f924d975670bc,1,Increasing,1,TRUE,2,2,2,1,-1,4.75,3,2,1,2,0,0,2,0,90
4/22/2024 21:48,4/22/2024 21:50,4/22/2024 21:50,5e0f443e8205266652153f5e,1,Increasing,1,TRUE,2,2,2,2,-2,5,3,0,1,0,0,2,2,1,100
4/22/2024 21:48,4/22/2024 21:50,4/22/2024 21:50,652c23ad28f2f3506085a1c2,0,Flat,4,TRUE,1,1,1,2,-2,4.25,2,1,1,1,0,2,0,0,85
4/22/2024 21:48,4/22/2024 21:51,4/22/2024 21:51,5c75c7c92c662600014eb328,0,Flat,3,TRUE,2,2,1,2,-2,4.75,0,1,0,1,3,1,2,2,90
4/22/2024 21:50,4/22/2024 21:51,4/22/2024 21:51,60c5165878a82f763c29536a,0,Flat,2,TRUE,0,0,0,-0,0,3,1,1,1,0,3,2,2,0,75
4/22/2024 21:49,4/22/2024 21:51,4/22/2024 21:51,60fd7e8ba4ce504c0ad86690,1,Increasing,4,TRUE,1,1,2,2,-2,4.5,1,1,0,1,3,0,1,0,85
4/22/2024 21:50,4/22/2024 21:53,4/22/2024 21:53,5fa01b6003aed3026366571c,1,Increasing,4,TRUE,2,2,1,2,-2,4.75,0,1,0,1,0,0,0,0,90
4/22/2024 21:51,4/22/2024 21:53,4/22/2024 21:53,5b4cb0ebcf1ead0001fd8a7c,1,Increasing,2,TRUE,2,2,2,2,-2,5,0,2,2,1,2,0,0,0,65
4/22/2024 21:51,4/22/2024 21:54,4/22/2024 21:54,5c98c51774cc7f0001e67c8c,1,Increasing,3,TRUE,2,2,2,2,-2,5,0,0,0,0,2,2,2,2,85
4/22/2024 21:51,4/22/2024 21:55,4/22/2024 21:55,647f99680ecd4f7712a8c8f9,0,Flat,3,TRUE,2,2,2,2,-2,5,2,1,2,1,0,2,1,2,75
4/22/2024 21:49,4/22/2024 21:56,4/22/2024 21:56,62d2bca2c9485e173382c839,1,Increasing,4,TRUE,2,2,2,2,-2,5,0,2,2,2,3,0,1,1,95
4/22/2024 22:01,4/22/2024 22:02,4/22/2024 22:02,60061a88cef0ed96c3a26e58,0,Flat,1,TRUE,2,2,2,1,-1,4.75,0,1,2,2,1,1,0,0,100
4/22/2024 22:02,4/22/2024 22:04,4/22/2024 22:04,5ea0c2b2d1a9320c004f2969,0,Flat,1,TRUE,2,2,2,2,-2,5,1,1,0,0,2,0,1,2,90
4/22/2024 22:03,4/22/2024 22:04,4/22/2024 22:04,58b99fcaf814e400015249bc,0,Flat,0,TRUE,1,1,1,1,-1,4,2,0,2,2,3,2,0,0,85
4/22/2024 22:03,4/22/2024 22:06,4/22/2024 22:06,5e28e735ea776009d4d15c34,0,Flat,0,TRUE,2,2,2,2,-2,5,0,1,1,1,0,0,0,0,75
4/22/2024 22:04,4/22/2024 22:06,4/22/2024 22:06,628e24c80b3e2b2e0d7a5af1,1,Increasing,3,TRUE,2,2,2,2,-2,5,1,1,2,0,1,1,0,2,85
4/22/2024 22:07,4/22/2024 22:08,4/22/2024 22:08,5aeb078c1447960001fb64c7,1,Increasing,0,TRUE,2,2,2,2,-2,5,1,2,0,0,2,1,2,1,75
4/22/2024 22:11,4/22/2024 22:12,4/22/2024 22:12,63ed50df25d0ea08696b393f,0,Flat,1,TRUE,1,1,1,1,-1,4,0,1,0,0,2,2,1,2,80
4/22/2024 22:13,4/22/2024 22:14,4/22/2024 22:14,572230173fbc810011c58a38,1,Increasing,3,TRUE,2,2,2,1,-1,4.75,0,2,1,1,3,0,2,2,85
4/22/2024 22:13,4/22/2024 22:15,4/22/2024 22:15,631f8ac6a3465a389d2a398c,0,Flat,3,TRUE,2,2,2,2,-2,5,0,2,0,0,3,1,2,2,80
4/22/2024 22:14,4/22/2024 22:15,4/22/2024 22:15,5e7a2c8990574006b633ec09,1,Increasing,2,TRUE,2,2,1,2,-2,4.75,1,2,2,0,0,0,0,1,100
4/22/2024 22:15,4/22/2024 22:17,4/22/2024 22:17,632222532c12ab0ab7ca00bd,1,Increasing,1,TRUE,2,2,2,2,-2,5,2,1,0,2,0,2,2,1,80
4/22/2024 22:11,4/22/2024 22:17,4/22/2024 22:17,62e40abe71c1b7e395e9bf4a,1,Increasing,1,TRUE,2,2,2,2,-2,5,1,2,2,2,0,0,0,1,80
4/22/2024 22:16,4/22/2024 22:18,4/22/2024 22:18,59e8a9b1d838ae0001850c89,1,Increasing,4,TRUE,2,2,2,2,-2,5,0,1,1,1,3,2,0,2,90
4/22/2024 22:16,4/22/2024 22:19,4/22/2024 22:19,640239e99e1aca6cf18a2b87,0,Flat,2,TRUE,1,2,1,-2,2,3.5,0,2,2,0,3,1,0,1,100
4/22/2024 22:18,4/22/2024 22:19,4/22/2024 22:19,56f699e876348f000c883bba,1,Increasing,1,TRUE,2,2,2,2,-2,5,2,2,0,2,0,0,1,1,95
4/22/2024 22:19,4/22/2024 22:20,4/22/2024 22:20,60ba366b3792b3b40b6716bc,0,Flat,2,TRUE,1,2,1,1,-1,4.25,0,0,0,2,3,2,2,1,65
4/22/2024 22:17,4/22/2024 22:20,4/22/2024 22:20,65ac4161479fdc244d165aa6,1,Increasing,4,TRUE,1,1,1,1,-1,4,0,1,0,2,0,1,1,2,100
4/22/2024 22:17,4/22/2024 22:21,4/22/2024 22:21,603b7527efab507a7a9208d0,0,Flat,0,TRUE,1,1,1,1,-1,4,3,0,1,0,0,1,2,2,75
4/22/2024 22:17,4/22/2024 22:21,4/22/2024 22:21,65fb039ac70d0817d16edae3,0,Flat,3,TRUE,1,2,2,2,-2,4.75,3,1,0,2,0,0,2,1,95
4/22/2024 22:20,4/22/2024 22:24,4/22/2024 22:24,63d45b37f8f7c19c1dce7c5d,0,Flat,0,TRUE,2,2,2,2,-2,5,0,2,0,1,0,0,2,0,100
4/22/2024 22:23,4/22/2024 22:27,4/22/2024 22:27,5f639c21192b540a86e6e559,0,Flat,3,TRUE,2,2,0,2,-2,4.5,1,1,1,0,3,0,0,0,100
4/22/2024 22:43,4/22/2024 22:46,4/22/2024 22:46,65aa3c081d2203deb4d2d4fc,1,Increasing,0,TRUE,2,2,2,2,-2,5,1,1,1,0,3,2,1,0,75
